freq,siec,nrg_cons,unit,tax,currency,geo\TIME_PERIOD	2007-S1 	2007-S2 	2008-S1 	2008-S2 	2009-S1 	2009-S2 	2010-S1 	2010-S2 	2011-S1 	2011-S2 	2012-S1 	2012-S2 	2013-S1 	2013-S2 	2014-S1 	2014-S2 	2015-S1 	2015-S2 	2016-S1 	2016-S2 	2017-S1 	2017-S2 	2018-S1 	2018-S2 	2019-S1 	2019-S2 	2020-S1 	2020-S2 	2021-S1 	2021-S2 	2022-S1 	2022-S2 	2023-S1 	2023-S2 	2024-S1 	2024-S2 	2025-S1 
S,E7000,MWH20-499,KWH,I_TAX,EUR,AL	: 	: 	: 	: 	: 	: 	: 	: 	: 	: 	: 	: 	: 	: 	: 	: 	: 	: 	: 	: 	: 	: 	: 	: 	0.1248 e	: 	0.1245 e	0.1243 e	0.1247 e	0.1263 e	0.1268 	0.1316 	0.1362 e	0.1468 e	0.1503 	0.1551 e	0.1703 
S,E7000,MWH20-499,KWH,I_TAX,EUR,AT	: 	0.1412 	0.1476 	0.144 	0.1601 	0.1588 	0.1545 	0.1547 	0.1547 	0.1555 	0.1533 	0.1568 	0.1587 	0.158 	0.1548 	0.1523 	0.1495 	0.151 	0.1519 	0.149 	0.143 	0.1463 	0.1463 	0.1480 	0.1522 	0.1514 	0.1614 	0.1624 	0.1683 	0.1796 	0.1967 	0.2274 e	0.3110 e	0.3163 e	0.2791 e	0.2693 e	0.2785 e
S,E7000,MWH20-499,KWH,I_TAX,EUR,BA	: 	: 	: 	: 	: 	: 	: 	: 	: 	: 	0.1034 	0.105 	0.1043 	0.1031 	0.1032 	0.1012 	0.102 	0.1012 	0.1003 	0.1005 	0.0984 	0.0995 	0.1016 	0.0981 	0.1029 	0.1027 	0.1061 	0.1061 	0.1042 	0.1041 	0.1018 	0.1205 	0.1150 	0.1147 	0.1173 	0.1207 	0.1448 
S,E7000,MWH20-499,KWH,I_TAX,EUR,BE	: 	0.1435 	0.1706 	0.1728 	0.1605 	0.1547 	0.1562 	0.1584 	0.1721 	0.1743 	0.1762 	0.1801 	0.1749 	0.1729 	0.1705 	0.1742 	0.1706 	0.1759 	0.1803 	0.1895 	0.1939 	0.1869 	0.1727 	0.1841 	0.1923 	0.1848 	0.1872 	0.1821 	0.1888 	0.2159 	0.2834 	0.3551 	0.3130 	0.2875 	0.2507 	0.2560 	0.2800 
S,E7000,MWH20-499,KWH,I_TAX,EUR,BG	: 	0.0767 	0.0767 	0.0874 	0.0879 	0.0864 	0.0854 	0.0851 	0.0864 	0.0929 	0.0953 	0.109 	0.1112 	0.1069 	0.105 	0.1093 	0.1075 	0.1239 	0.1285 	0.1136 	0.1069 	0.1125 	0.1130 	0.1162 	0.1194 	0.1136 	0.1117 	0.1150 	0.1222 	0.1853 	0.2165 	0.2431 	0.1989 	0.1759 	0.1500 	0.1699 	0.1667 
S,E7000,MWH20-499,KWH,I_TAX,EUR,CY	: 	0.1708 	0.19 	0.2213 	0.1701 	0.1807 	0.1996 	0.212 	0.2199 	0.2582 	0.3109 	0.2804 	0.278 	0.2521 	0.2363 	0.2401 	0.1975 	0.1903 	0.155 	0.174 	0.1963 	0.18 	0.1794 	0.2201 	0.2075 	0.2192 	0.1928 	0.1661 	0.1904 	0.2303 	0.2899 	0.3815 	0.3514 	0.3376 	0.3085 	0.3140 	0.2937 
S,E7000,MWH20-499,KWH,I_TAX,EUR,CZ	: 	0.13 	0.1564 	0.1602 	0.1581 	0.1661 	0.1622 	0.1668 	0.1749 	0.1701 	0.1743 	0.1751 	0.179 	0.1781 	0.1515 	0.1507 	0.1459 	0.1481 	0.1411 	0.141 	0.1352 	0.1435 	0.1507 	0.1565 	0.1661 	0.1716 	0.1735 	0.1680 	0.1649 	0.1674 	0.2593 	0.2739 	0.3034 	0.2846 	0.2781 	0.2749 	0.2722 
S,E7000,MWH20-499,KWH,I_TAX,EUR,DE	0.1642 	0.1614 	0.1658 	0.168 	0.174 	0.1752 	0.175 	0.1798 	0.1906 	0.191 	0.1952 	0.1968 	0.2147 	0.2185 	0.2409 	0.2302 	0.2276 	0.2226 	0.2259 	0.2233 	0.2305 	0.2278 	0.2231 	0.2256 	0.2298 	0.2232 	0.2404 	0.2378 	0.2450 	0.2485 	0.2774 	0.2685 	0.2997 	0.3000 	0.3244 	0.3233 	0.3141 
S,E7000,MWH20-499,KWH,I_TAX,EUR,DK	: 	0.2162 	0.2208 	0.234 	0.2133 	0.2203 	0.2352 	0.2374 	0.2514 	0.2435 	0.2491 	0.2519 	0.2598 	0.2571 	0.267 	0.2667 	0.2674 	0.2672 	0.2734 	0.2728 	0.2794 	0.2774 	0.2807 	0.2787 	0.2628 	0.2604 	0.2524 	0.2622 	0.2737 	0.3291 	0.3880 	0.4713 	0.2123 	0.2928 	0.2752 	0.3178 	0.2959 
S,E7000,MWH20-499,KWH,I_TAX,EUR,EA	0.1534 	0.1289 	0.1434 	0.1464 	0.1552 	0.1489 	0.1541 	0.1514 	0.165 	0.167 	0.1741 	0.1761 	0.183 	0.1836 	0.194 	0.1882 	0.1894 	0.1836 	0.1826 	0.1784 	0.1879 	0.1822 	0.1819 	0.1829 	0.1939 	0.1877 	0.1974 	0.1896 	0.2010 	0.2087 	0.2557 	0.2799 	0.3112 	0.2864 	0.2840 	0.2803 	0.2812 
S,E7000,MWH20-499,KWH,I_TAX,EUR,EE	: 	0.0677 	0.0709 	0.0766 	0.0811 	0.0832 	0.0895 	0.0937 	0.0894 	0.0929 	0.0956 	0.1023 	0.124 	0.1249 	0.1163 	0.1197 	0.1141 	0.1178 	0.1118 	0.1153 	0.1124 	0.113 	0.1148 	0.1243 	0.1198 	0.1180 	0.1063 	0.1135 	0.1220 	0.1974 	0.1964 	0.2788 	0.1914 	0.1958 	0.1886 	0.1950 	0.1917 
S,E7000,MWH20-499,KWH,I_TAX,EUR,EL	: 	0.107 	0.115 	0.1237 	0.1296 	0.1263 	0.1291 	0.1379 	0.1449 	0.1507 	0.1613 	0.1653 	0.1777 	0.1821 	0.1924 	0.2057 	0.1933 	0.2105 	0.1434 	0.1672 	0.1627 	0.1792 	0.1632 	0.1627 	0.1569 	0.1534 	0.1492 	0.1536 	0.1682 	0.2556 	0.2855 	0.3468 	0.2782 	0.2412 	0.2146 	0.2482 	0.2522 
S,E7000,MWH20-499,KWH,I_TAX,EUR,ES	: 	0.1342 	0.135 	0.1459 	0.1527 	0.1548 	0.1616 	0.1632 	0.1626 	0.1723 	0.1806 	0.1886 	0.1815 	0.1855 	0.1934 	0.1885 	0.1912 	0.1828 	0.1775 	0.1706 	0.1658 	0.1676 	0.1445 	0.1718 	0.1791 	0.1741 	0.1767 	0.1790 	0.1698 	0.1774 	0.2525 	0.2957 	0.2501 	0.2291 	0.2118 	0.2074 	0.2124 
S,E7000,MWH20-499,KWH,I_TAX,EUR,EU27_2020	0.1438 	0.1278 	0.1406 	0.1443 	0.1502 	0.1458 	0.1511 	0.1493 	0.1614 	0.1621 	0.168 	0.1701 	0.1762 	0.1758 	0.1828 	0.1778 	0.1786 	0.1736 	0.172 	0.1687 	0.1762 	0.1720 	0.1723 	0.1736 	0.1838 	0.1775 	0.1865 	0.1806 	0.1902 	0.2011 	0.2481 	0.2797 	0.3000 	0.2786 	0.2761 	0.2738 	0.2749 
S,E7000,MWH20-499,KWH,I_TAX,EUR,FI	0.0839 	0.0825 	0.0878 	0.0926 	0.095 	0.0943 	0.0972 	0.0979 	0.1077 	0.1083 	0.1081 	0.1084 	0.111 	0.1103 	0.1087 	0.1066 	0.1043 	0.1036 	0.1027 	0.1047 	0.1043 	0.1021 	0.1033 	0.1077 	0.1092 	0.1093 	0.1068 	0.1130 	0.1044 	0.1160 	0.1187 	0.1660 	0.1654 	0.1369 	0.1451 	0.1254 	0.1209 
S,E7000,MWH20-499,KWH,I_TAX,EUR,FR	: 	0.087 	0.1019 	0.0945 	0.1096 	0.1003 	0.1119 	0.1038 	0.1204 	0.1159 	0.1196 	0.1213 	0.1305 	0.1332 	0.1407 	0.1373 	0.1477 	0.1426 	0.1396 	0.1318 	0.1466 	0.1413 	0.1514 	0.1440 	0.1568 	0.1519 	0.1702 	0.1515 	0.1725 	0.1542 	0.1899 	0.1731 	0.3311 	0.2845 	0.2815 	0.2533 	0.2607 
S,E7000,MWH20-499,KWH,I_TAX,EUR,GE	: 	: 	: 	: 	: 	: 	: 	: 	: 	: 	: 	: 	: 	: 	: 	: 	: 	: 	: 	: 	: 	: 	0.0645 	0.0743 	0.0781 	0.0625 	0.0660 	0.0579 	0.0850 	0.0808 	: 	0.1157 	0.1108 	0.1052 	0.0998 	0.0985 	0.1056 
S,E7000,MWH20-499,KWH,I_TAX,EUR,HR	0.0979 	0.097 	0.0963 	0.1212 	0.1206 	0.126 	0.1296 	0.1278 	0.1283 	0.1253 	0.1304 	0.14 	0.1406 	0.1383 	0.1389 	0.1364 	0.1346 	0.1349 	0.1322 	0.1311 	0.1173 	0.1222 	0.1293 	0.1294 	0.1387 	0.1430 	0.1385 	0.1352 	0.1361 	0.1530 	0.2226 	0.3494 	0.3793 	0.2852 	0.2776 	0.2830 	0.2848 
S,E7000,MWH20-499,KWH,I_TAX,EUR,HU	: 	0.1498 	0.1623 	0.1641 	0.1553 	0.153 	0.1367 	0.1307 	0.1387 	0.1443 	0.1369 	0.142 	0.1362 	0.1338 	0.1273 	0.1249 	0.1213 	0.1205 	0.1151 	0.1174 	0.1137 e	0.1148 	0.1253 	0.1240 	0.1415 	0.1400 	0.1443 	0.1396 	0.1369 	0.1489 	0.2155 	0.2935 	0.4141 	0.3669 	0.3144 	0.3248 	0.2945 
S,E7000,MWH20-499,KWH,I_TAX,EUR,IE	: 	0.1569 	0.1576 	0.1757 	0.1695 	0.1594 	0.1551 	0.1532 	0.1485 	0.1706 	0.176 	0.1783 	0.1824 	0.1816 	0.1821 	0.1812 	0.186 	0.1862 	0.1806 	0.1753 	0.1692 	0.1719 	0.1772 	0.1823 	0.1843 	0.1826 	0.1886 	0.1860 	0.2056 	0.2375 	0.2625 	0.3490 	0.3872 	0.3252 	0.3300 	0.3395 	0.3341 
S,E7000,MWH20-499,KWH,I_TAX,EUR,IS	: 	: 	: 	: 	: 	: 	: 	: 	: 	: 	: 	: 	: 	: 	: 	: 	: 	: 	0.0924 	0.0932 	0.1119 p	: 	0.0919 e	0.0878 	0.0888 	0.0873 e	0.0814 e	0.0816 e	0.0723 e	0.1023 e	0.1038 e	0.1114 e	0.1115 e	0.1161 e	0.1272 e	0.1495 e	: 
S,E7000,MWH20-499,KWH,I_TAX,EUR,IT	: 	: 	0.178 	0.1899 	0.1946 	0.181 	0.1837 	0.1798 	0.2024 	0.2204 	0.227 	0.2411 	0.2289 	0.2372 	0.2353 	0.2386 	0.2263 	0.2231 	0.2141 	0.2167 	0.2085 	0.202 	0.1968 	0.1999 	0.2237 	0.2213 	0.2057 	0.1992 	0.2133 	0.2460 	0.3219 	0.4092 	0.3468 	0.3120 	0.2942 	0.3129 	0.3088 
S,E7000,MWH20-499,KWH,I_TAX,EUR,LI	: 	: 	: 	: 	: 	: 	: 	: 	: 	: 	: 	: 	: 	: 	: 	: 	: 	: 	: 	: 	0 	: 	: 	: 	: 	: 	: 	: 	: 	: 	: 	: 	: 	: 	: 	: 	: 
S,E7000,MWH20-499,KWH,I_TAX,EUR,LT	: 	0.1019 	0.1113 	0.1123 	0.122 	0.1112 	0.1326 	0.1354 	0.1379 	0.1383 	0.1455 	0.1454 	0.1563 	0.1568 	0.1492 	0.15 	0.1324 	0.1328 	0.1277 	0.1205 	0.1144 	0.1132 	0.1134 	0.1246 	0.1252 	0.1275 	0.1298 	0.1386 	0.1421 	0.1908 	0.2221 	0.3851 	0.2463 	0.2302 	0.2418 	0.2374 	0.2342 
S,E7000,MWH20-499,KWH,I_TAX,EUR,LU	0.1381 	0.1174 	0.1174 	0.1178 	0.139 	0.1391 	0.1216 	0.1232 	0.1203 	0.1212 	0.1247 	0.1232 	0.1217 	0.1228 	0.1203 	0.1182 	0.111 	0.1112 	0.1093 	0.1098 	0.1094 	0.1072 	0.1118 	0.1147 	0.1199 	0.1201 	0.1269 	0.1267 	0.1290 	0.1323 	0.1638 	0.1747 	0.2791 	0.2594 	0.2362 	0.2304 	0.2659 
S,E7000,MWH20-499,KWH,I_TAX,EUR,LV	: 	0.0846 	0.0903 	0.1071 	0.1161 	0.117 	0.1156 	0.1163 	0.1287 	0.1456 	0.1445 	0.1451 	0.1479 	0.1513 	0.1552 	0.1518 	0.1595 	0.1584 	0.1555 	0.1645 	0.1629 	0.1616 	0.1570 	0.1560 	0.1567 	0.1583 	0.1539 	0.1563 	0.1519 	0.1880 	0.1460 	0.2684 	0.2023 	0.2105 	0.2093 	0.2105 	0.1999 
S,E7000,MWH20-499,KWH,I_TAX,EUR,MD	: 	: 	: 	: 	: 	: 	: 	: 	: 	: 	: 	: 	: 	: 	: 	: 	0.0896 	0.0962 	0.0904 	0.0988 	0.1053 	0.103 	0.1089 	0.1038 	0.1005 	0.1036 	0.1036 	0.0921 	0.0804 	0.0810 	0.0970 	0.1895 	0.1865 	0.1412 	0.1286 	0.1265 	0.2126 
S,E7000,MWH20-499,KWH,I_TAX,EUR,ME	: 	: 	: 	: 	: 	: 	: 	: 	0.1173 	0.1046 	0.1043 	0.1024 	0.1039 	0.1071 	0.1095 	0.107 	0.1081 	0.1063 	0.109 	0.1074 	0.1101 	: 	0.1150 	0.1131 	0.1223 	0.1235 	0.1259 	0.0978 	0.1263 	0.0974 	0.1243 	0.1248 	0.1259 	0.1195 	0.1248 	0.1233 	0.1290 p
S,E7000,MWH20-499,KWH,I_TAX,EUR,MK	: 	: 	: 	: 	: 	: 	: 	: 	: 	: 	: 	: @C	0.1299 	0.1244 	0.1239 	0.1305 	0.1411 	0.1394 	0.1383 	0.1042 	0.0998 	0.099 	0.0997 	0.1025 	0.1051 	0.1073 	0.1087 	0.1071 	0.1101 	0.1935 	0.2383 	0.3621 	0.2249 	0.1555 	0.1365 	0.1923 	0.1657 
S,E7000,MWH20-499,KWH,I_TAX,EUR,MT	: 	0.1353 	0.1354 	0.1852 	0.1722 	0.1496 	0.2095 	0.2112 	0.2098 	0.2104 	0.211 	0.2115 	0.211 	0.2103 	0.2099 	0.2107 	0.1873 	0.1633 	0.1657 	0.1634 	0.1597 	0.16 	0.1596 	0.1600 	0.1593 	0.1596 	0.1593 	0.1596 	0.1594 	0.1640 	0.1595 	0.1678 	0.1644 	0.1636 	0.1705 	0.1587 	0.1581 p
S,E7000,MWH20-499,KWH,I_TAX,EUR,NL	0.157 	0.1461 	0.1489 	0.1431 	0.1874 	0.1473 	0.1753 	0.1338 	0.1669 	0.1293 	0.1715 	0.1305 	0.1771 	0.1348 	0.1751 	0.132 	0.173 	0.1276 	0.1669 	0.1236 	0.1820 	0.1300 	0.1910 	0.1470 	0.1840 	0.1480 	0.1955 	0.1580 	0.2028 	0.1797 	0.2562 	0.2480 	0.3736 	0.3101 	0.3386 	0.3099 	0.3211 
S,E7000,MWH20-499,KWH,I_TAX,EUR,NO	: 	0.096 	0.0995 	0.1085 	0.0996 	0.0998 	0.1334 	0.1189 	0.1415 	0.1149 	0.1177 	0.108 	0.1226 	0.1096 	0.1016 	0.1019 	0.0973 	0.0863 	0.0939 	0.1023 	0.0906 	0.0896 	0.0986 	0.1117 	0.1051 	0.0969 	0.0640 	0.0610 	0.1036 	0.1489 	0.1777 	0.2511 	0.1394 	0.1063 	0.1197 	0.0864 	0.0988 
S,E7000,MWH20-499,KWH,I_TAX,EUR,PL	: 	0.1303 	0.1261 	0.1295 	0.1275 	0.1361 	0.1431 	0.1453 	0.1482 	0.1405 	0.1441 	0.1475 	0.1449 	0.1404 	0.1351 	0.1375 	0.1427 	0.1393 	0.1313 	0.1311 	0.1402 	0.1385 	0.1404 	0.1403 	0.1502 	0.1335 	0.1616 	0.1599 	0.1649 	0.1697 	0.1985 	0.2319 	0.2966 	0.3077 	0.3148 	0.3197 	0.3267 
S,E7000,MWH20-499,KWH,I_TAX,EUR,PT	: 	0.1084 	0.1141 	0.1152 	0.1186 	0.1204 	0.1242 	0.1266 	0.1324 	0.1462 	0.1661 	0.1721 	0.1778 	0.1726 	0.1835 	0.1812 	0.1805 	0.1772 	0.1844 	0.1843 	0.1894 	0.187 	0.1835 	0.1839 	0.1703 	0.1807 	0.1745 	0.1716 	0.1706 	0.1844 	0.1725 	0.1956 	0.1684 	0.1887 	0.1921 	0.2018 	0.2094 
S,E7000,MWH20-499,KWH,I_TAX,EUR,RO	: 	0.1273 	0.1193 	0.129 	0.1158 	0.1158 	0.1215 	0.1217 	0.1252 	0.1259 	0.1222 	0.1264 	0.1531 	0.1382 	0.1317 	0.1211 	0.1226 	0.1192 	0.1115 	0.1091 	0.1057 	0.1072 	0.1119 	0.1161 	0.1275 	0.1339 	0.1422 	0.1389 	0.1361 	0.1643 	0.2866 d	0.4638 d	0.2250 	0.2181 	0.2054 	0.2068 	0.2133 
S,E7000,MWH20-499,KWH,I_TAX,EUR,RS	: 	: 	: 	: 	: 	: 	: 	: 	: 	: 	: 	: 	0.0856 	0.0962 	0.0841 	0.0927 	0.0877 	0.0984 	0.097 	0.0729 	0.0949 	0.1064 	0.1002 	0.1032 	0.1124 	0.1142 	0.1135 	0.1109 	0.1115 	0.1227 	0.1316 	0.1592 	0.1810 	0.1945 	0.1966 	0.1786 	0.1862 
S,E7000,MWH20-499,KWH,I_TAX,EUR,SE	0.0905 	0.0948 	0.1006 	0.1089 	0.0952 	0.0973 	0.1133 	0.1179 	0.1263 	0.1171 	0.1156 	0.113 	0.1114 	0.1084 	0.1022 	0.0968 	0.0903 	0.0877 	0.0894 	0.0955 	0.0954 	0.1 	0.0993 	0.1068 	0.1131 	0.1035 	0.0927 	0.1016 	0.1070 	0.1497 	0.1651 	0.2243 	0.1540 	0.1239 	0.1382 	0.1258 	0.1397 
S,E7000,MWH20-499,KWH,I_TAX,EUR,SI	: 	0.1327 	0.1477 	0.1542 	0.1586 	0.1532 	0.1408 	0.1424 	0.1377 	0.1351 	0.1355 	0.1356 	0.1519 	0.139 	0.1303 	0.1283 	0.1262 	0.1299 	0.1277 	0.1251 	0.1207 	0.1198 	0.1289 	0.1292 	0.1380 	0.1388 	0.1402 	0.1419 	0.1368 	0.1440 	0.1733 	0.2116 	0.2477 	0.2698 	0.2374 	0.2344 	0.1965 
S,E7000,MWH20-499,KWH,I_TAX,EUR,SK	: 	0.1492 	0.1694 	0.181 	0.1994 	0.1991 	0.1727 	0.1754 	0.1804 	0.1811 	0.1878 	0.1861 	0.1823 	0.1841 	0.1694 	0.1687 	0.1655 	0.1657 	0.1621 	0.1613 	0.1596 	0.1576 	0.1617 	0.1650 	0.1768 	0.1812 	0.1849 	0.1856 	0.1812 	0.1900 	0.2780 	0.3113 	0.4080 	0.3677 	0.2717 	0.2857 	0.2618 
S,E7000,MWH20-499,KWH,I_TAX,EUR,TR	: 	0.0789 	0.0831 	0.1026 	0.0943 	0.0974 	0.1105 	0.1133 	0.1005 	0.0942 	0.1087 	0.1182 	0.1149 	0.102 	0.0932 	0.0991 	0.1036 	0.0943 	0.0919 	0.0891 	0.0795 	0.0748 	0.0727 	0.0754 	0.0891 	0.1023 	0.0997 	0.0829 	0.0848 	0.0870 	0.1491 	0.2359 	0.1770 	0.1289 	0.1172 	0.1239 	0.1154 
S,E7000,MWH20-499,KWH,I_TAX,EUR,UA	: 	: 	: 	: 	: 	: 	: 	: 	: 	: 	: 	: 	: 	: 	: 	: 	: 	: 	: 	: 	: 	: 	0.0752 	0.0779 	0.0822 	0.0893 	0.0759 	0.0686 	0.0763 	: 	: 	: 	: 	: 	: 	: 	: 
S,E7000,MWH20-499,KWH,I_TAX,EUR,UK	0.1386 	0.1421 	0.1309 	0.1376 	0.1352 	0.1333 	0.1374 	0.1397 	0.1384 	0.1441 	0.1559 	0.1621 	0.1587 	0.162 	0.1729 	0.1798 	0.2005 	0.2036 	0.1844 	0.1709 	0.1726 	0.1694 	0.1807 	0.1892 	0.1996 	0.2043 	0.2102 	: 	: 	: 	: 	: 	: 	: 	: 	: 	: 
S,E7000,MWH20-499,KWH,I_TAX,EUR,XK	: 	: 	: 	: 	: 	: 	: 	: 	: 	: 	: 	: 	0.0955 	0.0942 	0.0957 	0.1057 	0.1027 	0.1154 	0.0947 	0.1042 	0.102 	0.1069 	0.1013 	0.1018 	0.0874 	0.0881 	0.0878 	0.0897 	0.0874 	0.0889 	0.0892 	0.0894 	0.0961 	0.1041 	0.1019 	0.1001 	: 
S,E7000,MWH20-499,KWH,I_TAX,NAC,AL	: 	: 	: 	: 	: 	: 	: 	: 	: 	: 	: 	: 	: 	: 	: 	: 	: 	: 	: 	: 	: 	: 	: 	: 	15.4560 e	: 	15.3960 e	15.3960 e	15.3720 e	15.3720 e	15.3700 	15.3700 	15.3720 e	15.3720 e	15.3720 	15.3720 e	16.8000 
S,E7000,MWH20-499,KWH,I_TAX,NAC,AT	: 	0.1412 	0.1476 	0.144 	0.1601 	0.1588 	0.1545 	0.1547 	0.1547 	0.1555 	0.1533 	0.1568 	0.1587 	0.158 	0.1548 	0.1523 	0.1495 	0.151 	0.1519 	0.149 	0.143 	0.1463 	0.1463 	0.1480 	0.1522 	0.1514 	0.1614 	0.1624 	0.1683 	0.1796 	0.1967 	0.2274 e	0.3110 e	0.3163 e	0.2791 e	0.2693 e	0.2785 e
S,E7000,MWH20-499,KWH,I_TAX,NAC,BA	: 	: 	: 	: 	: 	: 	: 	: 	: 	: 	0.2027 	0.2058 	0.2044 	0.2021 	0.2022 	0.1984 	0.1995 	0.1979 	0.1962 	0.1965 	0.1924 	0.1947 	0.1988 	0.1918 	0.2013 	0.2009 	0.2076 	0.2076 	0.2038 	0.2036 	0.1991 	0.2356 	0.2249 	0.2243 	0.2293 	0.2360 	0.2831 
S,E7000,MWH20-499,KWH,I_TAX,NAC,BE	: 	0.1435 	0.1706 	0.1728 	0.1605 	0.1547 	0.1562 	0.1584 	0.1721 	0.1743 	0.1762 	0.1801 	0.1749 	0.1729 	0.1705 	0.1742 	0.1706 	0.1759 	0.1803 	0.1895 	0.1939 	0.1869 	0.1727 	0.1841 	0.1923 	0.1848 	0.1872 	0.1821 	0.1888 	0.2159 	0.2834 	0.3551 	0.3130 	0.2875 	0.2507 	0.2560 	0.2800 
S,E7000,MWH20-499,KWH,I_TAX,NAC,BG	: 	0.15 	0.15 	0.171 	0.172 	0.169 	0.167 	0.1664 	0.169 	0.1816 	0.1864 	0.2132 	0.2174 	0.209 	0.2054 	0.2138 	0.2102 	0.2424 	0.2513 	0.2221 	0.209 	0.22 	0.2211 	0.2273 	0.2336 	0.2222 	0.2184 	0.2249 	0.2390 	0.3624 	0.4234 	0.4754 	0.3891 	0.3441 	0.2934 	0.3323 	0.3261 
S,E7000,MWH20-499,KWH,I_TAX,NAC,CY	: 	0.0998 	0.19 	0.2213 	0.1701 	0.1807 	0.1996 	0.212 	0.2199 	0.2582 	0.3109 	0.2804 	0.278 	0.2521 	0.2363 	0.2401 	0.1975 	0.1903 	0.155 	0.174 	0.1963 	0.18 	0.1794 	0.2201 	0.2075 	0.2192 	0.1928 	0.1661 	0.1904 	0.2303 	0.2899 	0.3815 	0.3514 	0.3376 	0.3085 	0.3140 	0.2937 
S,E7000,MWH20-499,KWH,I_TAX,NAC,CZ	: 	3.56 	3.94 	3.96 	4.29 	4.28 	4.174 	4.146 	4.259 	4.2247 	4.3877 	4.3997 	4.6004 	4.6759 	4.159 	4.1617 	4.0136 	4.009 	3.8163 	3.8115 	3.6191 	3.7118 	3.8440 	4.0355 	4.2662 	4.4033 	4.5713 	4.4641 	4.2628 	4.2578 	6.3910 	6.7058 	7.1872 	6.9229 	6.9556 	6.9328 	6.8047 
S,E7000,MWH20-499,KWH,I_TAX,NAC,DE	0.1642 	0.1614 	0.1658 	0.168 	0.174 	0.1752 	0.175 	0.1798 	0.1906 	0.191 	0.1952 	0.1968 	0.2147 	0.2185 	0.2409 	0.2302 	0.2276 	0.2226 	0.2259 	0.2233 	0.2305 	0.2278 	0.2231 	0.2256 	0.2298 	0.2232 	0.2404 	0.2378 	0.2450 	0.2485 	0.2774 	0.2685 	0.2997 	0.3000 	0.3244 	0.3233 	0.3141 
S,E7000,MWH20-499,KWH,I_TAX,NAC,DK	: 	1.6104 	1.6461 	1.7447 	1.5888 	1.64 	1.7502 	1.769 	1.8747 	1.8132 	1.8522 	1.877 	1.9377 	1.9176 	1.9924 	1.9862 	1.9935 	1.9935 	2.037 	2.0297 	2.0776 	2.0643 	2.0909 	2.0789 	1.9618 	1.9446 	1.8842 	1.9515 	2.0356 	2.4478 	2.8867 	3.5063 	1.5810 	2.1829 	2.0524 	2.3708 	2.2077 
S,E7000,MWH20-499,KWH,I_TAX,NAC,EA	: 	0.1358 	0.144 	0.147 	0.1563 	0.1499 	0.1549 	0.1522 	0.1652 	0.1672 	0.1744 	0.1765 	0.1834 	0.184 	0.1943 	0.1885 	0.1895 	0.1837 	0.1828 	0.1787 	: 	: 	: 	: 	: 	: 	: 	: 	: 	: 	: 	: 	: 	: 	: 	: 	: 
S,E7000,MWH20-499,KWH,I_TAX,NAC,EE	: 	1.06 	1.109 	1.198 	1.269 	1.302 	1.401 	1.466 	0.0894 	0.0929 	0.0956 	0.1023 	0.124 	0.1249 	0.1163 	0.1197 	0.1141 	0.1178 	0.1118 	0.1153 	0.1124 	0.113 	0.1148 	0.1243 	0.1198 	0.1180 	0.1063 	0.1135 	0.1220 	0.1974 	0.1964 	0.2788 	0.1914 	0.1958 	0.1886 	0.1950 	0.1917 
S,E7000,MWH20-499,KWH,I_TAX,NAC,EL	: 	0.107 	0.115 	0.1237 	0.1296 	0.1263 	0.1291 	0.1379 	0.1449 	0.1507 	0.1613 	0.1653 	0.1777 	0.1821 	0.1924 	0.2057 	0.1933 	0.2105 	0.1434 	0.1672 	0.1627 	0.1792 	0.1632 	0.1627 	0.1569 	0.1534 	0.1492 	0.1536 	0.1682 	0.2556 	0.2855 	0.3468 	0.2782 	0.2412 	0.2146 	0.2482 	0.2522 
S,E7000,MWH20-499,KWH,I_TAX,NAC,ES	: 	0.1342 	0.135 	0.1459 	0.1527 	0.1548 	0.1616 	0.1632 	0.1626 	0.1723 	0.1806 	0.1886 	0.1815 	0.1855 	0.1934 	0.1885 	0.1912 	0.1828 	0.1775 	0.1706 	0.1658 	0.1676 	0.1445 	0.1718 	0.1791 	0.1741 	0.1767 	0.1790 	0.1698 	0.1774 	0.2525 	0.2957 	0.2501 	0.2291 	0.2118 	0.2074 	0.2124 
S,E7000,MWH20-499,KWH,I_TAX,NAC,FI	0.0839 	0.0825 	0.0878 	0.0926 	0.095 	0.0943 	0.0972 	0.0979 	0.1077 	0.1083 	0.1081 	0.1084 	0.111 	0.1103 	0.1087 	0.1066 	0.1043 	0.1036 	0.1027 	0.1047 	0.1043 	0.1021 	0.1033 	0.1077 	0.1092 	0.1093 	0.1068 	0.1130 	0.1044 	0.1160 	0.1187 	0.1660 	0.1654 	0.1369 	0.1451 	0.1254 	0.1209 
S,E7000,MWH20-499,KWH,I_TAX,NAC,FR	: 	0.087 	0.1019 	0.0945 	0.1096 	0.1003 	0.1119 	0.1038 	0.1204 	0.1159 	0.1196 	0.1213 	0.1305 	0.1332 	0.1407 	0.1373 	0.1477 	0.1426 	0.1396 	0.1318 	0.1466 	0.1413 	0.1514 	0.1440 	0.1568 	0.1519 	0.1702 	0.1515 	0.1725 	0.1542 	0.1899 	0.1731 	0.3311 	0.2845 	0.2815 	0.2533 	0.2607 
S,E7000,MWH20-499,KWH,I_TAX,NAC,GE	: 	: 	: 	: 	: 	: 	: 	: 	: 	: 	: 	: 	: 	: 	: 	: 	: 	: 	: 	: 	: 	: 	0.1925 	0.2227 	0.2387 	0.2034 	0.2205 	0.2179 	0.3404 	0.2931 	: 	0.3258 	0.3110 	0.3026 	0.2918 	0.2917 	0.3204 
S,E7000,MWH20-499,KWH,I_TAX,NAC,HR	0.72 	0.71 	0.7 	0.87 	0.89 	0.92 	0.942 	0.934 	0.949 	0.937 	0.9838 	1.0499 	1.0642 	1.0495 	1.0589 	1.0428 	1.0269 	1.0255 	0.9999 	0.984 	0.874 	0.914 	0.9594 	0.9600 	1.0288 	1.0608 	1.0437 	1.0198 	1.0277 	1.1483 	1.6787 	2.6328 	0.3793 	0.2852 	0.2776 	0.2830 	0.2848 
S,E7000,MWH20-499,KWH,I_TAX,NAC,HU	: 	37.8 	41.16 	40.98 	45.0361 	41.48 	37.13 	36.4822 	37.3776 	41.7338 	40.4324 	40.1998 	40.3125 	39.8321 	39.0858 	38.7587 	37.3111 	37.6332 	35.985 	36.4226 	35.1768 e	35.4618 	39.3715 	40.1295 	45.3322 	46.2126 	49.8424 	49.8592 	49.0111 	53.4852 	80.8699 	119.4874 	157.6254 	140.4470 	122.5508 	130.1603 	119.1537 
S,E7000,MWH20-499,KWH,I_TAX,NAC,IE	: 	0.1569 	0.1576 	0.1757 	0.1695 	0.1594 	0.1551 	0.1532 	0.1485 	0.1706 	0.176 	0.1783 	0.1824 	0.1816 	0.1821 	0.1812 	0.186 	0.1862 	0.1806 	0.1753 	0.1692 	0.1719 	0.1772 	0.1823 	0.1843 	0.1826 	0.1886 	0.1860 	0.2056 	0.2375 	0.2625 	0.3490 	0.3872 	0.3252 	0.3300 	0.3395 	0.3341 
S,E7000,MWH20-499,KWH,I_TAX,NAC,IS	: 	: 	: 	: 	: 	: 	: 	: 	: 	: 	: 	: 	: 	: 	: 	: 	: 	: 	12.985 	11.8264 	13.0949 p	: 	11.3456 e	11.5410 	12.1650 	12.0004 e	12.0900 e	13.1100 e	10.9661 e	15.2200 e	14.6800 e	15.9400 e	16.8500 e	17.0900 e	19.0200 e	22.2900 e	: 
S,E7000,MWH20-499,KWH,I_TAX,NAC,IT	: 	: 	0.178 	0.1899 	0.1946 	0.181 	0.1837 	0.1798 	0.2024 	0.2204 	0.227 	0.2411 	0.2289 	0.2372 	0.2353 	0.2386 	0.2263 	0.2231 	0.2141 	0.2167 	0.2085 	0.202 	0.1968 	0.1999 	0.2237 	0.2213 	0.2057 	0.1992 	0.2133 	0.2460 	0.3219 	0.4092 	0.3468 	0.3120 	0.2942 	0.3129 	0.3088 
S,E7000,MWH20-499,KWH,I_TAX,NAC,LI	: 	: 	: 	: 	: 	: 	: 	: 	: 	: 	: 	: 	: 	: 	: 	: 	: 	: 	: 	: 	0 	: 	: 	: 	: 	: 	: 	: 	: 	: 	: 	: 	: 	: 	: 	: 	: 
S,E7000,MWH20-499,KWH,I_TAX,NAC,LT	: 	0.3519 	0.3843 	0.3876 	0.4214 	0.3838 	0.4577 	0.4675 	0.4761 	0.4776 	0.5023 	0.5019 	0.5397 	0.5413 	0.5153 	0.518 	0.1324 	0.1328 	0.1277 	0.1205 	0.1144 	0.1132 	0.1134 	0.1246 	0.1252 	0.1275 	0.1298 	0.1386 	0.1421 	0.1908 	0.2221 	0.3851 	0.2463 	0.2302 	0.2418 	0.2374 	0.2342 
S,E7000,MWH20-499,KWH,I_TAX,NAC,LU	0.1381 	0.1174 	0.1174 	0.1178 	0.139 	0.1391 	0.1216 	0.1232 	0.1203 	0.1212 	0.1247 	0.1232 	0.1217 	0.1228 	0.1203 	0.1182 	0.111 	0.1112 	0.1093 	0.1098 	0.1094 	0.1072 	0.1118 	0.1147 	0.1199 	0.1201 	0.1269 	0.1267 	0.1290 	0.1323 	0.1638 	0.1747 	0.2791 	0.2594 	0.2362 	0.2304 	0.2659 
S,E7000,MWH20-499,KWH,I_TAX,NAC,LV	: 	0.0592 	0.0631 	0.0757 	0.082 	0.0825 	0.0819 	0.0825 	0.091 	0.1027 	0.1009 	0.101 	0.1036 	0.1063 	0.1552 	0.1518 	0.1595 	0.1584 	0.1555 	0.1645 	0.1629 	0.1616 	0.1570 	0.1560 	0.1567 	0.1583 	0.1539 	0.1563 	0.1519 	0.1880 	0.1460 	0.2684 	0.2023 	0.2105 	0.2093 	0.2105 	0.1999 
S,E7000,MWH20-499,KWH,I_TAX,NAC,MD	: 	: 	: 	: 	: 	: 	: 	: 	: 	: 	: 	: 	: 	: 	: 	: 	1.8082 	2.0766 	2.01 	2.1614 	2.2035 	2.1365 	2.2015 	2.0216 	1.9918 	2.0230 	2.0175 	1.8432 	1.7123 	1.6655 	1.9599 	3.7154 	3.7082 	2.7395 	2.4700 	2.4407 	4.1446 
S,E7000,MWH20-499,KWH,I_TAX,NAC,ME	: 	: 	: 	: 	: 	: 	: 	: 	0.1173 	0.1046 	0.1043 	0.1024 	0.1039 	0.1071 	0.1095 	0.107 	0.1081 	0.1063 	0.109 	0.1074 	0.1101 	: 	0.1150 	0.1131 	0.1223 	0.1235 	0.1259 	0.0978 	0.1263 	0.0974 	0.1243 	0.1248 	0.1259 	0.1195 	0.1248 	0.1233 	0.1290 p
S,E7000,MWH20-499,KWH,I_TAX,NAC,MK	: 	: 	: 	: 	: 	: 	: 	: 	: 	: 	: 	: @C	8.0054 	7.6543 	7.6418 	8.038 	8.6909 	8.5892 	8.5325 	6.4073 	6.1453 	6.0953 	6.1319 	6.3003 	6.4638 	6.6006 	6.7016 	6.6058 	6.7912 	11.9265 	14.6988 	22.2932 	13.8575 	9.5654 	8.4003 	11.8264 	10.2038 
S,E7000,MWH20-499,KWH,I_TAX,NAC,MT	: 	0.0581 	0.1354 	0.1852 	0.1722 	0.1496 	0.2095 	0.2112 	0.2098 	0.2104 	0.211 	0.2115 	0.211 	0.2103 	0.2099 	0.2107 	0.1873 	0.1633 	0.1657 	0.1634 	0.1597 	0.16 	0.1596 	0.1600 	0.1593 	0.1596 	0.1593 	0.1596 	0.1594 	0.1640 	0.1595 	0.1678 	0.1644 	0.1636 	0.1705 	0.1587 	0.1581 p
S,E7000,MWH20-499,KWH,I_TAX,NAC,NL	0.157 	0.1461 	0.1489 	0.1431 	0.1874 	0.1473 	0.1753 	0.1338 	0.1669 	0.1293 	0.1715 	0.1305 	0.1771 	0.1348 	0.1751 	0.132 	0.173 	0.1276 	0.1669 	0.1236 	0.1820 	0.1300 	0.1910 	0.1470 	0.1840 	0.1480 	0.1955 	0.1580 	0.2028 	0.1797 	0.2562 	0.2480 	0.3736 	0.3101 	0.3386 	0.3099 	0.3211 
S,E7000,MWH20-499,KWH,I_TAX,NAC,NO	: 	0.758 	0.791 	0.9221 	0.886 	0.8547 	1.0677 	0.9517 	1.107 	0.8916 	0.8911 	0.7972 	0.9217 	0.8858 	0.8405 	0.8595 	0.841 	0.7968 	0.8852 	0.9371 	0.8319 	0.849 	0.9457 	1.0724 	1.0231 	0.9664 	0.6867 	0.6536 	1.0542 	1.5120 	1.7740 	2.5671 	1.5786 	1.2254 	1.3754 	1.0160 	1.1525 
S,E7000,MWH20-499,KWH,I_TAX,NAC,PL	: 	0.4851 	0.4401 	0.4582 	0.5706 	0.5696 	0.5727 	0.5796 	0.5858 	0.6023 	0.612 	0.6085 	0.6052 	0.5919 	0.5643 	0.5767 	0.5908 	0.5888 	0.5734 	0.5712 	0.5983 	0.5878 	0.5924 	0.6034 	0.6445 	0.5743 	0.7130 	0.7151 	0.7482 	0.7791 	0.9200 	1.0981 	1.3712 	1.3721 	1.3590 	1.3730 	1.3825 
S,E7000,MWH20-499,KWH,I_TAX,NAC,PT	: 	0.1084 	0.1141 	0.1152 	0.1186 	0.1204 	0.1242 	0.1266 	0.1324 	0.1462 	0.1661 	0.1721 	0.1778 	0.1726 	0.1835 	0.1812 	0.1805 	0.1772 	0.1844 	0.1843 	0.1894 	0.187 	0.1835 	0.1839 	0.1703 	0.1807 	0.1745 	0.1716 	0.1706 	0.1844 	0.1725 	0.1956 	0.1684 	0.1887 	0.1921 	0.2018 	0.2094 
S,E7000,MWH20-499,KWH,I_TAX,NAC,RO	: 	0.4253 	0.438 	0.477 	0.4902 	0.492 	0.504 	0.5199 	0.5231 	0.5411 	0.5364 	0.5724 	0.6724 	0.6145 	0.5881 	0.5357 	0.5452 	0.5295 	0.5014 	0.4894 	0.4794 	0.4934 	0.5207 	0.5403 	0.6045 	0.6358 	0.6852 	0.6747 	0.6670 	0.8117 	1.4173 d	2.2806 d	1.1103 	1.0814 	1.0217 	1.0286 	1.0673 
S,E7000,MWH20-499,KWH,I_TAX,NAC,RS	: 	: 	: 	: 	: 	: 	: 	: 	: 	: 	: 	: 	9.5808 	10.9969 	9.7227 	11.0176 	10.609 	11.8539 	11.9248 	8.993 	11.7044 	12.7054 	11.8576 	12.2059 	13.2769 	13.4380 	13.3432 	13.0399 	13.1129 	14.4304 	15.4732 	18.6766 	21.2349 	22.7939 	23.0354 	20.9047 	21.8145 
S,E7000,MWH20-499,KWH,I_TAX,NAC,SE	0.835 	0.879 	0.943 	1.073 	1.034 	1.011 	1.109 	1.096 	1.129 	1.0679 	1.0272 	0.9636 	0.9505 	0.9502 	0.9155 	0.8939 	0.8433 	0.8211 	0.8314 	0.9197 	0.9157 	0.9675 	1.0079 	1.1069 	1.1898 	1.1031 	0.9878 	1.0484 	1.0839 	1.5212 	1.7300 	2.4180 	1.7463 	1.4394 	1.5745 	1.4438 	1.5499 
S,E7000,MWH20-499,KWH,I_TAX,NAC,SI	: 	0.1327 	0.1477 	0.1542 	0.1586 	0.1532 	0.1408 	0.1424 	0.1377 	0.1351 	0.1355 	0.1356 	0.1519 	0.139 	0.1303 	0.1283 	0.1262 	0.1299 	0.1277 	0.1251 	0.1207 	0.1198 	0.1289 	0.1292 	0.1380 	0.1388 	0.1402 	0.1419 	0.1368 	0.1440 	0.1733 	0.2116 	0.2477 	0.2698 	0.2374 	0.2344 	0.1965 
S,E7000,MWH20-499,KWH,I_TAX,NAC,SK	: 	5 	5.46 	5.49 	0.1994 	0.1991 	0.1727 	0.1754 	0.1804 	0.1811 	0.1878 	0.1861 	0.1823 	0.1841 	0.1694 	0.1687 	0.1655 	0.1657 	0.1621 	0.1613 	0.1596 	0.1576 	0.1617 	0.1650 	0.1768 	0.1812 	0.1849 	0.1856 	0.1812 	0.1900 	0.2780 	0.3113 	0.4080 	0.3677 	0.2717 	0.2857 	0.2618 
S,E7000,MWH20-499,KWH,I_TAX,NAC,TR	: 	0.1378 	0.1568 	0.1975 	0.2029 	0.2117 	0.2234 	0.2235 	0.222 	0.2322 	0.2539 	0.2708 	0.2735 	0.2736 	0.2764 	0.2823 	0.2967 	0.3 	0.2994 	0.3055 	0.3132 	0.322 	0.3605 	0.4858 	0.5663 	0.6509 	0.7135 	0.7402 	0.8074 	0.9973 	2.4245 	4.3738 	3.8232 	3.8580 	4.0109 	4.5700 	4.7439 
S,E7000,MWH20-499,KWH,I_TAX,NAC,UA	: 	: 	: 	: 	: 	: 	: 	: 	: 	: 	: 	: 	: 	: 	: 	: 	: 	: 	: 	: 	: 	: 	2.4400 	2.4802 	2.5005 	2.4546 	2.1701 	2.2626 	2.5550 	: 	: 	: 	: 	: 	: 	: 	: 
S,E7000,MWH20-499,KWH,I_TAX,NAC,UK	0.0935 	0.0986 	0.1014 	0.1124 	0.1208 	0.1184 	0.1195 	0.1182 	0.1202 	0.125 	0.1282 	0.1296 	0.135 	0.1373 	0.142 	0.1423 	0.1468 	0.1465 	0.1436 	0.1469 	0.1485 	0.1512 	0.1590 	0.1683 	0.1744 	0.1801 	0.1839 	: 	: 	: 	: 	: 	: 	: 	: 	: 	: 
S,E7000,MWH20-499,KWH,I_TAX,NAC,XK	: 	: 	: 	: 	: 	: 	: 	: 	: 	: 	: 	: 	0.0955 	0.0942 	0.0957 	0.1057 	0.1027 	0.1154 	0.0947 	0.1042 	0.102 	0.1069 	0.1013 	0.1018 	0.0874 	0.0881 	0.0878 	0.0897 	0.0874 	0.0889 	0.0892 	0.0894 	0.0961 	0.1041 	0.1019 	0.1001 	: 
S,E7000,MWH20-499,KWH,I_TAX,PPS,AL	: 	: 	: 	: 	: 	: 	: 	: 	: 	: 	: 	: 	: 	: 	: 	: 	: 	: 	: 	: 	: 	: 	: 	: 	0.2511 e	: 	0.2421 e	0.2421 e	0.2388 e	0.2388 e	0.2398 	0.2398 	0.2412 e	0.2416 e	0.2443 	0.2457 e	0.2703 
S,E7000,MWH20-499,KWH,I_TAX,PPS,AT	: 	0.1321 	0.1353 	0.132 	0.1427 	0.1415 	0.1401 	0.1403 	0.1397 	0.1404 	0.1391 	0.1423 	0.142 	0.1414 	0.1401 	0.1378 	0.1353 	0.139 	0.1423 	0.1396 	0.1267 	0.1296 	0.1298 	0.1313 	0.1339 	0.1332 	0.1412 	0.1421 	0.1472 	0.1555 	0.1703 	0.1993 e	0.2770 e	0.2817 e	0.2464 e	0.2376 e	0.2425 e
S,E7000,MWH20-499,KWH,I_TAX,PPS,BA	: 	: 	: 	: 	: 	: 	: 	: 	: 	: 	0.2148 	0.2181 	0.2143 	0.2119 	0.2139 	0.2099 	0.2111 	0.2147 	0.2123 	0.2124 	0.1941 	0.1964 	0.1998 	0.1928 	0.2004 	0.2000 	0.2072 	0.2072 	0.2035 	0.2002 	0.1957 	0.2313 	0.2114 	0.2073 	0.2150 	0.2200 	0.2453 
S,E7000,MWH20-499,KWH,I_TAX,PPS,BE	: 	0.1313 	0.1526 	0.1545 	0.1407 	0.1356 	0.1409 	0.1428 	0.1551 	0.157 	0.159 	0.1626 	0.1554 	0.1536 	0.1536 	0.157 	0.1537 	0.1594 	0.1666 	0.1773 	0.1717 	0.1655 	0.1531 	0.1632 	0.1704 	0.1638 	0.1678 	0.1632 	0.1692 	0.1940 	0.2550 	0.3196 	0.2812 	0.2569 	0.2234 	0.2268 	0.2495 
S,E7000,MWH20-499,KWH,I_TAX,PPS,BG	: 	0.1912 	0.1794 	0.2045 	0.1967 	0.1932 	0.1926 	0.1919 	0.1825 	0.1961 	0.2027 	0.2319 	0.2337 	0.2247 	0.2227 	0.2318 	0.2279 	0.2682 	0.2787 	0.245 	0.2122 	0.2234 	0.2199 	0.2260 	0.2246 	0.2136 	0.2072 	0.2134 	0.2268 	0.3357 	0.3922 	0.4384 	0.3300 	0.2919 	0.2485 	0.2814 	0.2718 
S,E7000,MWH20-499,KWH,I_TAX,PPS,CY	: 	0.1956 	0.2166 	0.2523 	0.1913 	0.2033 	0.225 	0.2389 	0.239 	0.2806 	0.3425 	0.3089 	0.3116 	0.2825 	0.2688 	0.2731 	0.2247 	0.2089 	0.1754 	0.1967 	0.22 	0.2017 	0.1999 	0.2452 	0.2290 	0.2419 	0.2105 	0.1813 	0.2079 	0.2512 	0.3162 	0.4210 	0.3842 	0.3703 	0.3433 	0.3448 	0.3216 
S,E7000,MWH20-499,KWH,I_TAX,PPS,CZ	: 	0.2072 	0.2158 	0.2169 	0.2322 	0.2316 	0.2283 	0.2268 	0.2399 	0.2379 	0.2484 	0.2491 	0.2594 	0.2636 	0.2356 	0.2358 	0.2274 	0.2298 	0.2207 	0.2223 	0.2 	0.2051 	0.2107 	0.2211 	0.2287 	0.2361 	0.2388 	0.2332 	0.2227 	0.2200 	0.3302 	0.3489 	0.3617 	0.3493 	0.3467 	0.3414 	0.3353 
S,E7000,MWH20-499,KWH,I_TAX,PPS,DE	0.1604 	0.1577 	0.1596 	0.1617 	0.1617 	0.1629 	0.1677 	0.1723 	0.1834 	0.1838 	0.1889 	0.1905 	0.2043 	0.2079 	0.2312 	0.2209 	0.2184 	0.2134 	0.2189 	0.2155 	0.2125 	0.21 	0.2053 	0.2076 	0.2078 	0.2019 	0.2176 	0.2152 	0.2217 	0.2237 	0.2498 	0.2418 	0.2677 	0.2681 	0.2885 	0.2889 	0.2813 
S,E7000,MWH20-499,KWH,I_TAX,PPS,DK	: 	0.1587 	0.1605 	0.1701 	0.1526 	0.1575 	0.1723 	0.1741 	0.1862 	0.1801 	0.1839 	0.1863 	0.1927 	0.1907 	0.1981 	0.1975 	0.2054 	0.2054 	0.2038 	0.2031 	0.2076 	0.2063 	0.2094 	0.2082 	0.1980 	0.1962 	0.1898 	0.1966 	0.2051 	0.2478 	0.2904 	0.3528 	0.1606 	0.2202 	0.2082 	0.2405 	0.2263 
S,E7000,MWH20-499,KWH,I_TAX,PPS,EA	: 	0.1351 	0.1401 	0.143 	0.149 	0.1429 	0.1488 	0.1462 	0.1591 	0.161 	0.1696 	0.1717 	0.1776 	0.1782 	0.1898 	0.1842 	0.1886 	0.1828 	0.1782 	0.1742 	0.1814 	0.1764 	0.1749 	0.1766 	0.1864 	0.1809 	0.1890 	0.1820 	0.1925 	0.2014 	0.2476 	0.2736 	0.2991 	0.2754 	0.2715 	0.2701 	0.2713 
S,E7000,MWH20-499,KWH,I_TAX,PPS,EE	: 	0.0998 	0.0999 	0.1079 	0.1158 	0.1188 	0.1321 	0.1382 	0.1287 	0.1337 	0.1348 	0.1443 	0.1701 	0.1713 	0.1558 	0.1603 	0.1528 	0.1624 	0.1535 	0.1618 	0.1443 	0.1451 	0.1441 	0.1560 	0.1474 	0.1452 	0.1325 	0.1415 	0.1520 	0.2410 	0.2398 	0.3401 	0.2161 	0.2182 	0.2096 	0.2124 	0.2096 
S,E7000,MWH20-499,KWH,I_TAX,PPS,EL	: 	0.1208 	0.1282 	0.1379 	0.1398 	0.1362 	0.1404 	0.15 	0.1562 	0.1624 	0.1804 	0.1848 	0.2082 	0.2133 	0.2321 	0.2481 	0.2331 	0.2632 	0.1738 	0.2026 	0.1943 	0.214 	0.1961 	0.1955 	0.1902 	0.1859 	0.1803 	0.1857 	0.2033 	0.3114 	0.3470 	0.4214 	0.3392 	0.2941 	0.2650 	0.3064 	0.3104 
S,E7000,MWH20-499,KWH,I_TAX,PPS,ES	: 	0.1495 	0.1465 	0.1583 	0.1619 	0.1641 	0.1719 	0.1736 	0.1743 	0.1847 	0.1995 	0.2084 	0.2015 	0.206 	0.2162 	0.2107 	0.2138 	0.2042 	0.2005 	0.1908 	0.1805 	0.1824 	0.1550 	0.1843 	0.1921 	0.1868 	0.1882 	0.1906 	0.1808 	0.1896 	0.2699 	0.3132 	0.2682 	0.2457 	0.2314 	0.2311 	0.2367 
S,E7000,MWH20-499,KWH,I_TAX,PPS,EU27_2020	: 	: 	: 	: 	: 	: 	: 	: 	: 	: 	: 	: 	: 	: 	: 	: 	: 	: 	: 	: 	0.1813 	0.1775 	0.1770 	0.1795 	0.1893 	0.1831 	0.1926 	0.1872 	0.1965 	0.2087 	0.2580 	0.2969 	0.3125 	0.2905 	0.2823 	0.2824 	0.2820 
S,E7000,MWH20-499,KWH,I_TAX,PPS,FI	0.0724 	0.0712 	0.0747 	0.0788 	0.0791 	0.0785 	0.0814 	0.082 	0.0895 	0.09 	0.0896 	0.0898 	0.09 	0.0894 	0.0874 	0.0857 	0.0839 	0.0835 	0.0841 	0.0864 	0.0839 	0.0822 	0.0822 	0.0857 	0.0869 	0.0870 	0.0845 	0.0894 	0.0826 	0.0933 	0.0952 	0.1331 	0.1334 	0.1104 	0.1208 	0.1044 	0.1007 
S,E7000,MWH20-499,KWH,I_TAX,PPS,FR	: 	0.0791 	0.0902 	0.0837 	0.0958 	0.0876 	0.0997 	0.0925 	0.1076 	0.1036 	0.1066 	0.1081 	0.1154 	0.1201 	0.1279 	0.1252 	0.1379 	0.1331 	0.1271 	0.12 	0.1307 	0.126 	0.1359 	0.1292 	0.1442 	0.1397 	0.1564 	0.1392 	0.1585 	0.1419 	0.1752 	0.1597 	0.3048 	0.2604 	0.2577 	0.2319 	0.2394 
S,E7000,MWH20-499,KWH,I_TAX,PPS,HR	0.1521 	0.15 	0.1427 	0.1774 	0.1738 	0.1796 	0.1837 	0.1821 	0.1896 	0.1872 	0.2039 	0.2176 	0.2212 	0.2181 	0.2189 	0.2156 	0.2123 	0.2131 	0.2107 	0.2078 	0.1805 	0.1888 	0.1970 	0.1971 	0.2112 	0.2177 	0.2147 	0.2098 	0.2114 	0.2341 	0.3422 	0.5362 	0.5698 	0.4233 	0.4017 	0.4142 	0.3995 
S,E7000,MWH20-499,KWH,I_TAX,PPS,HU	: 	0.2335 	0.2484 	0.2473 	0.2698 	0.2485 	0.2259 	0.222 	0.2259 	0.2523 	0.2402 	0.2389 	0.2355 	0.2327 	0.2236 	0.2218 	0.2135 	0.2152 	0.2049 	0.2081 	0.1776 e	0.179 	0.1916 	0.1953 	0.2126 	0.2167 	0.2238 	0.2239 	0.2100 	0.2305 	0.3198 	0.4725 	0.6234 	0.5554 	0.4504 	0.4863 	0.4251 
S,E7000,MWH20-499,KWH,I_TAX,PPS,IE	: 	0.1328 	0.1294 	0.1443 	0.1429 	0.1344 	0.1404 	0.1387 	0.1347 	0.1547 	0.1605 	0.1626 	0.1655 	0.1648 	0.1636 	0.1628 	0.1671 	0.1671 	0.1626 	0.1626 	0.1463 	0.1486 	0.1517 	0.1562 	0.1534 	0.1520 	0.1573 	0.1530 	0.1715 	0.1981 	0.2225 	0.2936 	0.3235 	0.2735 	0.2748 	0.2868 	0.2822 
S,E7000,MWH20-499,KWH,I_TAX,PPS,IS	: 	: 	: 	: 	: 	: 	: 	: 	: 	: 	: 	: 	: 	: 	: 	: 	: 	: 	0.0696 	0.0629 	0.0676 p	: 	0.0556 e	0.0566 	0.0581 	0.0573 e	0.0540 e	0.0585 e	0.0490 e	0.0674 e	0.0650 e	0.0706 e	0.0768 e	0.0767 e	0.0849 e	0.0976 e	: 
S,E7000,MWH20-499,KWH,I_TAX,PPS,IT	: 	: 	0.1763 	0.1881 	0.1878 	0.1747 	0.1797 	0.1759 	0.1987 	0.2163 	0.226 	0.2401 	0.2269 	0.2351 	0.2344 	0.2377 	0.2255 	0.2218 	0.2181 	0.2208 	0.2075 	0.2011 	0.1962 	0.1993 	0.2247 	0.2223 	0.2071 	0.2005 	0.2147 	0.2509 	0.3283 	0.4190 	0.3607 	0.3251 	0.3047 	0.3254 	0.3228 
S,E7000,MWH20-499,KWH,I_TAX,PPS,LT	: 	0.1772 	0.1767 	0.1782 	0.1969 	0.1794 	0.2242 	0.229 	0.2284 	0.2292 	0.2413 	0.2411 	0.2549 	0.2557 	0.2434 	0.2446 	0.2149 	0.2201 	0.2112 	0.2024 	0.1774 	0.1756 	0.1721 	0.1891 	0.1866 	0.1900 	0.1904 	0.2033 	0.2084 	0.2742 	0.3192 	0.5577 	0.3274 	0.3060 	0.3131 	0.3052 	0.2997 
S,E7000,MWH20-499,KWH,I_TAX,PPS,LU	0.1212 	0.103 	0.1012 	0.1015 	0.1153 	0.1154 	0.1006 	0.102 	0.1015 	0.1022 	0.1056 	0.1043 	0.1004 	0.1013 	0.1009 	0.0992 	0.0931 	0.0927 	0.0928 	0.093 	0.0886 	0.0868 	0.0895 	0.0918 	0.0951 	0.0952 	0.0981 	0.0979 	0.0997 	0.1037 	0.1284 	0.1349 	0.2150 	0.1961 	0.1786 	0.1752 	0.2015 
S,E7000,MWH20-499,KWH,I_TAX,PPS,LV	: 	0.1269 	0.1249 	0.1499 	0.1704 	0.1714 	0.1768 	0.1781 	0.1927 	0.2174 	0.2102 	0.2104 	0.2132 	0.2187 	0.2263 	0.2213 	0.2326 	0.2347 	0.2336 	0.2481 	0.2309 	0.229 	0.2168 	0.2154 	0.2119 	0.2141 	0.2085 	0.2117 	0.2058 	0.2478 	0.1902 	0.3496 	0.2534 	0.2629 	0.2595 	0.2723 	0.2593 
S,E7000,MWH20-499,KWH,I_TAX,PPS,ME	: 	: 	: 	: 	: 	: 	: 	: 	0.239 	0.2131 	0.2124 	0.2085 	0.2071 	0.2135 	0.2132 	0.2084 	0.224 	0.2202 	0.2224 	0.2225 	0.2208 	: 	0.2242 	0.2205 	0.2409 	0.2433 	0.2496 	0.1939 	0.2504 	0.1871 	0.2388 	0.2424 	0.2349 	0.2189 	0.2193 	0.2192 	0.2300 p
S,E7000,MWH20-499,KWH,I_TAX,PPS,MK	: 	: 	: 	: 	: 	: 	: 	: 	: 	: 	: 	: @C	0.3127 	0.299 	0.2994 	0.3149 	0.3452 	0.3412 	0.3356 	0.2496 	0.2225 	0.2206 	0.2185 	0.2245 	0.2307 	0.2356 	0.2366 	0.2332 	0.2397 	0.4072 	0.5019 	0.7772 	0.4705 	0.3275 	0.2818 	0.3792 	0.3272 
S,E7000,MWH20-499,KWH,I_TAX,PPS,MT	: 	0.1935 	0.1888 	0.2582 	0.2368 	0.2057 	0.2868 	0.2891 	0.2775 	0.2783 	0.2752 	0.2759 	0.2705 	0.2697 	0.2619 	0.2629 	0.2336 	0.2036 	0.2066 	0.2036 	0.1921 	0.1924 	0.1853 	0.1858 	0.1856 	0.1859 	0.1816 	0.1820 	0.1817 	0.1857 	0.1827 	0.1894 	0.1833 	0.1824 	0.1878 	0.1748 	0.1738 p
S,E7000,MWH20-499,KWH,I_TAX,PPS,NL	0.1486 	0.1383 	0.1381 	0.1327 	0.1675 	0.1317 	0.1575 	0.1202 	0.1516 	0.1175 	0.1565 	0.1191 	0.1618 	0.1232 	0.16 	0.1206 	0.1595 	0.1176 	0.1538 	0.1145 	0.1598 	0.1142 	0.1667 	0.1283 	0.1559 	0.1254 	0.1678 	0.1356 	0.1746 	0.1547 	0.2189 	0.2119 	0.3178 	0.2638 	0.2889 	0.2644 	0.2740 
S,E7000,MWH20-499,KWH,I_TAX,PPS,NO	: 	0.0701 	0.0706 	0.0823 	0.0744 	0.0718 	0.0904 	0.0806 	0.093 	0.0749 	0.0759 	0.0679 	0.0756 	0.0727 	0.0671 	0.0687 	0.0672 	0.0634 	0.0688 	0.0722 	0.0595 	0.0607 	0.0668 	0.0758 	0.0704 	0.0665 	0.0453 	0.0432 	0.0696 	0.1043 	0.1224 	0.1789 	0.1156 	0.0903 	0.0967 	0.0716 	0.0797 
S,E7000,MWH20-499,KWH,I_TAX,PPS,PL	: 	0.2136 	0.1852 	0.1928 	0.2302 	0.2298 	0.2402 	0.2431 	0.2419 	0.2487 	0.2537 	0.2523 	0.2509 	0.2454 	0.2331 	0.2382 	0.244 	0.2447 	0.2425 	0.2418 	0.2357 	0.2316 	0.2299 	0.2342 	0.2453 	0.2186 	0.2661 	0.2669 	0.2792 	0.2830 	0.3170 	0.3784 	0.4762 	0.4765 	0.4429 	0.4475 	0.4464 
S,E7000,MWH20-499,KWH,I_TAX,PPS,PT	: 	0.1333 	0.1373 	0.1386 	0.1409 	0.143 	0.15 	0.1529 	0.1612 	0.1781 	0.2084 	0.216 	0.228 	0.2213 	0.2359 	0.2329 	0.232 	0.2274 	0.2369 	0.2357 	0.2259 	0.2231 	0.2178 	0.2183 	0.2028 	0.2151 	0.2051 	0.2017 	0.2005 	0.2153 	0.2014 	0.2284 	0.1970 	0.2238 	0.2323 	0.2451 	0.2540 
S,E7000,MWH20-499,KWH,I_TAX,PPS,RO	: 	0.2282 	0.2143 	0.2334 	0.2327 	0.2336 	0.2417 	0.2493 	0.248 	0.2566 	0.2525 	0.2695 	0.305 	0.2788 	0.2574 	0.2345 	0.2386 	0.2403 	0.2275 	0.2245 	0.204 	0.21 	0.2113 	0.2192 	0.2401 	0.2525 	0.2681 	0.2640 	0.2610 	0.3103 	0.5139 d	0.8269 d	0.4026 	0.3921 	0.3634 	0.3629 	0.3597 
S,E7000,MWH20-499,KWH,I_TAX,PPS,RS	: 	: 	: 	: 	: 	: 	: 	: 	: 	: 	: 	: 	0.1741 	0.1998 	0.1709 	0.1937 	0.1865 	0.2204 	0.2189 	0.1661 	0.1969 	0.2137 	0.1963 	0.2020 	0.2164 	0.2190 	0.2135 	0.2086 	0.2098 	0.2254 	0.2416 	0.2922 	0.3149 	0.3329 	0.3206 	0.2929 	0.3033 
S,E7000,MWH20-499,KWH,I_TAX,PPS,SE	0.0763 	0.0803 	0.084 	0.0955 	0.0872 	0.0853 	0.0941 	0.093 	0.0962 	0.091 	0.0885 	0.0831 	0.0815 	0.0815 	0.0773 	0.0754 	0.0712 	0.0685 	0.0694 	0.077 	0.071 	0.0751 	0.0771 	0.0847 	0.0900 	0.0835 	0.0746 	0.0792 	0.0824 	0.1156 	0.1315 	0.1838 	0.1296 	0.1065 	0.1158 	0.1069 	0.1152 
S,E7000,MWH20-499,KWH,I_TAX,PPS,SI	: 	0.1711 	0.1819 	0.1899 	0.1851 	0.1788 	0.1675 	0.1695 	0.1648 	0.1617 	0.1674 	0.1676 	0.1887 	0.1726 	0.163 	0.1605 	0.1579 	0.1624 	0.1622 	0.1597 	0.1454 	0.1443 	0.1538 	0.1542 	0.1648 	0.1657 	0.1668 	0.1688 	0.1627 	0.1698 	0.2044 	0.2491 	0.2882 	0.3180 	0.2743 	0.2721 	0.2252 
S,E7000,MWH20-499,KWH,I_TAX,PPS,SK	: 	0.2203 	0.2555 	0.2569 	0.2934 	0.293 	0.2584 	0.2624 	0.2625 	0.2636 	0.275 	0.2725 	0.2683 	0.271 	0.2543 	0.2532 	0.2484 	0.255 	0.2478 	0.2482 	0.2122 	0.2096 	0.2105 	0.2148 	0.2246 	0.2301 	0.2297 	0.2305 	0.2251 	0.2348 	0.3435 	0.3869 	0.4925 	0.4637 	0.3354 	0.3570 	0.3265 
S,E7000,MWH20-499,KWH,I_TAX,PPS,TR	: 	0.1294 	0.1376 	0.1733 	0.1673 	0.1746 	0.1813 	0.1814 	0.1689 	0.1766 	0.1836 	0.1958 	0.1857 	0.1858 	0.1742 	0.1779 	0.187 	0.192 	0.1802 	0.1837 	0.1554 	0.1598 	0.1496 	0.2016 	0.2007 	0.2306 	0.2170 	0.2251 	0.2456 	0.2393 	0.5817 	0.6031 	0.5152 	0.5199 	0.3597 	0.2525 	0.2621 
S,E7000,MWH20-499,KWH,I_TAX,PPS,UK	0.1176 	0.124 	0.1217 	0.1349 	0.1385 	0.1358 	0.132 	0.1305 	0.1296 	0.1348 	0.1402 	0.1417 	0.1459 	0.1484 	0.1515 	0.1518 	0.1592 	0.1589 	0.1557 	0.1593 	0.149 	0.1517 	0.1577 	0.1669 	0.1713 	0.1768 	0.1784 	: 	: 	: 	: 	: 	: 	: 	: 	: 	: 
S,E7000,MWH20-499,KWH,X_TAX,EUR,AL	: 	: 	: 	: 	: 	: 	: 	: 	: 	: 	: 	: 	: 	: 	: 	: 	: 	: 	: 	: 	: 	: 	: 	: 	0.1040 e	: 	0.1037 e	0.1036 e	0.1039 e	0.1053 e	0.1057 	0.1097 	0.1135 e	0.1223 e	0.1252 	0.1292 e	0.1420 
S,E7000,MWH20-499,KWH,X_TAX,EUR,AT	: 	0.1008 	0.1074 	0.1044 	0.1136 	0.1124 	0.1079 	0.1082 	0.1077 	0.108 	0.1075 	0.1074 	0.1062 	0.1053 	0.1012 	0.096 	0.0917 	0.0915 	0.0897 	0.0875 	0.0858 	0.0899 	0.0916 	0.0931 	0.0993 	0.0986 	0.1036 	0.1036 	0.1059 	0.1150 	0.1443 	0.1800 	0.2633 	0.2646 	0.2327 	0.2235 	0.2107 
S,E7000,MWH20-499,KWH,X_TAX,EUR,BA	: 	: 	: 	: 	: 	: 	: 	: 	: 	: 	0.0885 	0.0897 	0.0892 	0.0881 	0.0882 	0.0865 	0.0872 	0.0865 	0.0857 	0.0859 	0.0828 	0.0836 	0.0853 	0.0822 	0.0863 	0.0856 	0.0886 	0.0882 	0.0864 	0.0862 	0.0846 	0.1005 	0.0978 	0.0975 	0.0997 	0.1026 	0.1232 
S,E7000,MWH20-499,KWH,X_TAX,EUR,BE	: 	0.1079 	0.1303 	0.129 	0.1213 	0.1162 	0.1159 	0.1173 	0.1269 	0.1297 	0.1321 	0.1337 	0.1265 	0.1238 	0.1259 	0.1232 	0.1217 	0.1231 	0.1175 	0.1223 	0.1257 	0.1102 	0.1030 	0.1125 	0.1191 	0.1141 	0.1138 	0.1097 	0.1122 	0.1351 	0.1898 	0.2526 	0.2219 	0.1911 	0.1628 	0.1707 	0.1932 
S,E7000,MWH20-499,KWH,X_TAX,EUR,BG	: 	0.0634 	0.0634 	0.0726 	0.0726 	0.0716 	0.07 	0.0703 	0.071 	0.0765 	0.0784 	0.0895 	0.0915 	0.088 	0.0865 	0.0901 	0.0886 	0.1023 	0.106 	0.0936 	0.088 	0.0927 	0.0932 	0.0958 	0.0985 	0.0937 	0.0920 	0.0948 	0.0898 	0.1764 	0.2444 	0.3648 	0.1770 	0.1462 	0.1240 	0.1710 	0.1576 
S,E7000,MWH20-499,KWH,X_TAX,EUR,CY	: 	0.1467 	0.1633 	0.1905 	0.146 	0.1552 	0.1717 	0.1777 	0.1849 	0.2182 	0.2612 	0.2323 	0.2293 	0.2063 	0.1919 	0.1953 	0.159 	0.1517 	0.1216 	0.1386 	0.153 	0.1395 	0.1360 	0.1759 	0.1434 	0.1536 	0.1342 	0.1146 	0.1193 	0.1422 	0.1732 	0.2495 	0.2120 	0.2048 	0.1971 	0.1995 	0.1800 
S,E7000,MWH20-499,KWH,X_TAX,EUR,CZ	: 	0.1092 	0.1306 	0.1335 	0.1319 	0.1386 	0.1341 	0.1379 	0.1446 	0.1406 	0.1441 	0.1448 	0.1468 	0.1461 	0.1242 	0.1235 	0.1196 	0.1214 	0.1156 	0.1155 	0.1106 	0.1175 	0.1235 	0.1282 	0.1200 	0.1246 	0.1265 	0.1221 	0.1187 	0.1295 	0.2018 	0.2252 	0.2495 	0.2340 	0.2093 	0.2068 	0.2044 
S,E7000,MWH20-499,KWH,X_TAX,EUR,DE	0.1104 	0.1094 	0.1115 	0.1138 	0.1158 	0.1137 	0.1096 	0.1107 	0.1099 	0.11 	0.1091 	0.1068 	0.1056 	0.1119 	0.1096 	0.1029 	0.1031 	0.1008 	0.0988 	0.0982 	0.0997 	0.0977 	0.0948 	0.0965 	0.1016 	0.0871 	0.0993 	0.1015 	0.1041 	0.1074 	0.1580 	0.1876 	0.2124 	0.2126 	0.2313 	0.2302 	0.2118 
S,E7000,MWH20-499,KWH,X_TAX,EUR,DK	: 	0.0835 	0.0783 	0.0906 	0.0662 	0.0681 	0.0786 	0.0828 	0.0857 	0.0768 	0.0725 	0.07 	0.0742 	0.0728 	0.074 	0.0715 	0.0655 	0.0622 	0.0642 	0.0691 	0.0784 	0.0782 	0.0806 	0.0870 	0.0849 	0.0839 	0.0756 	0.0831 	0.0911 	0.1413 	0.1880 	0.2762 	0.1678 	0.1398 	0.1172 	0.1513 	0.1402 
S,E7000,MWH20-499,KWH,X_TAX,EUR,EA	0.1047 	0.0961 	0.1011 	0.1028 	0.1082 	0.105 	0.1051 	0.1062 	0.111 	0.113 	0.1131 	0.1143 	0.1125 	0.1135 	0.1135 	0.1102 	0.1094 	0.1061 	0.1024 	0.1006 	0.1025 	0.1003 	0.0984 	0.1020 	0.1050 	0.0991 	0.1035 	0.1012 	0.1085 	0.1211 	0.1808 	0.2209 	0.2364 	0.2137 	0.2019 	0.1988 	0.1951 
S,E7000,MWH20-499,KWH,X_TAX,EUR,EE	: 	0.0562 	0.055 	0.0598 	0.0633 	0.0622 	0.0621 	0.0656 	0.0639 	0.0672 	0.0656 	0.0712 	0.0901 	0.0908 	0.0847 	0.0875 	0.0817 	0.0848 	0.0791 	0.082 	0.0787 	0.0793 	0.0823 	0.0902 	0.0849 	0.0834 	0.0737 	0.0823 	0.0894 	0.1522 	0.1514 	0.2200 	0.1461 	0.1509 	0.1430 	0.1479 	0.1471 
S,E7000,MWH20-499,KWH,X_TAX,EUR,EL	: 	0.0978 	0.1052 	0.1132 	0.1186 	0.105 	0.1055 	0.1069 	0.1109 	0.1159 	0.1178 	0.1185 	0.1249 	0.1245 	0.1302 	0.137 	0.1325 	0.1242 	0.1178 	0.1121 	0.1072 	0.1185 	0.1006 	0.0993 	0.1043 	0.1054 	0.1027 	0.1071 	0.1184 	0.2047 	0.2949 	0.4654 	0.2237 	0.1885 	0.1646 	0.1953 	0.1999 
S,E7000,MWH20-499,KWH,X_TAX,EUR,ES	: 	0.1105 	0.1112 	0.1197 	0.1252 	0.127 	0.1326 	0.1316 	0.1311 	0.1389 	0.1456 	0.1483 	0.1427 	0.1458 	0.152 	0.1482 	0.1503 	0.1438 	0.1395 	0.1341 	0.1304 	0.1318 	0.1136 	0.1351 	0.1098 d	0.1025 	0.0978 	0.1022 	0.1078 	0.1136 	0.1987 	0.2339 	0.1976 	0.1828 	0.1560 	0.1533 	0.1510 
S,E7000,MWH20-499,KWH,X_TAX,EUR,EU27_2020	0.0998 	0.0953 	0.1 	0.1027 	0.1056 	0.1037 	0.1047 	0.1059 	0.1104 	0.1112 	0.1114 	0.1125 	0.1113 	0.1115 	0.1103 	0.1074 	0.1065 	0.1037 	0.1001 	0.0988 	0.0996 	0.0980 	0.0967 	0.1001 	0.1037 	0.0978 	0.1021 	0.1004 	0.1061 	0.1201 	0.1762 	0.2197 	0.2253 	0.2043 	0.1933 	0.1921 	0.1898 
S,E7000,MWH20-499,KWH,X_TAX,EUR,FI	0.0664 	0.0653 	0.0694 	0.0733 	0.0753 	0.0747 	0.077 	0.077 	0.0805 	0.081 	0.0808 	0.0811 	0.0825 	0.082 	0.0806 	0.079 	0.0771 	0.0765 	0.0758 	0.0774 	0.0771 	0.0753 	0.0763 	0.0798 	0.0810 	0.0811 	0.0791 	0.0842 	0.0836 	0.0929 	0.0951 	0.1363 	0.1327 	0.1098 	0.1164 d	0.0996 d	0.0957 
S,E7000,MWH20-499,KWH,X_TAX,EUR,FR	: 	0.0666 	0.0772 	0.0714 	0.0834 	0.0759 	0.0844 	0.0794 	0.0885 	0.0845 	0.0867 	0.0864 	0.0908 	0.0904 	0.0937 	0.0906 	0.0961 	0.0915 	0.0896 	0.0831 	0.0923 	0.0882 	0.0961 	0.0908 	0.1015 	0.0972 	0.1126 	0.0973 	0.1154 	0.1006 	0.1427 	0.1397 	0.2753 	0.2367 	0.2189 	0.1912 	0.1887 
S,E7000,MWH20-499,KWH,X_TAX,EUR,GE	: 	: 	: 	: 	: 	: 	: 	: 	: 	: 	: 	: 	: 	: 	: 	: 	: 	: 	: 	: 	: 	: 	0.0546 	0.0630 	0.0662 	0.0530 	0.0560 	0.0491 	0.0721 	0.0685 	: 	0.0980 	0.0939 	0.0892 	0.0845 	0.0834 	0.0895 
S,E7000,MWH20-499,KWH,X_TAX,EUR,HR	0.0802 	0.0779 	0.0784 	0.0989 	0.0975 	0.1014 	0.1058 	0.1031 	0.1037 	0.1015 	0.104 	0.1113 	0.1118 	0.1082 	0.1061 	0.104 	0.1025 	0.1027 	0.1005 	0.0995 	0.0985 	0.0972 	0.0997 	0.0998 	0.1079 	0.1118 	0.1080 	0.1051 	0.1060 	0.1208 	0.1825 	0.2946 	0.3207 	0.2377 	0.2312 	0.2359 	0.2372 
S,E7000,MWH20-499,KWH,X_TAX,EUR,HU	: 	0.1118 	0.1329 	0.1344 	0.1276 	0.1205 	0.1075 	0.1028 	0.1071 	0.1035 	0.1029 	0.1067 	0.1024 	0.1 	0.094 	0.0921 	0.0883 	0.0878 	0.0844 	0.0862 	0.0787 e	0.0799 	0.0904 	0.0908 	0.1026 	0.1023 	0.1020 	0.1014 	0.0997 	0.1144 	0.1763 	0.2274 	0.3197 	0.2818 	0.2296 	0.2443 	0.2165 
S,E7000,MWH20-499,KWH,X_TAX,EUR,IE	: 	0.1385 	0.139 	0.1549 	0.1498 	0.1401 	0.1361 	0.1344 	0.1296 	0.1469 	0.1534 	0.1542 	0.1568 	0.156 	0.1528 	0.1496 	0.1496 	0.1471 	0.1437 	0.1377 	0.1343 	0.1348 	0.1393 	0.1477 	0.1559 	0.1545 	0.1593 	0.1526 	0.1662 	0.1965 	0.2270 	0.3164 	0.3693 	0.3174 	0.3027 	0.3073 	0.2983 
S,E7000,MWH20-499,KWH,X_TAX,EUR,IS	: 	: 	: 	: 	: 	: 	: 	: 	: 	: 	: 	: 	: 	: 	: 	: 	: 	: 	0.0724 	0.0769 	0.0881 p	: 	0.0810 e	0.0758 	0.0781 	0.0765 	0.0715 e	0.0717 	0.0623 e	0.0810 e	0.0819 e	0.0873 e	0.0867 e	0.0915 e	0.0995 e	0.1184 e	: 
S,E7000,MWH20-499,KWH,X_TAX,EUR,IT	: 	: 	: 	: 	: 	: 	: 	0.1174 	0.1326 	0.14 	0.1322 	0.1413 	0.1335 	0.1293 	0.1236 	0.1223 	0.1129 	0.1092 	0.1013 	0.1028 	0.1006 	0.0967 	0.0977 	0.1035 	0.1102 	0.1079 	0.0995 	0.0975 	0.1077 	0.1564 	0.2499 	0.3302 	0.2443 	0.2044 	0.1783 	0.1899 	0.2012 
S,E7000,MWH20-499,KWH,X_TAX,EUR,LI	: 	: 	: 	: 	: 	: 	: 	: 	: 	: 	: 	: 	: 	: 	: 	: 	: 	: 	: 	: 	0 	: 	: 	: 	: 	: 	: 	: 	: 	: 	: 	: 	: 	: 	: 	: 	: 
S,E7000,MWH20-499,KWH,X_TAX,EUR,LT	: 	0.0864 	0.0943 	0.0951 	0.1026 	0.0921 	0.1092 	0.1073 	0.1136 	0.1139 	0.1198 	0.1197 	0.1017 	0.1021 	0.1024 	0.103 	0.0921 	0.0929 	0.0894 	0.0843 	0.0797 	0.0793 	0.0808 	0.0891 	0.0941 	0.0960 	0.0978 	0.1020 	0.1058 	0.1473 	0.1800 	0.3179 	0.2107 	0.1972 	0.1994 	0.1958 	0.1936 
S,E7000,MWH20-499,KWH,X_TAX,EUR,LU	0.1271 	0.1064 	0.1064 	0.1064 	0.1255 	0.1271 	0.1088 	0.1095 	0.1092 	0.1101 	0.1134 	0.112 	0.1105 	0.1115 	0.1077 	0.1055 	0.0943 	0.0944 	0.0926 	0.093 	0.0873 	0.0872 	0.0915 	0.0938 	0.0963 	0.0967 	0.0999 	0.1001 	0.1021 	0.1044 	0.1415 	0.1512 	0.2822 	0.2638 	0.2398 	0.2371 	0.2556 
S,E7000,MWH20-499,KWH,X_TAX,EUR,LV	: 	0.0718 	0.0764 	0.0908 	0.096 	0.0967 	0.0956 	0.0962 	0.1055 	0.1193 	0.1184 	0.1023 	0.1047 	0.0982 	0.1015 	0.1034 	0.105 	0.1041 	0.1017 	0.1092 	0.1078 	0.1068 	0.1025 	0.1041 	0.1048 	0.1060 	0.1021 	0.1042 	0.1059 	0.1360 	0.1538 	0.2402 	0.1962 	0.1715 	0.1712 	0.1725 	0.1633 
S,E7000,MWH20-499,KWH,X_TAX,EUR,MD	: 	: 	: 	: 	: 	: 	: 	: 	: 	: 	: 	: 	: 	: 	: 	: 	0.0749 	0.0806 	0.0877 	0.0827 	0.0881 	0.0856 	0.0913 	0.0883 	0.0841 	0.0867 	0.0868 	0.0766 	0.0672 	0.0677 	0.0812 	0.1582 	0.1559 	0.1181 	0.1073 	0.1056 	0.1773 
S,E7000,MWH20-499,KWH,X_TAX,EUR,ME	: 	: 	: 	: 	: 	: 	: 	: 	0.1002 	0.0894 	0.0872 	0.0857 	0.0871 	0.0885 	0.0905 	0.0888 	0.09 	0.0887 	0.0911 	0.0897 	0.0872 	: 	0.0904 	0.0890 	0.0917 	0.0927 	0.0948 	0.0718 	0.0952 	0.0722 	0.0943 	0.0933 	0.0947 	0.0935 	0.0978 	0.0967 	0.1014 p
S,E7000,MWH20-499,KWH,X_TAX,EUR,MK	: 	: 	: 	: 	: 	: 	: 	: 	: 	: 	: 	: @C	0.039 	0.041 	0.0418 	0.0414 	0.1196 	0.1181 	0.1172 	0.0883 	0.0845 	0.0839 	0.0845 	0.0868 	0.0891 	0.0910 	0.0921 	0.0907 	0.0933 	0.1640 	0.2020 	0.3069 	0.1906 	0.1318 	0.1157 	0.1630 	0.1404 
S,E7000,MWH20-499,KWH,X_TAX,EUR,MT	: 	0.1288 	0.1289 	0.1764 	0.164 	0.1425 	0.2 	0.201 	0.2 	0.2 	0.201 	0.201 	0.201 	0.2 	0.2 	0.201 	0.1784 	0.1555 	0.1578 	0.1557 	0.1506 	0.1509 	0.1505 	0.1509 	0.1502 	0.1505 	0.1502 	0.1505 	0.1503 	0.1547 	0.1504 	0.1583 	0.1551 	0.1543 	0.1609 	0.1496 	0.1491 p
S,E7000,MWH20-499,KWH,X_TAX,EUR,NL	0.1059 	0.1049 	0.101 	0.104 	0.1109 	0.1087 	0.0999 	0.0987 	0.0968 	0.0978 	0.0977 	0.0981 	0.0936 	0.0945 	0.0931 	0.0935 	0.0896 	0.0873 	0.0795 	0.0797 	0.0880 	0.0870 	0.0890 	0.0890 	0.0940 	0.0950 	0.0958 	0.0955 	0.0983 	0.1106 	0.1537 	0.1917 	0.2342 	0.2160 	0.2114 	0.2145 	0.2078 
S,E7000,MWH20-499,KWH,X_TAX,EUR,NO	: 	0.0641 	0.0663 	0.0745 	0.0675 	0.0672 	0.0929 	0.0814 	0.0989 	0.0774 	0.0791 	0.071 	0.0826 	0.0733 	0.0663 	0.0669 	0.062 	0.0537 	0.0582 	0.0644 	0.0617 	0.0612 	0.0685 	0.0790 	0.0739 	0.0676 	0.0419 	0.0395 	0.0731 	0.1093 	0.1322 	0.1911 	0.1027 	0.0764 	0.0871 	0.0606 	0.0705 
S,E7000,MWH20-499,KWH,X_TAX,EUR,PL	: 	0.1003 	0.0966 	0.1005 	0.1 	0.1068 	0.1123 	0.1141 	0.1154 	0.1096 	0.1125 	0.1151 	0.113 	0.1094 	0.1051 	0.1071 	0.1112 	0.1086 	0.1021 	0.102 	0.0953 	0.0915 	0.0914 	0.0906 	0.1010 	0.0876 	0.1035 	0.1015 	0.0986 	0.0940 	0.1224 	0.1512 	0.1680 	0.1746 	0.1760 	0.1822 	0.1937 
S,E7000,MWH20-499,KWH,X_TAX,EUR,PT	: 	0.0896 	0.0834 	0.0831 	0.1026 	0.1062 	0.0952 	0.092 	0.092 	0.0941 	0.1021 	0.1053 	0.1146 	0.1116 	0.1289 	0.1272 	0.1249 	0.1226 	0.1238 	0.1238 	0.1075 	0.1062 	0.0996 	0.0998 	0.1016 	0.1086 	0.1002 	0.0991 	0.0955 	0.1071 	0.1446 	0.1755 	0.2178 	0.1656 	0.1376 	0.1281 	0.1359 
S,E7000,MWH20-499,KWH,X_TAX,EUR,RO	: 	0.1067 	0.1 	0.1081 	0.097 	0.097 	0.1016 	0.0978 	0.0987 	0.0968 	0.0947 	0.0905 	0.106 	0.0979 	0.0935 	0.0881 	0.0867 	0.0841 	0.0795 	0.0778 	0.0761 	0.0773 	0.0819 	0.0845 	0.0920 	0.0966 	0.1020 	0.0993 	0.0974 	0.1213 	0.2202 d	0.3720 d	0.1741 	0.1674 	0.1542 	0.1568 	0.1633 
S,E7000,MWH20-499,KWH,X_TAX,EUR,RS	: 	: 	: 	: 	: 	: 	: 	: 	: 	: 	: 	: 	0.071 	0.0798 	0.0693 	0.0766 	0.0723 	0.0763 	0.0745 	0.0545 	0.0728 	0.0817 	0.0769 	0.0793 	0.0864 	0.0877 	0.0871 	0.0851 	0.0826 	0.0913 	0.1016 	0.1171 	0.1335 	0.1439 	0.1456 	0.1318 	0.1375 
S,E7000,MWH20-499,KWH,X_TAX,EUR,SE	0.072 	0.0753 	0.0792 	0.0868 	0.0758 	0.0775 	0.0902 	0.0939 	0.1005 	0.0931 	0.0919 	0.0898 	0.0885 	0.0861 	0.0812 	0.0769 	0.0717 	0.0696 	0.071 	0.0759 	0.0758 	0.0795 	0.0754 	0.0815 	0.0866 	0.0790 	0.0737 	0.0808 	0.0850 	0.1192 	0.1315 	0.1789 	0.1227 	0.0986 	0.1100 	0.1002 	0.1112 
S,E7000,MWH20-499,KWH,X_TAX,EUR,SI	: 	0.1066 	0.12 	0.125 	0.1284 	0.1238 	0.1105 	0.1094 	0.1058 	0.1055 	0.1057 	0.1059 	0.1146 	0.1014 	0.0942 	0.0928 	0.0907 	0.0895 	0.0871 	0.0852 	0.0812 	0.0806 	0.0881 	0.0885 	0.0955 	0.0961 	0.0979 	0.0984 	0.0942 	0.0958 	0.1272 	0.1704 	0.2068 	0.2048 	0.1778 	0.1773 	0.1477 
S,E7000,MWH20-499,KWH,X_TAX,EUR,SK	: 	0.1254 	0.1424 	0.1513 	0.1669 	0.1666 	0.1438 	0.1461 	0.146 	0.1466 	0.1522 	0.1507 	0.1475 	0.1489 	0.1367 	0.1361 	0.1334 	0.1336 	0.1306 	0.1299 	0.0953 	0.0936 	0.0971 	0.0993 	0.1108 	0.1145 	0.1197 	0.1203 	0.1164 	0.1237 	0.2049 	0.2326 	0.2998 	0.2662 	0.1996 	0.2113 	0.1871 
S,E7000,MWH20-499,KWH,X_TAX,EUR,TR	: 	0.0643 	0.0677 	0.084 	0.0772 	0.0798 	0.0905 	0.0928 	0.0828 	0.0775 	0.0892 	0.0969 	0.094 	0.0839 	0.0766 	0.0811 	0.0849 	0.0773 	0.0756 	0.0734 	0.0654 	0.0613 	0.0598 	0.0619 	0.0732 	0.0839 	0.0820 	0.0686 	0.0703 	0.0725 	0.1253 	0.1982 	0.1489 	0.1065 	0.0967 	0.1024 	0.0954 
S,E7000,MWH20-499,KWH,X_TAX,EUR,UA	: 	: 	: 	: 	: 	: 	: 	: 	: 	: 	: 	: 	: 	: 	: 	: 	: 	: 	: 	: 	: 	: 	0.0626 	0.0649 	0.0685 	0.0744 	0.0632 	0.0572 	0.0636 	: 	: 	: 	: 	: 	: 	: 	: 
S,E7000,MWH20-499,KWH,X_TAX,EUR,UK	0.1128 	0.1209 	0.1067 	0.1126 	0.1136 	0.1117 	0.1124 	0.1145 	0.1107 	0.1153 	0.1249 	0.13 	0.1251 	0.1304 	0.1392 	0.1447 	0.1333 	0.1351 	0.116 	0.1079 	0.1141 	0.109 	0.1178 	0.1209 	0.1220 	0.1225 	0.1247 	: 	: 	: 	: 	: 	: 	: 	: 	: 	: 
S,E7000,MWH20-499,KWH,X_TAX,EUR,XK	: 	: 	: 	: 	: 	: 	: 	: 	: 	: 	: 	: 	0.0744 	0.0733 p	0.0759 	0.0847 	0.0827 	0.096 	0.0814 	0.0902 	0.0878 	0.0972 	0.0920 	0.0931 	0.0791 	0.0784 	0.0778 	0.0792 	0.0771 	0.0796 	0.0815 e	0.0821 	0.0872 	0.0932 	0.0913 	0.0896 	: 
S,E7000,MWH20-499,KWH,X_TAX,NAC,AL	: 	: 	: 	: 	: 	: 	: 	: 	: 	: 	: 	: 	: 	: 	: 	: 	: 	: 	: 	: 	: 	: 	: 	: 	12.8800 e	: 	12.8300 e	12.8300 e	12.8100 e	12.8100 e	12.8100 	12.8100 	12.8100 e	12.8100 e	12.8100 	12.8100 e	14.0000 
S,E7000,MWH20-499,KWH,X_TAX,NAC,AT	: 	0.1008 	0.1074 	0.1044 	0.1136 	0.1124 	0.1079 	0.1082 	0.1077 	0.108 	0.1075 	0.1074 	0.1062 	0.1053 	0.1012 	0.096 	0.0917 	0.0915 	0.0897 	0.0875 	0.0858 	0.0899 	0.0916 	0.0931 	0.0993 	0.0986 	0.1036 	0.1036 	0.1059 	0.1150 	0.1443 	0.1800 	0.2633 	0.2646 	0.2327 	0.2235 	0.2107 
S,E7000,MWH20-499,KWH,X_TAX,NAC,BA	: 	: 	: 	: 	: 	: 	: 	: 	: 	: 	0.1735 	0.1759 	0.1749 	0.1727 	0.1728 	0.1696 	0.1705 	0.1692 	0.1677 	0.168 	0.1619 	0.1636 	0.1669 	0.1607 	0.1687 	0.1675 	0.1732 	0.1725 	0.1690 	0.1686 	0.1654 	0.1965 	0.1913 	0.1907 	0.1950 	0.2007 	0.2410 
S,E7000,MWH20-499,KWH,X_TAX,NAC,BE	: 	0.1079 	0.1303 	0.129 	0.1213 	0.1162 	0.1159 	0.1173 	0.1269 	0.1297 	0.1321 	0.1337 	0.1265 	0.1238 	0.1259 	0.1232 	0.1217 	0.1231 	0.1175 	0.1223 	0.1257 	0.1102 	0.1030 	0.1125 	0.1191 	0.1141 	0.1138 	0.1097 	0.1122 	0.1351 	0.1898 	0.2526 	0.2219 	0.1911 	0.1628 	0.1707 	0.1932 
S,E7000,MWH20-499,KWH,X_TAX,NAC,BG	: 	0.124 	0.124 	0.142 	0.142 	0.14 	0.137 	0.1375 	0.1388 	0.1496 	0.1533 	0.175 	0.179 	0.1722 	0.1692 	0.1762 	0.1732 	0.2 	0.2074 	0.1831 	0.1722 	0.1814 	0.1822 	0.1874 	0.1926 	0.1832 	0.1800 	0.1854 	0.1757 	0.3450 	0.4779 	0.7135 	0.3461 	0.2860 	0.2426 	0.3345 	0.3083 
S,E7000,MWH20-499,KWH,X_TAX,NAC,CY	: 	0.0857 	0.1633 	0.1905 	0.146 	0.1552 	0.1717 	0.1777 	0.1849 	0.2182 	0.2612 	0.2323 	0.2293 	0.2063 	0.1919 	0.1953 	0.159 	0.1517 	0.1216 	0.1386 	0.153 	0.1395 	0.1360 	0.1759 	0.1434 	0.1536 	0.1342 	0.1146 	0.1193 	0.1422 	0.1732 	0.2495 	0.2120 	0.2048 	0.1971 	0.1995 	0.1800 
S,E7000,MWH20-499,KWH,X_TAX,NAC,CZ	: 	2.99 	3.29 	3.3 	3.58 	3.57 	3.45 	3.427 	3.521 	3.4923 	3.6281 	3.6381 	3.7737 	3.8361 	3.4089 	3.4111 	3.2887 	3.2849 	3.1257 	3.1217 	2.9627 	3.0393 	3.1486 	3.3068 	3.0832 	3.1965 	3.3319 	3.2433 	3.0698 	3.2931 	4.9739 	5.5145 	5.9105 	5.6921 	5.2349 	5.2148 	5.1112 
S,E7000,MWH20-499,KWH,X_TAX,NAC,DE	0.1104 	0.1094 	0.1115 	0.1138 	0.1158 	0.1137 	0.1096 	0.1107 	0.1099 	0.11 	0.1091 	0.1068 	0.1056 	0.1119 	0.1096 	0.1029 	0.1031 	0.1008 	0.0988 	0.0982 	0.0997 	0.0977 	0.0948 	0.0965 	0.1016 	0.0871 	0.0993 	0.1015 	0.1041 	0.1074 	0.1580 	0.1876 	0.2124 	0.2126 	0.2313 	0.2302 	0.2118 
S,E7000,MWH20-499,KWH,X_TAX,NAC,DK	: 	0.6223 	0.5835 	0.6758 	0.4934 	0.5071 	0.585 	0.6173 	0.6393 	0.572 	0.5392 	0.5216 	0.5536 	0.543 	0.5524 	0.5324 	0.4885 	0.4639 	0.4784 	0.5143 	0.5832 	0.5822 	0.6002 	0.6488 	0.6335 	0.6263 	0.5644 	0.6185 	0.6778 	1.0509 	1.3991 	2.0548 	1.2496 	1.0422 	0.8738 	1.1284 	1.0462 
S,E7000,MWH20-499,KWH,X_TAX,NAC,EA	: 	0.0987 	0.1038 	0.1064 	0.1117 	0.1077 	0.1078 	0.1066 	0.111 	0.113 	0.1132 	0.1144 	0.1128 	0.1138 	0.1136 	0.1103 	0.1094 	0.1062 	0.1025 	0.1007 	: 	: 	: 	: 	: 	: 	: 	: 	: 	: 	: 	: 	: 	: 	: 	: 	: 
S,E7000,MWH20-499,KWH,X_TAX,NAC,EE	: 	0.88 	0.86 	0.935 	0.99 	0.974 	0.972 	1.026 	0.0639 	0.0672 	0.0656 	0.0712 	0.0901 	0.0908 	0.0847 	0.0875 	0.0817 	0.0848 	0.0791 	0.082 	0.0787 	0.0793 	0.0823 	0.0902 	0.0849 	0.0834 	0.0737 	0.0823 	0.0894 	0.1522 	0.1514 	0.2200 	0.1461 	0.1509 	0.1430 	0.1479 	0.1471 
S,E7000,MWH20-499,KWH,X_TAX,NAC,EL	: 	0.0978 	0.1052 	0.1132 	0.1186 	0.105 	0.1055 	0.1069 	0.1109 	0.1159 	0.1178 	0.1185 	0.1249 	0.1245 	0.1302 	0.137 	0.1325 	0.1242 	0.1178 	0.1121 	0.1072 	0.1185 	0.1006 	0.0993 	0.1043 	0.1054 	0.1027 	0.1071 	0.1184 	0.2047 	0.2949 	0.4654 	0.2237 	0.1885 	0.1646 	0.1953 	0.1999 
S,E7000,MWH20-499,KWH,X_TAX,NAC,ES	: 	0.1105 	0.1112 	0.1197 	0.1252 	0.127 	0.1326 	0.1316 	0.1311 	0.1389 	0.1456 	0.1483 	0.1427 	0.1458 	0.152 	0.1482 	0.1503 	0.1438 	0.1395 	0.1341 	0.1304 	0.1318 	0.1136 	0.1351 	0.1098 d	0.1025 	0.0978 	0.1022 	0.1078 	0.1136 	0.1987 	0.2339 	0.1976 	0.1828 	0.1560 	0.1533 	0.1510 
S,E7000,MWH20-499,KWH,X_TAX,NAC,FI	0.0664 	0.0653 	0.0694 	0.0733 	0.0753 	0.0747 	0.077 	0.077 	0.0805 	0.081 	0.0808 	0.0811 	0.0825 	0.082 	0.0806 	0.079 	0.0771 	0.0765 	0.0758 	0.0774 	0.0771 	0.0753 	0.0763 	0.0798 	0.0810 	0.0811 	0.0791 	0.0842 	0.0836 	0.0929 	0.0951 	0.1363 	0.1327 	0.1098 	0.1164 d	0.0996 d	0.0957 
S,E7000,MWH20-499,KWH,X_TAX,NAC,FR	: 	0.0666 	0.0772 	0.0714 	0.0834 	0.0759 	0.0844 	0.0794 	0.0885 	0.0845 	0.0867 	0.0864 	0.0908 	0.0904 	0.0937 	0.0906 	0.0961 	0.0915 	0.0896 	0.0831 	0.0923 	0.0882 	0.0961 	0.0908 	0.1015 	0.0972 	0.1126 	0.0973 	0.1154 	0.1006 	0.1427 	0.1397 	0.2753 	0.2367 	0.2189 	0.1912 	0.1887 
S,E7000,MWH20-499,KWH,X_TAX,NAC,GE	: 	: 	: 	: 	: 	: 	: 	: 	: 	: 	: 	: 	: 	: 	: 	: 	: 	: 	: 	: 	: 	: 	0.1631 	0.1887 	0.2023 	0.1724 	0.1869 	0.1847 	0.2885 	0.2484 	: 	0.2761 	0.2636 	0.2564 	0.2473 	0.2472 	0.2715 
S,E7000,MWH20-499,KWH,X_TAX,NAC,HR	0.59 	0.57 	0.57 	0.71 	0.72 	0.74 	0.769 	0.754 	0.767 	0.759 	0.7846 	0.8349 	0.8463 	0.8213 	0.8086 	0.7947 	0.7819 	0.7806 	0.7602 	0.7474 	0.7333 	0.7272 	0.7394 	0.7402 	0.8006 	0.8290 	0.8138 	0.7927 	0.8001 	0.9067 	1.3763 	2.2198 	0.3207 	0.2377 	0.2312 	0.2359 	0.2372 
S,E7000,MWH20-499,KWH,X_TAX,NAC,HU	: 	28.2 	33.71 	33.57 	37.0114 	32.68 	29.2 	28.68 	28.851 	29.936 	30.3919 	30.2088 	30.2975 	29.7565 	28.8434 	28.5859 	27.1628 	27.4165 	26.3942 	26.7388 	24.3518 e	24.696 	28.3992 	29.3671 	32.8772 	33.7733 	35.2160 	36.1988 	35.6688 	41.0768 	66.1653 	92.5693 	121.6817 	107.9009 	89.4956 	97.9033 	87.5949 
S,E7000,MWH20-499,KWH,X_TAX,NAC,IE	: 	0.1385 	0.139 	0.1549 	0.1498 	0.1401 	0.1361 	0.1344 	0.1296 	0.1469 	0.1534 	0.1542 	0.1568 	0.156 	0.1528 	0.1496 	0.1496 	0.1471 	0.1437 	0.1377 	0.1343 	0.1348 	0.1393 	0.1477 	0.1559 	0.1545 	0.1593 	0.1526 	0.1662 	0.1965 	0.2270 	0.3164 	0.3693 	0.3174 	0.3027 	0.3073 	0.2983 
S,E7000,MWH20-499,KWH,X_TAX,NAC,IS	: 	: 	: 	: 	: 	: 	: 	: 	: 	: 	: 	: 	: 	: 	: 	: 	: 	: 	10.1718 	9.7688 	10.318 p	: 	10.0042 e	9.9627 	10.6964 	10.5170 	10.6200 e	11.5200 	9.4405 e	12.0500 e	11.5795 e	12.5000 e	13.1000 e	13.4700 e	14.8800 e	17.6600 e	: 
S,E7000,MWH20-499,KWH,X_TAX,NAC,IT	: 	: 	: 	: 	: 	: 	: 	0.1174 	0.1326 	0.14 	0.1322 	0.1413 	0.1335 	0.1293 	0.1236 	0.1223 	0.1129 	0.1092 	0.1013 	0.1028 	0.1006 	0.0967 	0.0977 	0.1035 	0.1102 	0.1079 	0.0995 	0.0975 	0.1077 	0.1564 	0.2499 	0.3302 	0.2443 	0.2044 	0.1783 	0.1899 	0.2012 
S,E7000,MWH20-499,KWH,X_TAX,NAC,LI	: 	: 	: 	: 	: 	: 	: 	: 	: 	: 	: 	: 	: 	: 	: 	: 	: 	: 	: 	: 	0 	: 	: 	: 	: 	: 	: 	: 	: 	: 	: 	: 	: 	: 	: 	: 	: 
S,E7000,MWH20-499,KWH,X_TAX,NAC,LT	: 	0.2982 	0.3257 	0.3285 	0.3542 	0.318 	0.377 	0.3704 	0.3922 	0.3933 	0.4138 	0.4133 	0.351 	0.3525 	0.3536 	0.3555 	0.0921 	0.0929 	0.0894 	0.0843 	0.0797 	0.0793 	0.0808 	0.0891 	0.0941 	0.0960 	0.0978 	0.1020 	0.1058 	0.1473 	0.1800 	0.3179 	0.2107 	0.1972 	0.1994 	0.1958 	0.1936 
S,E7000,MWH20-499,KWH,X_TAX,NAC,LU	0.1271 	0.1064 	0.1064 	0.1064 	0.1255 	0.1271 	0.1088 	0.1095 	0.1092 	0.1101 	0.1134 	0.112 	0.1105 	0.1115 	0.1077 	0.1055 	0.0943 	0.0944 	0.0926 	0.093 	0.0873 	0.0872 	0.0915 	0.0938 	0.0963 	0.0967 	0.0999 	0.1001 	0.1021 	0.1044 	0.1415 	0.1512 	0.2822 	0.2638 	0.2398 	0.2371 	0.2556 
S,E7000,MWH20-499,KWH,X_TAX,NAC,LV	: 	0.0502 	0.0534 	0.0642 	0.0678 	0.0682 	0.0677 	0.0682 	0.0746 	0.0842 	0.0827 	0.0712 	0.0733 	0.069 	0.1015 	0.1034 	0.105 	0.1041 	0.1017 	0.1092 	0.1078 	0.1068 	0.1025 	0.1041 	0.1048 	0.1060 	0.1021 	0.1042 	0.1059 	0.1360 	0.1538 	0.2402 	0.1962 	0.1715 	0.1712 	0.1725 	0.1633 
S,E7000,MWH20-499,KWH,X_TAX,NAC,MD	: 	: 	: 	: 	: 	: 	: 	: 	: 	: 	: 	: 	: 	: 	: 	: 	1.5133 	1.7403 	1.95 	1.8095 	1.8435 	1.7757 	1.8461 	1.7189 	1.6659 	1.6931 	1.6905 	1.5338 	1.4318 	1.3928 	1.6394 	3.1019 	3.1000 	2.2919 	2.0600 	2.0389 	3.4576 
S,E7000,MWH20-499,KWH,X_TAX,NAC,ME	: 	: 	: 	: 	: 	: 	: 	: 	0.1002 	0.0894 	0.0872 	0.0857 	0.0871 	0.0885 	0.0905 	0.0888 	0.09 	0.0887 	0.0911 	0.0897 	0.0872 	: 	0.0904 	0.0890 	0.0917 	0.0927 	0.0948 	0.0718 	0.0952 	0.0722 	0.0943 	0.0933 	0.0947 	0.0935 	0.0978 	0.0967 	0.1014 p
S,E7000,MWH20-499,KWH,X_TAX,NAC,MK	: 	: 	: 	: 	: 	: 	: 	: 	: 	: 	: 	: @C	2.4033 	2.5245 	2.5783 	2.5494 	7.3651 	7.279 	7.231 	5.4299 	5.2079 	5.1655 	5.1965 	5.3392 	5.4778 	5.5938 	5.6793 	5.5981 	5.7553 	10.1072 	12.4566 	18.8925 	11.7436 	8.1063 	7.1189 	10.0224 	8.6472 
S,E7000,MWH20-499,KWH,X_TAX,NAC,MT	: 	0.0553 	0.1289 	0.1764 	0.164 	0.1425 	0.2 	0.201 	0.2 	0.2 	0.201 	0.201 	0.201 	0.2 	0.2 	0.201 	0.1784 	0.1555 	0.1578 	0.1557 	0.1506 	0.1509 	0.1505 	0.1509 	0.1502 	0.1505 	0.1502 	0.1505 	0.1503 	0.1547 	0.1504 	0.1583 	0.1551 	0.1543 	0.1609 	0.1496 	0.1491 p
S,E7000,MWH20-499,KWH,X_TAX,NAC,NL	0.1059 	0.1049 	0.101 	0.104 	0.1109 	0.1087 	0.0999 	0.0987 	0.0968 	0.0978 	0.0977 	0.0981 	0.0936 	0.0945 	0.0931 	0.0935 	0.0896 	0.0873 	0.0795 	0.0797 	0.0880 	0.0870 	0.0890 	0.0890 	0.0940 	0.0950 	0.0958 	0.0955 	0.0983 	0.1106 	0.1537 	0.1917 	0.2342 	0.2160 	0.2114 	0.2145 	0.2078 
S,E7000,MWH20-499,KWH,X_TAX,NAC,NO	: 	0.506 	0.527 	0.6327 	0.6 	0.5756 	0.7441 	0.6513 	0.7735 	0.6012 	0.5993 	0.5242 	0.6213 	0.5925 	0.5485 	0.5637 	0.5363 	0.4959 	0.5481 	0.5897 	0.5662 	0.5799 	0.6572 	0.7586 	0.7191 	0.6736 	0.4498 	0.4233 	0.7438 	1.1100 	1.3196 	1.9541 	1.1633 	0.8808 	1.0008 	0.7132 	0.8224 
S,E7000,MWH20-499,KWH,X_TAX,NAC,PL	: 	0.3734 	0.3371 	0.3556 	0.4477 	0.4469 	0.4494 	0.4551 	0.4562 	0.4697 	0.4776 	0.4747 	0.472 	0.4612 	0.4388 	0.4489 	0.4603 	0.4587 	0.4462 	0.4444 	0.4068 	0.3884 	0.3858 	0.3899 	0.4333 	0.3768 	0.4566 	0.4541 	0.4474 	0.4317 	0.5672 	0.7160 	0.7766 	0.7788 	0.7596 	0.7826 	0.8196 
S,E7000,MWH20-499,KWH,X_TAX,NAC,PT	: 	0.0896 	0.0834 	0.0831 	0.1026 	0.1062 	0.0952 	0.092 	0.092 	0.0941 	0.1021 	0.1053 	0.1146 	0.1116 	0.1289 	0.1272 	0.1249 	0.1226 	0.1238 	0.1238 	0.1075 	0.1062 	0.0996 	0.0998 	0.1016 	0.1086 	0.1002 	0.0991 	0.0955 	0.1071 	0.1446 	0.1755 	0.2178 	0.1656 	0.1376 	0.1281 	0.1359 
S,E7000,MWH20-499,KWH,X_TAX,NAC,RO	: 	0.3565 	0.367 	0.3997 	0.4105 	0.4118 	0.4214 	0.4176 	0.4126 	0.4159 	0.4159 	0.4095 	0.4656 	0.4354 	0.4172 	0.3898 	0.3856 	0.3738 	0.3572 	0.3492 	0.3455 	0.3556 	0.3810 	0.3931 	0.4362 	0.4587 	0.4915 	0.4827 	0.4772 	0.5995 	1.0892 d	1.8294 d	0.8591 	0.8300 	0.7670 	0.7803 	0.8172 
S,E7000,MWH20-499,KWH,X_TAX,NAC,RS	: 	: 	: 	: 	: 	: 	: 	: 	: 	: 	: 	: 	7.9484 	9.1201 	8.0212 	9.1004 	8.7478 	9.2004 	9.1532 	6.7201 	8.9823 	9.7584 	9.1011 	9.3713 	10.2056 	10.3117 	10.2383 	10.0029 	9.7149 	10.7368 	11.9481 	13.7348 	15.6570 	16.8681 	17.0549 	15.4218 	16.1160 
S,E7000,MWH20-499,KWH,X_TAX,NAC,SE	0.664 	0.699 	0.743 	0.855 	0.823 	0.805 	0.883 	0.873 	0.898 	0.8493 	0.8168 	0.7659 	0.7554 	0.7551 	0.7274 	0.7101 	0.6696 	0.6519 	0.6602 	0.7308 	0.7276 	0.769 	0.7653 	0.8445 	0.9108 	0.8415 	0.7852 	0.8337 	0.8611 	1.2110 	1.3780 	1.9284 	1.3910 	1.1455 	1.2536 	1.1490 	1.2339 
S,E7000,MWH20-499,KWH,X_TAX,NAC,SI	: 	0.1066 	0.12 	0.125 	0.1284 	0.1238 	0.1105 	0.1094 	0.1058 	0.1055 	0.1057 	0.1059 	0.1146 	0.1014 	0.0942 	0.0928 	0.0907 	0.0895 	0.0871 	0.0852 	0.0812 	0.0806 	0.0881 	0.0885 	0.0955 	0.0961 	0.0979 	0.0984 	0.0942 	0.0958 	0.1272 	0.1704 	0.2068 	0.2048 	0.1778 	0.1773 	0.1477 
S,E7000,MWH20-499,KWH,X_TAX,NAC,SK	: 	4.2 	4.59 	4.59 	0.1669 	0.1666 	0.1438 	0.1461 	0.146 	0.1466 	0.1522 	0.1507 	0.1475 	0.1489 	0.1367 	0.1361 	0.1334 	0.1336 	0.1306 	0.1299 	0.0953 	0.0936 	0.0971 	0.0993 	0.1108 	0.1145 	0.1197 	0.1203 	0.1164 	0.1237 	0.2049 	0.2326 	0.2998 	0.2662 	0.1996 	0.2113 	0.1871 
S,E7000,MWH20-499,KWH,X_TAX,NAC,TR	: 	0.1123 	0.1277 	0.1617 	0.1662 	0.1734 	0.183 	0.1831 	0.1828 	0.1911 	0.2083 	0.222 	0.2237 	0.225 	0.2273 	0.2309 	0.2431 	0.2459 	0.2465 	0.2516 	0.2578 	0.2638 	0.2966 	0.3987 	0.4652 	0.5338 	0.5865 	0.6126 	0.6697 	0.8307 	2.0371 	3.6756 	3.2150 	3.1886 	3.3104 	3.7755 	3.9207 
S,E7000,MWH20-499,KWH,X_TAX,NAC,UA	: 	: 	: 	: 	: 	: 	: 	: 	: 	: 	: 	: 	: 	: 	: 	: 	: 	: 	: 	: 	: 	: 	2.0300 	2.0668 	2.0838 	2.0455 	1.8084 	1.8855 	2.1291 	: 	: 	: 	: 	: 	: 	: 	: 
S,E7000,MWH20-499,KWH,X_TAX,NAC,UK	0.0761 	0.0839 	0.0827 	0.092 	0.1015 	0.0992 	0.0978 	0.0969 	0.0961 	0.1 	0.1027 	0.1039 	0.1064 	0.1105 	0.1143 	0.1145 	0.0976 	0.0972 	0.0903 	0.0927 	0.0982 	0.0973 	0.1036 	0.1075 	0.1066 	0.1080 	0.1091 	: 	: 	: 	: 	: 	: 	: 	: 	: 	: 
S,E7000,MWH20-499,KWH,X_TAX,NAC,XK	: 	: 	: 	: 	: 	: 	: 	: 	: 	: 	: 	: 	0.0744 	0.0733 	0.0759 	0.0847 	0.0827 	0.096 	0.0814 	0.0902 	0.0878 	0.0972 	0.0920 	0.0931 	0.0791 	0.0784 	0.0778 	0.0792 	0.0771 	0.0796 	0.0815 e	0.0821 	0.0872 	0.0932 	0.0913 	0.0896 	: 
S,E7000,MWH20-499,KWH,X_TAX,PPS,AL	: 	: 	: 	: 	: 	: 	: 	: 	: 	: 	: 	: 	: 	: 	: 	: 	: 	: 	: 	: 	: 	: 	: 	: 	0.2092 e	: 	0.2017 e	0.2017 e	0.1990 e	0.1990 e	0.1998 	0.1998 	0.2010 e	0.2014 e	0.2036 	0.2048 e	0.2253 
S,E7000,MWH20-499,KWH,X_TAX,PPS,AT	: 	0.0943 	0.0984 	0.0957 	0.1012 	0.1002 	0.0979 	0.0981 	0.0973 	0.0975 	0.0975 	0.0974 	0.095 	0.0942 	0.0916 	0.0869 	0.083 	0.0843 	0.0841 	0.082 	0.076 	0.0797 	0.0813 	0.0826 	0.0874 	0.0867 	0.0906 	0.0906 	0.0926 	0.0996 	0.1249 	0.1578 	0.2345 	0.2357 	0.2054 	0.1972 	0.1835 
S,E7000,MWH20-499,KWH,X_TAX,PPS,BA	: 	: 	: 	: 	: 	: 	: 	: 	: 	: 	0.1839 	0.1864 	0.1834 	0.1811 	0.1828 	0.1794 	0.1804 	0.1835 	0.1814 	0.1816 	0.1633 	0.1651 	0.1678 	0.1615 	0.1679 	0.1667 	0.1729 	0.1722 	0.1687 	0.1657 	0.1626 	0.1929 	0.1798 	0.1762 	0.1828 	0.1871 	0.2088 
S,E7000,MWH20-499,KWH,X_TAX,PPS,BE	: 	0.0987 	0.1165 	0.1154 	0.1063 	0.1018 	0.1045 	0.1058 	0.1143 	0.1169 	0.1192 	0.1207 	0.1124 	0.11 	0.1134 	0.111 	0.1097 	0.1115 	0.1086 	0.1144 	0.1113 	0.0976 	0.0913 	0.0997 	0.1056 	0.1011 	0.1020 	0.0983 	0.1006 	0.1214 	0.1708 	0.2273 	0.1993 	0.1708 	0.1451 	0.1512 	0.1721 
S,E7000,MWH20-499,KWH,X_TAX,PPS,BG	: 	0.1581 	0.1483 	0.1698 	0.1624 	0.1601 	0.158 	0.1586 	0.1499 	0.1616 	0.1667 	0.1903 	0.1924 	0.1851 	0.1835 	0.1911 	0.1878 	0.2213 	0.23 	0.202 	0.1749 	0.1842 	0.1812 	0.1863 	0.1852 	0.1761 	0.1708 	0.1759 	0.1667 	0.3196 	0.4427 	0.6579 	0.2936 	0.2426 	0.2055 	0.2833 	0.2569 
S,E7000,MWH20-499,KWH,X_TAX,PPS,CY	: 	0.168 	0.1862 	0.2172 	0.1642 	0.1746 	0.1935 	0.2003 	0.2009 	0.2371 	0.2877 	0.2559 	0.257 	0.2312 	0.2183 	0.2222 	0.1809 	0.1665 	0.1376 	0.1567 	0.1715 	0.1563 	0.1515 	0.1960 	0.1582 	0.1695 	0.1465 	0.1251 	0.1302 	0.1551 	0.1889 	0.2753 	0.2318 	0.2247 	0.2194 	0.2191 	0.1970 
S,E7000,MWH20-499,KWH,X_TAX,PPS,CZ	: 	0.174 	0.1802 	0.1808 	0.1937 	0.1932 	0.1887 	0.1875 	0.1983 	0.1967 	0.2054 	0.206 	0.2128 	0.2163 	0.1931 	0.1932 	0.1863 	0.1883 	0.1808 	0.1821 	0.1637 	0.168 	0.1725 	0.1812 	0.1653 	0.1714 	0.1740 	0.1694 	0.1603 	0.1701 	0.2569 	0.2869 	0.2975 	0.2872 	0.2609 	0.2568 	0.2518 
S,E7000,MWH20-499,KWH,X_TAX,PPS,DE	0.1078 	0.1069 	0.1073 	0.1095 	0.1076 	0.1057 	0.105 	0.1061 	0.1057 	0.1058 	0.1056 	0.1034 	0.1005 	0.1065 	0.1052 	0.0988 	0.0989 	0.0967 	0.0958 	0.0948 	0.0919 	0.0901 	0.0872 	0.0888 	0.0919 	0.0788 	0.0899 	0.0919 	0.0942 	0.0967 	0.1423 	0.1689 	0.1897 	0.1900 	0.2057 	0.2056 	0.1897 
S,E7000,MWH20-499,KWH,X_TAX,PPS,DK	: 	0.0613 	0.0569 	0.0659 	0.0474 	0.0487 	0.0576 	0.0608 	0.0635 	0.0568 	0.0535 	0.0518 	0.0551 	0.054 	0.0549 	0.0529 	0.0503 	0.0478 	0.0479 	0.0515 	0.0583 	0.0582 	0.0601 	0.0650 	0.0639 	0.0632 	0.0569 	0.0623 	0.0683 	0.1064 	0.1408 	0.2067 	0.1269 	0.1051 	0.0886 	0.1145 	0.1072 
S,E7000,MWH20-499,KWH,X_TAX,PPS,EA	: 	0.0982 	0.101 	0.1035 	0.1065 	0.1027 	0.1036 	0.1024 	0.1069 	0.1088 	0.1101 	0.1113 	0.1093 	0.1102 	0.111 	0.1078 	0.1089 	0.1057 	0.0999 	0.0981 	0.0998 	0.0979 	0.0954 	0.0992 	0.1015 	0.0960 	0.0996 	0.0975 	0.1047 	0.1181 	0.1771 	0.2177 	0.2279 	0.2054 	0.1926 	0.1910 	0.1882 
S,E7000,MWH20-499,KWH,X_TAX,PPS,EE	: 	0.0828 	0.0774 	0.0842 	0.0903 	0.0889 	0.0916 	0.0967 	0.092 	0.0967 	0.0925 	0.1004 	0.1236 	0.1245 	0.1134 	0.1172 	0.1094 	0.1169 	0.1086 	0.1151 	0.101 	0.1018 	0.1033 	0.1132 	0.1045 	0.1026 	0.0919 	0.1026 	0.1114 	0.1858 	0.1848 	0.2684 	0.1649 	0.1682 	0.1589 	0.1611 	0.1609 
S,E7000,MWH20-499,KWH,X_TAX,PPS,EL	: 	0.1104 	0.1172 	0.1262 	0.1279 	0.1132 	0.1147 	0.1163 	0.1195 	0.1249 	0.1317 	0.1325 	0.1463 	0.1459 	0.157 	0.1652 	0.1598 	0.1553 	0.1428 	0.1358 	0.128 	0.1415 	0.1209 	0.1193 	0.1264 	0.1277 	0.1241 	0.1295 	0.1431 	0.2494 	0.3584 	0.5656 	0.2727 	0.2298 	0.2032 	0.2411 	0.2460 
S,E7000,MWH20-499,KWH,X_TAX,PPS,ES	: 	0.1231 	0.1206 	0.1299 	0.1327 	0.1347 	0.1411 	0.14 	0.1405 	0.1489 	0.1609 	0.1638 	0.1585 	0.1619 	0.1699 	0.1657 	0.168 	0.1606 	0.1576 	0.15 	0.1419 	0.1435 	0.1219 	0.1449 	0.1178 d	0.1100 	0.1042 	0.1089 	0.1148 	0.1214 	0.2124 	0.2477 	0.2119 	0.1960 	0.1705 	0.1708 	0.1683 
S,E7000,MWH20-499,KWH,X_TAX,PPS,EU27_2020	: 	: 	: 	: 	: 	: 	: 	: 	: 	: 	: 	: 	: 	: 	: 	: 	: 	: 	: 	: 	0.1052 	0.1036 	0.1019 	0.1059 	0.1092 	0.1034 	0.1080 	0.1064 	0.1117 	0.1267 	0.1856 	0.2354 	0.2332 	0.2116 	0.1967 	0.1975 	0.1948 
S,E7000,MWH20-499,KWH,X_TAX,PPS,FI	0.0573 	0.0563 	0.0591 	0.0624 	0.0627 	0.0622 	0.0645 	0.0645 	0.0669 	0.0673 	0.067 	0.0672 	0.0669 	0.0665 	0.0648 	0.0635 	0.062 	0.0616 	0.062 	0.0639 	0.062 	0.0606 	0.0607 	0.0635 	0.0645 	0.0645 	0.0626 	0.0666 	0.0661 	0.0747 	0.0763 	0.1093 	0.1070 	0.0885 	0.0969 d	0.0829 d	0.0797 
S,E7000,MWH20-499,KWH,X_TAX,PPS,FR	: 	0.0605 	0.0684 	0.0632 	0.0729 	0.0663 	0.0752 	0.0707 	0.0791 	0.0755 	0.0773 	0.077 	0.0803 	0.0815 	0.0851 	0.0826 	0.0897 	0.0854 	0.0816 	0.0756 	0.0823 	0.0786 	0.0862 	0.0815 	0.0933 	0.0894 	0.1035 	0.0894 	0.1060 	0.0926 	0.1316 	0.1289 	0.2535 	0.2167 	0.2004 	0.1750 	0.1733 
S,E7000,MWH20-499,KWH,X_TAX,PPS,HR	0.1247 	0.1205 	0.1162 	0.1448 	0.1406 	0.1445 	0.1499 	0.147 	0.1532 	0.1516 	0.1626 	0.1731 	0.1759 	0.1707 	0.1672 	0.1643 	0.1616 	0.1622 	0.1602 	0.1579 	0.1515 	0.1502 	0.1518 	0.1520 	0.1643 	0.1702 	0.1674 	0.1631 	0.1646 	0.1848 	0.2806 	0.4521 	0.4817 	0.3528 	0.3346 	0.3451 	0.3327 
S,E7000,MWH20-499,KWH,X_TAX,PPS,HU	: 	0.1742 	0.2035 	0.2026 	0.2217 	0.1958 	0.1776 	0.1745 	0.1744 	0.181 	0.1806 	0.1795 	0.177 	0.1738 	0.165 	0.1636 	0.1554 	0.1568 	0.1503 	0.1528 	0.1229 e	0.1247 	0.1382 	0.1429 	0.1542 	0.1584 	0.1581 	0.1626 	0.1528 	0.1771 	0.2617 	0.3661 	0.4812 	0.4267 	0.3289 	0.3658 	0.3125 
S,E7000,MWH20-499,KWH,X_TAX,PPS,IE	: 	0.1173 	0.1141 	0.1272 	0.1263 	0.1181 	0.1232 	0.1217 	0.1175 	0.1332 	0.1399 	0.1406 	0.1423 	0.1416 	0.1373 	0.1344 	0.1344 	0.132 	0.1294 	0.1277 	0.1161 	0.1165 	0.1192 	0.1266 	0.1298 	0.1286 	0.1329 	0.1256 	0.1386 	0.1639 	0.1924 	0.2661 	0.3086 	0.2670 	0.2520 	0.2596 	0.2519 
S,E7000,MWH20-499,KWH,X_TAX,PPS,IS	: 	: 	: 	: 	: 	: 	: 	: 	: 	: 	: 	: 	: 	: 	: 	: 	: 	: 	0.0545 	0.052 	0.0533 p	: 	0.0490 e	0.0488 	0.0511 	0.0503 	0.0474 e	0.0514 	0.0421 e	0.0534 e	0.0513 e	0.0554 e	0.0597 e	0.0604 e	0.0664 e	0.0773 e	: 
S,E7000,MWH20-499,KWH,X_TAX,PPS,IT	: 	: 	: 	: 	: 	: 	: 	0.1148 	0.1301 	0.1374 	0.1316 	0.1407 	0.1323 	0.1282 	0.1231 	0.1218 	0.1125 	0.1085 	0.1032 	0.1047 	0.1001 	0.0963 	0.0974 	0.1032 	0.1107 	0.1084 	0.1002 	0.0981 	0.1084 	0.1595 	0.2549 	0.3381 	0.2541 	0.2130 	0.1847 	0.1975 	0.2103 
S,E7000,MWH20-499,KWH,X_TAX,PPS,LT	: 	0.1502 	0.1498 	0.1511 	0.1655 	0.1486 	0.1847 	0.1814 	0.1882 	0.1887 	0.1988 	0.1986 	0.1658 	0.1665 	0.167 	0.1679 	0.1495 	0.154 	0.1478 	0.1416 	0.1236 	0.123 	0.1226 	0.1352 	0.1403 	0.1431 	0.1434 	0.1496 	0.1552 	0.2117 	0.2587 	0.4604 	0.2800 	0.2621 	0.2582 	0.2517 	0.2477 
S,E7000,MWH20-499,KWH,X_TAX,PPS,LU	0.1115 	0.0934 	0.0917 	0.0917 	0.1041 	0.1054 	0.09 	0.0906 	0.0921 	0.0929 	0.096 	0.0948 	0.0912 	0.092 	0.0903 	0.0885 	0.0791 	0.0787 	0.0786 	0.0787 	0.0707 	0.0706 	0.0733 	0.0751 	0.0764 	0.0767 	0.0772 	0.0774 	0.0789 	0.0818 	0.1109 	0.1167 	0.2174 	0.1994 	0.1813 	0.1803 	0.1937 
S,E7000,MWH20-499,KWH,X_TAX,PPS,LV	: 	0.1077 	0.1057 	0.1271 	0.1409 	0.1417 	0.1462 	0.1472 	0.1579 	0.1783 	0.1723 	0.1483 	0.1508 	0.142 	0.148 	0.1508 	0.1531 	0.1542 	0.1528 	0.1647 	0.1528 	0.1514 	0.1415 	0.1438 	0.1417 	0.1433 	0.1383 	0.1412 	0.1435 	0.1793 	0.2003 	0.3129 	0.2457 	0.2142 	0.2123 	0.2232 	0.2119 
S,E7000,MWH20-499,KWH,X_TAX,PPS,ME	: 	: 	: 	: 	: 	: 	: 	: 	0.2041 	0.1821 	0.1776 	0.1745 	0.1736 	0.1764 	0.1762 	0.1729 	0.1865 	0.1838 	0.1859 	0.1858 	0.1749 	: 	0.1762 	0.1735 	0.1806 	0.1826 	0.1880 	0.1424 	0.1888 	0.1387 	0.1812 	0.1812 	0.1767 	0.1713 	0.1719 	0.1719 	0.1808 p
S,E7000,MWH20-499,KWH,X_TAX,PPS,MK	: 	: 	: 	: 	: 	: 	: 	: 	: 	: 	: 	: @C	0.0939 	0.0986 	0.101 	0.0999 	0.2925 	0.2891 	0.2844 	0.2115 	0.1885 	0.187 	0.1851 	0.1902 	0.1955 	0.1996 	0.2005 	0.1976 	0.2032 	0.3451 	0.4253 	0.6586 	0.3987 	0.2775 	0.2388 	0.3213 	0.2772 
S,E7000,MWH20-499,KWH,X_TAX,PPS,MT	: 	0.1842 	0.1797 	0.246 	0.2255 	0.1959 	0.2738 	0.2752 	0.2645 	0.2645 	0.2622 	0.2622 	0.2577 	0.2564 	0.2495 	0.2508 	0.2225 	0.1939 	0.1968 	0.194 	0.1811 	0.1815 	0.1748 	0.1752 	0.1750 	0.1753 	0.1713 	0.1716 	0.1714 	0.1752 	0.1722 	0.1787 	0.1729 	0.1721 	0.1772 	0.1648 	0.1639 p
S,E7000,MWH20-499,KWH,X_TAX,PPS,NL	0.1002 	0.0993 	0.0937 	0.0965 	0.0991 	0.0972 	0.0897 	0.0887 	0.088 	0.0889 	0.0891 	0.0895 	0.0855 	0.0864 	0.0851 	0.0854 	0.0826 	0.0805 	0.0733 	0.0738 	0.0773 	0.0764 	0.0777 	0.0777 	0.0797 	0.0805 	0.0822 	0.0819 	0.0846 	0.0952 	0.1313 	0.1638 	0.1992 	0.1838 	0.1804 	0.1830 	0.1773 
S,E7000,MWH20-499,KWH,X_TAX,PPS,NO	: 	0.0468 	0.047 	0.0565 	0.0504 	0.0483 	0.063 	0.0552 	0.065 	0.0505 	0.0511 	0.0447 	0.051 	0.0486 	0.0438 	0.045 	0.0428 	0.0395 	0.0426 	0.0455 	0.0405 	0.0415 	0.0464 	0.0536 	0.0495 	0.0463 	0.0297 	0.0280 	0.0491 	0.0766 	0.0910 	0.1362 	0.0852 	0.0649 	0.0704 	0.0503 	0.0569 
S,E7000,MWH20-499,KWH,X_TAX,PPS,PL	: 	0.1644 	0.1419 	0.1496 	0.1806 	0.1803 	0.1885 	0.1908 	0.1884 	0.1939 	0.198 	0.1968 	0.1957 	0.1912 	0.1813 	0.1854 	0.1901 	0.1907 	0.1887 	0.1881 	0.1603 	0.153 	0.1497 	0.1513 	0.1649 	0.1434 	0.1704 	0.1695 	0.1670 	0.1568 	0.1955 	0.2467 	0.2697 	0.2705 	0.2475 	0.2550 	0.2647 
S,E7000,MWH20-499,KWH,X_TAX,PPS,PT	: 	0.1102 	0.1004 	0.1 	0.1219 	0.1261 	0.115 	0.1111 	0.112 	0.1146 	0.1281 	0.1321 	0.147 	0.1431 	0.1657 	0.1635 	0.1606 	0.1573 	0.159 	0.1583 	0.1282 	0.1267 	0.1182 	0.1185 	0.1210 	0.1293 	0.1178 	0.1165 	0.1122 	0.1251 	0.1688 	0.2050 	0.2548 	0.1964 	0.1664 	0.1557 	0.1648 
S,E7000,MWH20-499,KWH,X_TAX,PPS,RO	: 	0.1913 	0.1795 	0.1955 	0.1949 	0.1955 	0.2021 	0.2003 	0.1956 	0.1972 	0.1958 	0.1928 	0.2112 	0.1975 	0.1826 	0.1706 	0.1688 	0.1696 	0.1621 	0.1602 	0.147 	0.1513 	0.1546 	0.1595 	0.1732 	0.1822 	0.1923 	0.1889 	0.1867 	0.2292 	0.3949 d	0.6633 d	0.3115 	0.3010 	0.2728 	0.2753 	0.2754 
S,E7000,MWH20-499,KWH,X_TAX,PPS,RS	: 	: 	: 	: 	: 	: 	: 	: 	: 	: 	: 	: 	0.1444 	0.1657 	0.141 	0.16 	0.1538 	0.1711 	0.168 	0.1241 	0.1511 	0.1642 	0.1506 	0.1551 	0.1663 	0.1681 	0.1638 	0.1600 	0.1554 	0.1677 	0.1866 	0.2149 	0.2322 	0.2464 	0.2374 	0.2161 	0.2241 
S,E7000,MWH20-499,KWH,X_TAX,PPS,SE	0.0606 	0.0638 	0.0662 	0.0761 	0.0694 	0.0679 	0.0749 	0.0741 	0.0765 	0.0724 	0.0704 	0.066 	0.0648 	0.0647 	0.0614 	0.0599 	0.0565 	0.0544 	0.0551 	0.0611 	0.0564 	0.0597 	0.0586 	0.0646 	0.0689 	0.0637 	0.0593 	0.0630 	0.0655 	0.0921 	0.1047 	0.1466 	0.1032 	0.0848 	0.0922 	0.0850 	0.0917 
S,E7000,MWH20-499,KWH,X_TAX,PPS,SI	: 	0.1374 	0.1478 	0.1539 	0.1499 	0.1445 	0.1315 	0.1302 	0.1266 	0.1263 	0.1306 	0.1309 	0.1423 	0.1259 	0.1178 	0.1161 	0.1135 	0.1119 	0.1106 	0.1088 	0.0978 	0.0971 	0.1051 	0.1056 	0.1140 	0.1147 	0.1165 	0.1170 	0.1121 	0.1130 	0.1500 	0.2006 	0.2406 	0.2414 	0.2055 	0.2058 	0.1692 
S,E7000,MWH20-499,KWH,X_TAX,PPS,SK	: 	0.185 	0.2148 	0.2148 	0.2456 	0.2452 	0.2151 	0.2186 	0.2125 	0.2133 	0.2229 	0.2207 	0.2171 	0.2192 	0.2052 	0.2043 	0.2002 	0.2056 	0.1997 	0.1999 	0.1267 	0.1245 	0.1264 	0.1293 	0.1407 	0.1454 	0.1487 	0.1494 	0.1446 	0.1529 	0.2532 	0.2891 	0.3619 	0.3357 	0.2464 	0.2640 	0.2333 
S,E7000,MWH20-499,KWH,X_TAX,PPS,TR	: 	0.1054 	0.1121 	0.1419 	0.1371 	0.143 	0.1485 	0.1486 	0.1391 	0.1454 	0.1506 	0.1605 	0.1519 	0.1528 	0.1432 	0.1455 	0.1532 	0.1573 	0.1484 	0.1513 	0.1279 	0.1309 	0.1231 	0.1655 	0.1648 	0.1891 	0.1784 	0.1863 	0.2037 	0.1993 	0.4887 	0.5068 	0.4333 	0.4297 	0.2969 	0.2086 	0.2167 
S,E7000,MWH20-499,KWH,X_TAX,PPS,UK	0.0957 	0.1055 	0.0993 	0.1104 	0.1164 	0.1138 	0.108 	0.107 	0.1036 	0.1078 	0.1123 	0.1136 	0.115 	0.1195 	0.1219 	0.1221 	0.1058 	0.1054 	0.0979 	0.1005 	0.0985 	0.0976 	0.1028 	0.1066 	0.1047 	0.1060 	0.1058 	: 	: 	: 	: 	: 	: 	: 	: 	: 	: 
S,E7000,MWH20-499,KWH,X_VAT,EUR,AL	: 	: 	: 	: 	: 	: 	: 	: 	: 	: 	: 	: 	: 	: 	: 	: 	: 	: 	: 	: 	: 	: 	: 	: 	0.1040 e	: 	0.1037 e	0.1036 e	0.1039 e	0.1053 e	0.1057 	0.1097 	0.1135 e	0.1223 e	0.1252 	0.1292 e	0.1420 
S,E7000,MWH20-499,KWH,X_VAT,EUR,AT	: 	0.1176 	0.123 	0.12 	0.1334 	0.1323 	0.1288 	0.1289 	0.1289 	0.1296 	0.1277 	0.1307 	0.1322 	0.1316 	0.129 	0.1269 	0.1246 	0.1254 	0.1232 	0.121 	0.1192 	0.1219 	0.1219 	0.1234 	0.1269 	0.1262 	0.1345 	0.1354 	0.1403 	0.1497 	0.1639 	0.1895 e	0.2592 e	0.2636 e	0.2326 e	0.2244 e	0.2321 e
S,E7000,MWH20-499,KWH,X_VAT,EUR,BA	: 	: 	: 	: 	: 	: 	: 	: 	: 	: 	0.0885 	0.0897 	0.0892 	0.0881 	0.0882 	0.0865 	0.0872 	0.0865 	0.0857 	0.0859 	0.0841 	0.0851 	0.0869 	0.0838 	0.0880 	0.0878 	0.0907 	0.0907 	0.0891 	0.0890 	0.0870 	0.1030 	0.0983 	0.0980 	0.1002 	0.1031 	0.1237 
S,E7000,MWH20-499,KWH,X_VAT,EUR,BE	: 	0.1185 	0.1411 	0.1428 	0.1326 	0.1279 	0.1293 	0.1309 	0.1423 	0.1445 	0.1456 	0.1488 	0.1445 	0.1432 	0.1449 	0.1444 	0.1439 	0.1466 	0.1493 	0.1575 	0.1602 	0.1553 	0.1436 	0.1529 	0.1595 	0.1533 	0.1555 	0.1513 	0.1569 	0.1793 	0.2345 	0.2939 	0.2591 	0.2377 	0.2075 	0.2116 	0.2314 
S,E7000,MWH20-499,KWH,X_VAT,EUR,BG	: 	0.0639 	0.0639 	0.0731 	0.0731 	0.0721 	0.0711 	0.0713 	0.072 	0.0775 	0.0794 	0.0905 	0.0926 	0.0891 	0.0875 	0.0911 	0.0896 	0.1033 	0.1071 	0.0946 	0.0891 	0.0938 	0.0942 	0.0968 	0.0995 	0.0947 	0.0931 	0.0958 	0.1018 	0.1544 	0.1804 	0.2026 	0.1658 	0.1466 	0.1250 	0.1416 	0.1389 
S,E7000,MWH20-499,KWH,X_VAT,EUR,CY	: 	0.1487 	0.1655 	0.1927 	0.1482 	0.1574 	0.1739 	0.1849 	0.1918 	0.2251 	0.268 	0.2404 	0.2367 	0.2145 	0.1995 	0.2026 	0.1668 	0.161 	0.1311 	0.147 	0.1665 	0.1529 	0.1524 	0.1867 	0.1762 	0.1860 	0.1631 	0.1405 	0.1610 	0.1945 	0.2447 	0.3212 	0.2965 	0.2848 	0.2603 	0.2649 	0.2479 
S,E7000,MWH20-499,KWH,X_VAT,EUR,CZ	: 	0.1092 	0.1314 	0.1347 	0.1326 	0.1398 	0.1352 	0.139 	0.1458 	0.1418 	0.1452 	0.1459 	0.1479 	0.1472 	0.1252 	0.1245 	0.1206 	0.1224 	0.1166 	0.1165 	0.1117 	0.1186 	0.1246 	0.1293 	0.1373 	0.1418 	0.1434 	0.1388 	0.1363 	0.1473 	0.2143 	0.2321 	0.2508 	0.2352 	0.2298 	0.2272 	0.2249 
S,E7000,MWH20-499,KWH,X_VAT,EUR,DE	0.1227 	0.1225 	0.1252 	0.128 	0.1322 	0.1323 	0.1309 	0.1388 	0.1448 	0.1451 	0.1486 	0.15 	0.165 	0.1682 	0.187 	0.1781 	0.1759 	0.1717 	0.1745 	0.1723 	0.1783 	0.1761 	0.1721 	0.1742 	0.1777 	0.1863 	0.2012 	0.2036 	0.2043 	0.2073 	0.2316 	0.2242 	0.2476 	0.2480 	0.2723 	0.2714 	0.2636 
S,E7000,MWH20-499,KWH,X_VAT,EUR,DK	: 	0.0967 	0.099 	0.1096 	0.0918 	0.0973 	0.1008 	0.1027 	0.1066 	0.1002 	0.1047 	0.1072 	0.111 	0.1085 	0.1025 	0.102 	0.0967 	0.0966 	0.1005 	0.0998 	0.1017 	0.1002 	0.1024 	0.1010 	0.0924 	0.0905 	0.0830 	0.0904 	0.0985 	0.1428 	0.1896 	0.2777 	0.1693 	0.1413 	0.1187 	0.1533 	0.1413 
S,E7000,MWH20-499,KWH,X_VAT,EUR,EA	0.1179 	0.1055 	0.1183 	0.1211 	0.1279 	0.1224 	0.1263 	0.125 	0.1355 	0.137 	0.141 	0.1434 	0.1494 	0.1495 	0.1582 	0.1531 	0.1543 	0.1494 	0.1495 	0.1453 	0.1530 	0.1485 	0.1471 	0.1491 	0.1585 	0.1571 	0.1653 	0.1601 	0.1683 	0.1755 	0.2138 	0.2373 	0.2612 	0.2404 	0.2388 	0.2362 	0.2369 
S,E7000,MWH20-499,KWH,X_VAT,EUR,EE	: 	0.0575 	0.0601 	0.0649 	0.0688 	0.0693 	0.0748 	0.0781 	0.0745 	0.0774 	0.0796 	0.0852 	0.1033 	0.104 	0.0969 	0.0997 	0.0951 	0.0982 	0.0932 	0.0961 	0.0937 	0.0942 	0.0957 	0.1036 	0.0998 	0.0983 	0.0886 	0.0946 	0.1017 	0.1645 	0.1637 	0.2323 	0.1595 	0.1632 	0.1546 	0.1598 	0.1571 
S,E7000,MWH20-499,KWH,X_VAT,EUR,EL	: 	0.0978 	0.1052 	0.1132 	0.1186 	0.1159 	0.1178 	0.1242 	0.1283 	0.1334 	0.1427 	0.1463 	0.1573 	0.1611 	0.1702 	0.182 	0.171 	0.1863 	0.1602 	0.1544 	0.1446 	0.1621 	0.1452 	0.1448 	0.1413 	0.1447 	0.1408 	0.1454 	0.1588 	0.2413 	0.2695 	0.3278 	0.2625 	0.2277 	0.2025 	0.2342 	0.2381 
S,E7000,MWH20-499,KWH,X_VAT,EUR,ES	: 	0.1161 	0.1168 	0.1258 	0.1316 	0.1335 	0.1393 	0.1383 	0.1378 	0.146 	0.1531 	0.1559 	0.15 	0.1533 	0.1598 	0.1558 	0.158 	0.1511 	0.1467 	0.141 	0.137 	0.1385 	0.1194 	0.1420 	0.1480 	0.1438 	0.1460 	0.1479 	0.1404 	0.1495 	0.2111 	0.2494 	0.2088 	0.1931 	0.1784 	0.1744 	0.1771 
S,E7000,MWH20-499,KWH,X_VAT,EUR,EU27_2020	0.111 	0.1036 	0.1148 	0.1182 	0.1227 	0.1188 	0.1227 	0.1219 	0.1311 	0.1315 	0.1349 	0.1371 	0.1422 	0.1417 	0.1476 	0.1432 	0.1439 	0.1398 	0.1393 	0.136 	0.1420 	0.1388 	0.1380 	0.1400 	0.1487 	0.1466 	0.1540 	0.1500 	0.1571 	0.1668 	0.2064 	0.2359 	0.2505 	0.2313 	0.2294 	0.2279 	0.2289 
S,E7000,MWH20-499,KWH,X_VAT,EUR,FI	0.0687 	0.0676 	0.072 	0.0759 	0.0779 	0.0773 	0.0797 	0.0796 	0.0876 	0.088 	0.0879 	0.0881 	0.0896 	0.089 	0.0876 	0.086 	0.0841 	0.0836 	0.0828 	0.0844 	0.0841 	0.0823 	0.0833 	0.0869 	0.0881 	0.0881 	0.0861 	0.0912 	0.0842 	0.0935 	0.0957 	0.1369 	0.1334 	0.1104 	0.1170 	0.1002 	0.0964 
S,E7000,MWH20-499,KWH,X_VAT,EUR,FR	: 	0.0741 	0.0858 	0.0796 	0.0921 	0.0844 	0.094 	0.089 	0.1013 	0.0986 	0.1008 	0.1021 	0.1097 	0.1121 	0.1178 	0.1146 	0.1232 	0.119 	0.1176 	0.1111 	0.1226 	0.1181 	0.1263 	0.1205 	0.1311 	0.1271 	0.1422 	0.1269 	0.1450 	0.1301 	0.1564 	0.1471 	0.2791 	0.2403 	0.2380 	0.2142 	0.2209 
S,E7000,MWH20-499,KWH,X_VAT,EUR,GE	: 	: 	: 	: 	: 	: 	: 	: 	: 	: 	: 	: 	: 	: 	: 	: 	: 	: 	: 	: 	: 	: 	0.0546 	0.0630 	0.0662 	0.0530 	0.0560 	0.0491 	0.0721 	0.0685 	: 	0.0980 	0.0939 	0.0892 	0.0845 	0.0834 	0.0895 
S,E7000,MWH20-499,KWH,X_VAT,EUR,HR	0.0802 	0.0793 	0.0798 	0.1003 	0.0989 	0.1027 	0.1065 	0.1038 	0.1044 	0.1021 	0.1047 	0.112 	0.1125 	0.1107 	0.1111 	0.1091 	0.1077 	0.1079 	0.1058 	0.1048 	0.1039 	0.1081 	0.1145 	0.1145 	0.1227 	0.1266 	0.1226 	0.1196 	0.1205 	0.1354 	0.1970 	0.3091 	0.3353 	0.2522 	0.2455 	0.2503 	0.2517 
S,E7000,MWH20-499,KWH,X_VAT,EUR,HU	: 	0.1248 	0.1352 	0.1368 	0.1296 	0.1226 	0.1097 	0.105 	0.1091 	0.1095 	0.1088 	0.1129 	0.1083 	0.1065 	0.1017 	0.0997 	0.0972 	0.0965 	0.092 	0.0939 	0.0922 e	0.0929 	0.1007 	0.0993 	0.1135 	0.1121 	0.1165 	0.1120 	0.1098 	0.1178 	0.1677 	0.2319 	0.3276 	0.2905 	0.2522 	0.2586 	0.2358 
S,E7000,MWH20-499,KWH,X_VAT,EUR,IE	: 	0.1385 	0.139 	0.1549 	0.1498 	0.1406 	0.1366 	0.1355 	0.1342 	0.1506 	0.1553 	0.1574 	0.1609 	0.1603 	0.1607 	0.1599 	0.164 	0.1642 	0.1592 	0.1538 	0.1503 	0.1512 	0.1565 	0.1610 	0.1628 	0.1612 	0.1664 	0.1643 	0.1816 	0.2097 	0.2353 	0.3214 	0.3561 	0.2994 	0.3032 	0.3118 	0.3073 
S,E7000,MWH20-499,KWH,X_VAT,EUR,IS	: 	: 	: 	: 	: 	: 	: 	: 	: 	: 	: 	: 	: 	: 	: 	: 	: 	: 	0.0745 	0.0793 	0.0907 p	: 	0.0824 e	0.0778 	0.0798 	0.0782 	0.0731 e	0.0734 	0.0706 e	0.0830 e	0.0843 e	0.0898 e	0.0894 e	0.0940 e	0.1023 e	0.1212 e	: 
S,E7000,MWH20-499,KWH,X_VAT,EUR,IT	: 	: 	0.1526 	0.1626 	0.1644 	0.153 	0.1555 	0.1522 	0.1728 	0.1865 	0.1827 	0.202 	0.1946 	0.1987 	0.1963 	0.1985 	0.189 	0.1864 	0.1797 	0.1815 	0.1746 	0.1702 	0.1592 	0.1681 	0.1890 	0.1865 	0.1729 	0.1670 	0.1790 	0.2067 	0.2687 	0.3427 	0.2917 	0.2623 	0.2444 	0.2629 	0.2597 
S,E7000,MWH20-499,KWH,X_VAT,EUR,LI	: 	: 	: 	: 	: 	: 	: 	: 	: 	: 	: 	: 	: 	: 	: 	: 	: 	: 	: 	: 	0 	: 	: 	: 	: 	: 	: 	: 	: 	: 	: 	: 	: 	: 	: 	: 	: 
S,E7000,MWH20-499,KWH,X_VAT,EUR,LT	: 	0.0864 	0.0943 	0.0951 	0.1026 	0.0921 	0.1096 	0.1119 	0.114 	0.1143 	0.1202 	0.1201 	0.1292 	0.1295 	0.1233 	0.124 	0.1094 	0.1097 	0.1056 	0.0994 	0.0938 	0.0934 	0.0935 	0.1029 	0.1035 	0.1054 	0.1051 	0.1146 	0.1174 	0.1577 	0.1836 	0.3182 	0.2036 	0.1902 	0.1999 	0.1961 	0.1939 
S,E7000,MWH20-499,KWH,X_VAT,EUR,LU	0.1303 	0.1108 	0.1108 	0.1111 	0.1311 	0.1312 	0.1148 	0.1162 	0.1135 	0.1144 	0.1177 	0.1163 	0.1148 	0.1158 	0.1135 	0.1115 	0.1029 	0.103 	0.1012 	0.1016 	0.1007 	0.0986 	0.1030 	0.1062 	0.1104 	0.1106 	0.1169 	0.1167 	0.1188 	0.1218 	0.1510 	0.1612 	0.2604 	0.2418 	0.2182 	0.2127 	0.2456 
S,E7000,MWH20-499,KWH,X_VAT,EUR,LV	: 	0.0718 	0.0764 	0.0908 	0.096 	0.0967 	0.0956 	0.0962 	0.1055 	0.1193 	0.1184 	0.1199 	0.1222 	0.1251 	0.1283 	0.1302 	0.1318 	0.1309 	0.1285 	0.136 	0.1346 	0.1335 	0.1298 	0.1289 	0.1295 	0.1309 	0.1272 	0.1292 	0.1255 	0.1554 	0.1207 	0.2218 	0.1672 	0.1727 	0.1730 	0.1740 	0.1652 
S,E7000,MWH20-499,KWH,X_VAT,EUR,MD	: 	: 	: 	: 	: 	: 	: 	: 	: 	: 	: 	: 	: 	: 	: 	: 	0.0749 	0.0806 	0.0877 	0.0827 	0.0881 	0.0856 	0.0913 	0.0883 	0.0841 	0.0867 	0.0868 	0.0766 	0.0672 	0.0677 	0.0812 	0.1582 	0.1559 	0.1181 	0.1073 	0.1056 	0.1773 
S,E7000,MWH20-499,KWH,X_VAT,EUR,ME	: 	: 	: 	: 	: 	: 	: 	: 	0.1002 	0.0894 	0.0872 	0.0857 	0.0871 	0.0885 	0.0905 	0.0888 	0.09 	0.0887 	0.0911 	0.0897 	0.0928 	: 	0.0952 	0.0936 	0.1013 	0.1022 	0.1042 	0.0811 	0.1046 	0.0807 	0.1030 	0.1033 	0.1042 	0.0989 	0.1033 	0.1020 	0.1068 p
S,E7000,MWH20-499,KWH,X_VAT,EUR,MK	: 	: 	: 	: 	: 	: 	: 	: 	: 	: 	: 	: @C	0.1101 	0.1054 	0.105 	0.1106 	0.1196 	0.1181 	0.1172 	0.0883 	0.0845 	0.0839 	0.0845 	0.0868 	0.0891 	0.0910 	0.0921 	0.0907 	0.0933 	0.1640 	0.2020 	0.3069 	0.1906 	0.1318 	0.1157 	0.1630 	0.1404 
S,E7000,MWH20-499,KWH,X_VAT,EUR,MT	: 	0.1288 	0.1289 	0.1764 	0.164 	0.1425 	0.2 	0.201 	0.2 	0.2 	0.201 	0.201 	0.201 	0.2 	0.2 	0.201 	0.1784 	0.1555 	0.1578 	0.1557 	0.1521 	0.1524 	0.1520 	0.1524 	0.1517 	0.1520 	0.1517 	0.1520 	0.1518 	0.1562 	0.1519 	0.1598 	0.1566 	0.1558 	0.1624 	0.1511 	0.1506 p
S,E7000,MWH20-499,KWH,X_VAT,EUR,NL	0.132 	0.1228 	0.1251 	0.1203 	0.1575 	0.1237 	0.1473 	0.1124 	0.1402 	0.1087 	0.1441 	0.1087 	0.1464 	0.1114 	0.1447 	0.1091 	0.143 	0.1055 	0.138 	0.1021 	0.1510 	0.1080 	0.1580 	0.1220 	0.1520 	0.1220 	0.1616 	0.1306 	0.1676 	0.1485 	0.2117 	0.2275 	0.3088 	0.2563 	0.2798 	0.2561 	0.2654 
S,E7000,MWH20-499,KWH,X_VAT,EUR,NO	: 	0.0769 	0.0795 	0.0868 	0.0797 	0.0798 	0.1067 	0.0951 	0.1132 	0.0919 	0.0941 	0.0864 	0.0981 	0.0877 	0.0812 	0.0816 	0.0778 	0.069 	0.0752 	0.0818 	0.0725 	0.0717 	0.0789 	0.0893 	0.0841 	0.0776 	0.0512 	0.0488 	0.0829 	0.1192 	0.1422 	0.2009 	0.1115 	0.0850 	0.0957 	0.0691 	0.0791 
S,E7000,MWH20-499,KWH,X_VAT,EUR,PL	: 	0.1068 	0.1033 	0.1062 	0.1045 	0.1115 	0.1173 	0.1191 	0.1205 	0.1142 	0.1172 	0.1199 	0.1178 	0.1141 	0.1099 	0.1118 	0.116 	0.1133 	0.1067 	0.1066 	0.114 	0.1126 	0.1141 	0.1141 	0.1221 	0.1085 	0.1313 	0.1300 	0.1341 	0.1379 	0.1825 	0.2136 	0.2412 	0.2501 	0.2560 	0.2599 	0.2656 
S,E7000,MWH20-499,KWH,X_VAT,EUR,PT	: 	0.1033 	0.1087 	0.1098 	0.113 	0.1148 	0.1184 	0.1201 	0.1248 	0.1287 	0.1354 	0.14 	0.1445 	0.1406 	0.1494 	0.1473 	0.1468 	0.144 	0.1499 	0.1499 	0.1539 	0.152 	0.1492 	0.1495 	0.1401 	0.1483 	0.1429 	0.1410 	0.1400 	0.1518 	0.1415 	0.1599 	0.1378 	0.1544 	0.1569 	0.1647 	0.1711 
S,E7000,MWH20-499,KWH,X_VAT,EUR,RO	: 	0.1067 	0.1 	0.1081 	0.097 	0.097 	0.1016 	0.0978 	0.0987 	0.0968 	0.0947 	0.0905 	0.106 	0.0979 	0.1063 	0.0976 	0.0989 	0.096 	0.0924 	0.0906 	0.0888 	0.0901 	0.0940 	0.0976 	0.1071 	0.1125 	0.1195 	0.1167 	0.1143 	0.1381 	0.2408 d	0.3898 d	0.1891 	0.1832 	0.1726 	0.1737 	0.1792 
S,E7000,MWH20-499,KWH,X_VAT,EUR,RS	: 	: 	: 	: 	: 	: 	: 	: 	: 	: 	: 	: 	0.0713 	0.0802 	0.0701 	0.0773 	0.0731 	0.082 	0.0808 	0.0608 	0.0791 	0.0887 	0.0835 	0.0860 	0.0937 	0.0952 	0.0946 	0.0924 	0.0929 	0.1023 	0.1097 	0.1327 	0.1509 	0.1622 	0.1640 	0.1491 	0.1552 
S,E7000,MWH20-499,KWH,X_VAT,EUR,SE	0.0725 	0.0759 	0.0798 	0.0873 	0.0762 	0.078 	0.0907 	0.0944 	0.101 	0.0937 	0.0925 	0.0904 	0.0891 	0.0867 	0.0818 	0.0774 	0.0722 	0.0701 	0.0715 	0.0764 	0.0763 	0.08 	0.0794 	0.0854 	0.0905 	0.0828 	0.0741 	0.0813 	0.0856 	0.1198 	0.1321 	0.1795 	0.1232 	0.0991 	0.1106 	0.1007 	0.1118 
S,E7000,MWH20-499,KWH,X_VAT,EUR,SI	: 	0.1106 	0.1231 	0.1285 	0.1321 	0.1276 	0.1174 	0.1187 	0.1147 	0.1126 	0.1129 	0.113 	0.1266 	0.1139 	0.1068 	0.1052 	0.1035 	0.1065 	0.1047 	0.1026 	0.0989 	0.0982 	0.1056 	0.1059 	0.1131 	0.1137 	0.1149 	0.1163 	0.1121 	0.1180 	0.1421 	0.1860 	0.2223 	0.2211 	0.1946 	0.1921 	0.1610 
S,E7000,MWH20-499,KWH,X_VAT,EUR,SK	: 	0.1254 	0.1424 	0.152 	0.1676 	0.1673 	0.1451 	0.1474 	0.1503 	0.1509 	0.1565 	0.1551 	0.1519 	0.1534 	0.1412 	0.1406 	0.1379 	0.1381 	0.1351 	0.1344 	0.133 	0.1313 	0.1347 	0.1375 	0.1473 	0.1510 	0.1541 	0.1547 	0.1510 	0.1583 	0.2317 	0.2594 	0.3400 	0.3064 	0.2264 	0.2381 	0.2200 
S,E7000,MWH20-499,KWH,X_VAT,EUR,TR	: 	0.0668 	0.0704 	0.0869 	0.0799 	0.0825 	0.0937 	0.096 	0.0852 	0.0798 	0.0921 	0.1001 	0.0973 	0.0864 	0.0789 	0.084 	0.0878 	0.0799 	0.0779 	0.0755 	0.0674 	0.0634 	0.0616 	0.0639 	0.0755 	0.0867 	0.0845 	0.0699 	0.0715 	0.0737 	0.1263 	0.1999 	0.1500 	0.1073 	0.0975 	0.1031 	0.0960 
S,E7000,MWH20-499,KWH,X_VAT,EUR,UA	: 	: 	: 	: 	: 	: 	: 	: 	: 	: 	: 	: 	: 	: 	: 	: 	: 	: 	: 	: 	: 	: 	0.0626 	0.0649 	0.0685 	0.0744 	0.0632 	0.0572 	0.0636 	: 	: 	: 	: 	: 	: 	: 	: 
S,E7000,MWH20-499,KWH,X_VAT,EUR,UK	0.118 	0.1209 	0.1114 	0.1171 	0.1177 	0.116 	0.1169 	0.1191 	0.1154 	0.12 	0.1299 	0.1351 	0.1301 	0.135 	0.144 	0.1499 	0.1672 	0.1697 	0.1537 	0.1424 	0.1449 	0.1426 	0.1516 	0.1591 	0.1677 	0.1717 	0.1765 	: 	: 	: 	: 	: 	: 	: 	: 	: 	: 
S,E7000,MWH20-499,KWH,X_VAT,EUR,XK	: 	: 	: 	: 	: 	: 	: 	: 	: 	: 	: 	: 	0.0823 	0.0812 	0.0825 	0.0911 	0.0885 	0.1018 	0.0877 	0.0965 	0.0945 	0.0989 	0.0938 	0.0943 	0.0809 	0.0816 	0.0813 	0.0830 	0.0809 	0.0823 	0.0826 	0.0828 	0.0890 	0.0963 	0.0944 	0.0927 	: 
S,E7000,MWH20-499,KWH,X_VAT,NAC,AL	: 	: 	: 	: 	: 	: 	: 	: 	: 	: 	: 	: 	: 	: 	: 	: 	: 	: 	: 	: 	: 	: 	: 	: 	12.8800 e	: 	12.8300 e	12.8300 e	12.8100 e	12.8100 e	12.8100 	12.8100 	12.8100 e	12.8100 e	12.8100 	12.8100 e	14.0000 
S,E7000,MWH20-499,KWH,X_VAT,NAC,AT	: 	0.1176 	0.123 	0.12 	0.1334 	0.1323 	0.1288 	0.1289 	0.1289 	0.1296 	0.1277 	0.1307 	0.1322 	0.1316 	0.129 	0.1269 	0.1246 	0.1254 	0.1232 	0.121 	0.1192 	0.1219 	0.1219 	0.1234 	0.1269 	0.1262 	0.1345 	0.1354 	0.1403 	0.1497 	0.1639 	0.1895 e	0.2592 e	0.2636 e	0.2326 e	0.2244 e	0.2321 e
S,E7000,MWH20-499,KWH,X_VAT,NAC,BA	: 	: 	: 	: 	: 	: 	: 	: 	: 	: 	0.1735 	0.1759 	0.1749 	0.1727 	0.1728 	0.1696 	0.1705 	0.1692 	0.1677 	0.168 	0.1645 	0.1664 	0.1699 	0.1639 	0.1721 	0.1717 	0.1774 	0.1774 	0.1742 	0.1740 	0.1702 	0.2014 	0.1922 	0.1917 	0.1960 	0.2017 	0.2420 
S,E7000,MWH20-499,KWH,X_VAT,NAC,BE	: 	0.1185 	0.1411 	0.1428 	0.1326 	0.1279 	0.1293 	0.1309 	0.1423 	0.1445 	0.1456 	0.1488 	0.1445 	0.1432 	0.1449 	0.1444 	0.1439 	0.1466 	0.1493 	0.1575 	0.1602 	0.1553 	0.1436 	0.1529 	0.1595 	0.1533 	0.1555 	0.1513 	0.1569 	0.1793 	0.2345 	0.2939 	0.2591 	0.2377 	0.2075 	0.2116 	0.2314 
S,E7000,MWH20-499,KWH,X_VAT,NAC,BG	: 	0.125 	0.125 	0.143 	0.143 	0.141 	0.139 	0.1395 	0.1408 	0.1516 	0.1553 	0.177 	0.1811 	0.1742 	0.1712 	0.1782 	0.1752 	0.202 	0.2094 	0.1851 	0.1742 	0.1834 	0.1842 	0.1894 	0.1946 	0.1852 	0.1820 	0.1874 	0.1991 	0.3020 	0.3529 	0.3962 	0.3243 	0.2867 	0.2445 	0.2769 	0.2717 
S,E7000,MWH20-499,KWH,X_VAT,NAC,CY	: 	0.0869 	0.1655 	0.1927 	0.1482 	0.1574 	0.1739 	0.1849 	0.1918 	0.2251 	0.268 	0.2404 	0.2367 	0.2145 	0.1995 	0.2026 	0.1668 	0.161 	0.1311 	0.147 	0.1665 	0.1529 	0.1524 	0.1867 	0.1762 	0.1860 	0.1631 	0.1405 	0.1610 	0.1945 	0.2447 	0.3212 	0.2965 	0.2848 	0.2603 	0.2649 	0.2479 
S,E7000,MWH20-499,KWH,X_VAT,NAC,CZ	: 	2.99 	3.31 	3.33 	3.6 	3.6 	3.478 	3.455 	3.549 	3.5206 	3.6564 	3.6664 	3.802 	3.8644 	3.4372 	3.4394 	3.317 	3.3132 	3.154 	3.15 	2.991 	3.0676 	3.1769 	3.3351 	3.5258 	3.6391 	3.7779 	3.6893 	3.5230 	3.7463 	5.2818 	5.6831 	5.9398 	5.7214 	5.7484 	5.7296 	5.6237 
S,E7000,MWH20-499,KWH,X_VAT,NAC,DE	0.1227 	0.1225 	0.1252 	0.128 	0.1322 	0.1323 	0.1309 	0.1388 	0.1448 	0.1451 	0.1486 	0.15 	0.165 	0.1682 	0.187 	0.1781 	0.1759 	0.1717 	0.1745 	0.1723 	0.1783 	0.1761 	0.1721 	0.1742 	0.1777 	0.1863 	0.2012 	0.2036 	0.2043 	0.2073 	0.2316 	0.2242 	0.2476 	0.2480 	0.2723 	0.2714 	0.2636 
S,E7000,MWH20-499,KWH,X_VAT,NAC,DK	: 	0.7208 	0.7384 	0.8173 	0.6835 	0.7245 	0.7503 	0.7654 	0.795 	0.7457 	0.7788 	0.7987 	0.8276 	0.8091 	0.7649 	0.7599 	0.7208 	0.7208 	0.7486 	0.7428 	0.7561 	0.7454 	0.7627 	0.7531 	0.6895 	0.6757 	0.6194 	0.6732 	0.7325 	1.0623 	1.4104 	2.0661 	1.2608 	1.0533 	0.8849 	1.1436 	1.0542 
S,E7000,MWH20-499,KWH,X_VAT,NAC,EA	: 	0.1121 	0.1187 	0.1215 	0.1287 	0.1232 	0.1269 	0.1257 	0.1356 	0.1371 	0.1412 	0.1437 	0.1497 	0.1499 	0.1584 	0.1533 	0.1543 	0.1495 	0.1496 	0.1455 	: 	: 	: 	: 	: 	: 	: 	: 	: 	: 	: 	: 	: 	: 	: 	: 	: 
S,E7000,MWH20-499,KWH,X_VAT,NAC,EE	: 	0.9 	0.94 	1.015 	1.076 	1.085 	1.17 	1.222 	0.0745 	0.0774 	0.0796 	0.0852 	0.1033 	0.104 	0.0969 	0.0997 	0.0951 	0.0982 	0.0932 	0.0961 	0.0937 	0.0942 	0.0957 	0.1036 	0.0998 	0.0983 	0.0886 	0.0946 	0.1017 	0.1645 	0.1637 	0.2323 	0.1595 	0.1632 	0.1546 	0.1598 	0.1571 
S,E7000,MWH20-499,KWH,X_VAT,NAC,EL	: 	0.0978 	0.1052 	0.1132 	0.1186 	0.1159 	0.1178 	0.1242 	0.1283 	0.1334 	0.1427 	0.1463 	0.1573 	0.1611 	0.1702 	0.182 	0.171 	0.1863 	0.1602 	0.1544 	0.1446 	0.1621 	0.1452 	0.1448 	0.1413 	0.1447 	0.1408 	0.1454 	0.1588 	0.2413 	0.2695 	0.3278 	0.2625 	0.2277 	0.2025 	0.2342 	0.2381 
S,E7000,MWH20-499,KWH,X_VAT,NAC,ES	: 	0.1161 	0.1168 	0.1258 	0.1316 	0.1335 	0.1393 	0.1383 	0.1378 	0.146 	0.1531 	0.1559 	0.15 	0.1533 	0.1598 	0.1558 	0.158 	0.1511 	0.1467 	0.141 	0.137 	0.1385 	0.1194 	0.1420 	0.1480 	0.1438 	0.1460 	0.1479 	0.1404 	0.1495 	0.2111 	0.2494 	0.2088 	0.1931 	0.1784 	0.1744 	0.1771 
S,E7000,MWH20-499,KWH,X_VAT,NAC,FI	0.0687 	0.0676 	0.072 	0.0759 	0.0779 	0.0773 	0.0797 	0.0796 	0.0876 	0.088 	0.0879 	0.0881 	0.0896 	0.089 	0.0876 	0.086 	0.0841 	0.0836 	0.0828 	0.0844 	0.0841 	0.0823 	0.0833 	0.0869 	0.0881 	0.0881 	0.0861 	0.0912 	0.0842 	0.0935 	0.0957 	0.1369 	0.1334 	0.1104 	0.1170 	0.1002 	0.0964 
S,E7000,MWH20-499,KWH,X_VAT,NAC,FR	: 	0.0741 	0.0858 	0.0796 	0.0921 	0.0844 	0.094 	0.089 	0.1013 	0.0986 	0.1008 	0.1021 	0.1097 	0.1121 	0.1178 	0.1146 	0.1232 	0.119 	0.1176 	0.1111 	0.1226 	0.1181 	0.1263 	0.1205 	0.1311 	0.1271 	0.1422 	0.1269 	0.1450 	0.1301 	0.1564 	0.1471 	0.2791 	0.2403 	0.2380 	0.2142 	0.2209 
S,E7000,MWH20-499,KWH,X_VAT,NAC,GE	: 	: 	: 	: 	: 	: 	: 	: 	: 	: 	: 	: 	: 	: 	: 	: 	: 	: 	: 	: 	: 	: 	0.1631 	0.1887 	0.2023 	0.1724 	0.1869 	0.1847 	0.2885 	0.2484 	: 	0.2761 	0.2636 	0.2564 	0.2473 	0.2472 	0.2715 
S,E7000,MWH20-499,KWH,X_VAT,NAC,HR	0.59 	0.58 	0.58 	0.72 	0.73 	0.75 	0.774 	0.759 	0.772 	0.764 	0.7896 	0.8399 	0.8513 	0.8396 	0.8471 	0.8343 	0.8215 	0.8204 	0.7999 	0.7872 	0.7735 	0.8089 	0.8490 	0.8495 	0.9105 	0.9388 	0.9237 	0.9025 	0.9099 	1.0164 	1.4859 	2.3291 	0.3353 	0.2522 	0.2455 	0.2503 	0.2517 
S,E7000,MWH20-499,KWH,X_VAT,NAC,HU	: 	31.5 	34.3 	34.15 	37.5834 	33.25 	29.81 	29.295 	29.406 	31.691 	32.1469 	31.9638 	32.0525 	31.7182 	31.2184 	30.9609 	29.8933 	30.147 	28.7747 	29.1193 	28.518 e	28.71 	31.6198 	32.1166 	36.3716 	37.0100 	40.2503 	40.0017 	39.2967 	42.3106 	62.9215 	94.4098 	124.6875 	111.2299 	98.3032 	103.6426 	95.3956 
S,E7000,MWH20-499,KWH,X_VAT,NAC,IE	: 	0.1385 	0.139 	0.1549 	0.1498 	0.1406 	0.1366 	0.1355 	0.1342 	0.1506 	0.1553 	0.1574 	0.1609 	0.1603 	0.1607 	0.1599 	0.164 	0.1642 	0.1592 	0.1538 	0.1503 	0.1512 	0.1565 	0.1610 	0.1628 	0.1612 	0.1664 	0.1643 	0.1816 	0.2097 	0.2353 	0.3214 	0.3561 	0.2994 	0.3032 	0.3118 	0.3073 
S,E7000,MWH20-499,KWH,X_VAT,NAC,IS	: 	: 	: 	: 	: 	: 	: 	: 	: 	: 	: 	: 	: 	: 	: 	: 	: 	: 	10.4718 	10.0691 	10.6186 p	: 	10.1756 e	10.2252 	10.9311 	10.7567 	10.8500 e	11.7800 	10.7069 e	12.3500 e	11.9157 e	12.8600 e	13.5100 e	13.8400 e	15.2900 e	18.0700 e	: 
S,E7000,MWH20-499,KWH,X_VAT,NAC,IT	: 	: 	0.1526 	0.1626 	0.1644 	0.153 	0.1555 	0.1522 	0.1728 	0.1865 	0.1827 	0.202 	0.1946 	0.1987 	0.1963 	0.1985 	0.189 	0.1864 	0.1797 	0.1815 	0.1746 	0.1702 	0.1592 	0.1681 	0.1890 	0.1865 	0.1729 	0.1670 	0.1790 	0.2067 	0.2687 	0.3427 	0.2917 	0.2623 	0.2444 	0.2629 	0.2597 
S,E7000,MWH20-499,KWH,X_VAT,NAC,LI	: 	: 	: 	: 	: 	: 	: 	: 	: 	: 	: 	: 	: 	: 	: 	: 	: 	: 	: 	: 	0 	: 	: 	: 	: 	: 	: 	: 	: 	: 	: 	: 	: 	: 	: 	: 	: 
S,E7000,MWH20-499,KWH,X_VAT,NAC,LT	: 	0.2982 	0.3257 	0.3285 	0.3542 	0.318 	0.3783 	0.3864 	0.3935 	0.3947 	0.4151 	0.4147 	0.446 	0.4473 	0.4259 	0.4281 	0.1094 	0.1097 	0.1056 	0.0994 	0.0938 	0.0934 	0.0935 	0.1029 	0.1035 	0.1054 	0.1051 	0.1146 	0.1174 	0.1577 	0.1836 	0.3182 	0.2036 	0.1902 	0.1999 	0.1961 	0.1939 
S,E7000,MWH20-499,KWH,X_VAT,NAC,LU	0.1303 	0.1108 	0.1108 	0.1111 	0.1311 	0.1312 	0.1148 	0.1162 	0.1135 	0.1144 	0.1177 	0.1163 	0.1148 	0.1158 	0.1135 	0.1115 	0.1029 	0.103 	0.1012 	0.1016 	0.1007 	0.0986 	0.1030 	0.1062 	0.1104 	0.1106 	0.1169 	0.1167 	0.1188 	0.1218 	0.1510 	0.1612 	0.2604 	0.2418 	0.2182 	0.2127 	0.2456 
S,E7000,MWH20-499,KWH,X_VAT,NAC,LV	: 	0.0502 	0.0534 	0.0642 	0.0678 	0.0682 	0.0677 	0.0682 	0.0746 	0.0842 	0.0827 	0.0835 	0.0856 	0.0879 	0.1283 	0.1302 	0.1318 	0.1309 	0.1285 	0.136 	0.1346 	0.1335 	0.1298 	0.1289 	0.1295 	0.1309 	0.1272 	0.1292 	0.1255 	0.1554 	0.1207 	0.2218 	0.1672 	0.1727 	0.1730 	0.1740 	0.1652 
S,E7000,MWH20-499,KWH,X_VAT,NAC,MD	: 	: 	: 	: 	: 	: 	: 	: 	: 	: 	: 	: 	: 	: 	: 	: 	1.5133 	1.7403 	1.95 	1.8095 	1.8435 	1.7757 	1.8461 	1.7189 	1.6659 	1.6931 	1.6905 	1.5338 	1.4318 	1.3928 	1.6394 	3.1019 	3.1000 	2.2919 	2.0600 	2.0389 	3.4576 
S,E7000,MWH20-499,KWH,X_VAT,NAC,ME	: 	: 	: 	: 	: 	: 	: 	: 	0.1002 	0.0894 	0.0872 	0.0857 	0.0871 	0.0885 	0.0905 	0.0888 	0.09 	0.0887 	0.0911 	0.0897 	0.0928 	: 	0.0952 	0.0936 	0.1013 	0.1022 	0.1042 	0.0811 	0.1046 	0.0807 	0.1030 	0.1033 	0.1042 	0.0989 	0.1033 	0.1020 	0.1068 p
S,E7000,MWH20-499,KWH,X_VAT,NAC,MK	: 	: 	: 	: 	: 	: 	: 	: 	: 	: 	: 	: @C	6.7842 	6.4867 	6.4761 	6.8119 	7.3651 	7.279 	7.231 	5.4299 	5.2079 	5.1655 	5.1965 	5.3392 	5.4778 	5.5938 	5.6793 	5.5981 	5.7553 	10.1072 	12.4566 	18.8925 	11.7436 	8.1063 	7.1189 	10.0224 	8.6472 
S,E7000,MWH20-499,KWH,X_VAT,NAC,MT	: 	0.0553 	0.1289 	0.1764 	0.164 	0.1425 	0.2 	0.201 	0.2 	0.2 	0.201 	0.201 	0.201 	0.2 	0.2 	0.201 	0.1784 	0.1555 	0.1578 	0.1557 	0.1521 	0.1524 	0.1520 	0.1524 	0.1517 	0.1520 	0.1517 	0.1520 	0.1518 	0.1562 	0.1519 	0.1598 	0.1566 	0.1558 	0.1624 	0.1511 	0.1506 p
S,E7000,MWH20-499,KWH,X_VAT,NAC,NL	0.132 	0.1228 	0.1251 	0.1203 	0.1575 	0.1237 	0.1473 	0.1124 	0.1402 	0.1087 	0.1441 	0.1087 	0.1464 	0.1114 	0.1447 	0.1091 	0.143 	0.1055 	0.138 	0.1021 	0.1510 	0.1080 	0.1580 	0.1220 	0.1520 	0.1220 	0.1616 	0.1306 	0.1676 	0.1485 	0.2117 	0.2275 	0.3088 	0.2563 	0.2798 	0.2561 	0.2654 
S,E7000,MWH20-499,KWH,X_VAT,NAC,NO	: 	0.607 	0.632 	0.7377 	0.709 	0.6838 	0.8542 	0.7614 	0.8856 	0.7133 	0.7129 	0.6378 	0.7374 	0.7086 	0.6724 	0.6876 	0.6728 	0.6374 	0.7081 	0.7497 	0.6656 	0.6792 	0.7566 	0.8579 	0.8185 	0.7731 	0.5494 	0.5228 	0.8433 	1.2096 	1.4192 	2.0537 	1.2629 	0.9803 	1.1003 	0.8128 	0.9220 
S,E7000,MWH20-499,KWH,X_VAT,NAC,PL	: 	0.3976 	0.3607 	0.3756 	0.4677 	0.4669 	0.4694 	0.4751 	0.4762 	0.4897 	0.4976 	0.4947 	0.492 	0.4812 	0.4588 	0.4689 	0.4803 	0.4787 	0.4662 	0.4644 	0.4864 	0.4779 	0.4816 	0.4906 	0.5240 	0.4669 	0.5797 	0.5814 	0.6083 	0.6334 	0.8461 	1.0117 	1.1148 	1.1155 	1.1049 	1.1163 	1.1240 
S,E7000,MWH20-499,KWH,X_VAT,NAC,PT	: 	0.1033 	0.1087 	0.1098 	0.113 	0.1148 	0.1184 	0.1201 	0.1248 	0.1287 	0.1354 	0.14 	0.1445 	0.1406 	0.1494 	0.1473 	0.1468 	0.144 	0.1499 	0.1499 	0.1539 	0.152 	0.1492 	0.1495 	0.1401 	0.1483 	0.1429 	0.1410 	0.1400 	0.1518 	0.1415 	0.1599 	0.1378 	0.1544 	0.1569 	0.1647 	0.1711 
S,E7000,MWH20-499,KWH,X_VAT,NAC,RO	: 	0.3565 	0.367 	0.3997 	0.4105 	0.4118 	0.4214 	0.4176 	0.4126 	0.4159 	0.4159 	0.4095 	0.4656 	0.4354 	0.4743 	0.432 	0.4397 	0.4266 	0.4156 	0.4062 	0.4028 	0.4146 	0.4376 	0.4541 	0.5080 	0.5343 	0.5758 	0.5669 	0.5605 	0.6821 	1.1911 d	1.9168 d	0.9330 	0.9087 	0.8586 	0.8644 	0.8969 
S,E7000,MWH20-499,KWH,X_VAT,NAC,RS	: 	: 	: 	: 	: 	: 	: 	: 	: 	: 	: 	: 	7.984 	9.1641 	8.1022 	9.1814 	8.8408 	9.8783 	9.9374 	7.4942 	9.7537 	10.5879 	9.8814 	10.1716 	11.0640 	11.1983 	11.1193 	10.8666 	10.9274 	12.0253 	12.8944 	15.5726 	17.7055 	19.0069 	19.2082 	17.4453 	18.1903 
S,E7000,MWH20-499,KWH,X_VAT,NAC,SE	0.669 	0.704 	0.748 	0.86 	0.828 	0.81 	0.888 	0.878 	0.903 	0.8543 	0.8218 	0.7709 	0.7604 	0.7601 	0.7324 	0.7151 	0.6746 	0.6569 	0.6652 	0.7358 	0.7326 	0.774 	0.8063 	0.8855 	0.9518 	0.8825 	0.7902 	0.8387 	0.8671 	1.2170 	1.3840 	1.9344 	1.3970 	1.1515 	1.2596 	1.1550 	1.2399 
S,E7000,MWH20-499,KWH,X_VAT,NAC,SI	: 	0.1106 	0.1231 	0.1285 	0.1321 	0.1276 	0.1174 	0.1187 	0.1147 	0.1126 	0.1129 	0.113 	0.1266 	0.1139 	0.1068 	0.1052 	0.1035 	0.1065 	0.1047 	0.1026 	0.0989 	0.0982 	0.1056 	0.1059 	0.1131 	0.1137 	0.1149 	0.1163 	0.1121 	0.1180 	0.1421 	0.1860 	0.2223 	0.2211 	0.1946 	0.1921 	0.1610 
S,E7000,MWH20-499,KWH,X_VAT,NAC,SK	: 	4.2 	4.59 	4.61 	0.1676 	0.1673 	0.1451 	0.1474 	0.1503 	0.1509 	0.1565 	0.1551 	0.1519 	0.1534 	0.1412 	0.1406 	0.1379 	0.1381 	0.1351 	0.1344 	0.133 	0.1313 	0.1347 	0.1375 	0.1473 	0.1510 	0.1541 	0.1547 	0.1510 	0.1583 	0.2317 	0.2594 	0.3400 	0.3064 	0.2264 	0.2381 	0.2200 
S,E7000,MWH20-499,KWH,X_VAT,NAC,TR	: 	0.1168 	0.1329 	0.1673 	0.172 	0.1794 	0.1893 	0.1894 	0.1882 	0.1968 	0.2152 	0.2295 	0.2317 	0.2318 	0.2342 	0.2392 	0.2514 	0.2542 	0.2538 	0.2589 	0.2655 	0.2729 	0.3055 	0.4117 	0.4799 	0.5516 	0.6047 	0.6241 	0.6812 	0.8449 	2.0537 	3.7059 	3.2393 	3.2130 	3.3387 	3.8026 	3.9483 
S,E7000,MWH20-499,KWH,X_VAT,NAC,UA	: 	: 	: 	: 	: 	: 	: 	: 	: 	: 	: 	: 	: 	: 	: 	: 	: 	: 	: 	: 	: 	: 	2.0300 	2.0668 	2.0838 	2.0455 	1.8084 	1.8855 	2.1291 	: 	: 	: 	: 	: 	: 	: 	: 
S,E7000,MWH20-499,KWH,X_VAT,NAC,UK	0.0796 	0.0839 	0.0863 	0.0957 	0.1052 	0.103 	0.1017 	0.1008 	0.1002 	0.1041 	0.1068 	0.108 	0.1107 	0.1144 	0.1183 	0.1186 	0.1224 	0.1221 	0.1197 	0.1224 	0.1247 	0.1273 	0.1334 	0.1415 	0.1465 	0.1513 	0.1544 	: 	: 	: 	: 	: 	: 	: 	: 	: 	: 
S,E7000,MWH20-499,KWH,X_VAT,NAC,XK	: 	: 	: 	: 	: 	: 	: 	: 	: 	: 	: 	: 	0.0823 	0.0812 	0.0825 	0.0911 	0.0885 	0.1018 	0.0877 	0.0965 	0.0945 	0.0989 	0.0938 	0.0943 	0.0809 	0.0816 	0.0813 	0.0830 	0.0809 	0.0823 	0.0826 	0.0828 	0.0890 	0.0963 	0.0944 	0.0927 	: 
S,E7000,MWH20-499,KWH,X_VAT,PPS,AL	: 	: 	: 	: 	: 	: 	: 	: 	: 	: 	: 	: 	: 	: 	: 	: 	: 	: 	: 	: 	: 	: 	: 	: 	0.2092 e	: 	0.2017 e	0.2017 e	0.1990 e	0.1990 e	0.1998 	0.1998 	0.2010 e	0.2014 e	0.2036 	0.2048 e	0.2253 
S,E7000,MWH20-499,KWH,X_VAT,PPS,AT	: 	0.11 	0.1127 	0.11 	0.1189 	0.1179 	0.1168 	0.1169 	0.1164 	0.117 	0.1159 	0.1186 	0.1183 	0.1178 	0.1167 	0.1148 	0.1127 	0.1155 	0.1154 	0.1134 	0.1056 	0.108 	0.1082 	0.1095 	0.1116 	0.1110 	0.1177 	0.1184 	0.1227 	0.1296 	0.1419 	0.1661 e	0.2309 e	0.2348 e	0.2054 e	0.1980 e	0.2021 e
S,E7000,MWH20-499,KWH,X_VAT,PPS,BA	: 	: 	: 	: 	: 	: 	: 	: 	: 	: 	0.1839 	0.1864 	0.1834 	0.1811 	0.1828 	0.1794 	0.1804 	0.1835 	0.1814 	0.1816 	0.166 	0.1679 	0.1708 	0.1647 	0.1713 	0.1709 	0.1771 	0.1771 	0.1739 	0.1711 	0.1673 	0.1977 	0.1806 	0.1771 	0.1838 	0.1880 	0.2097 
S,E7000,MWH20-499,KWH,X_VAT,PPS,BE	: 	0.1084 	0.1262 	0.1277 	0.1162 	0.1121 	0.1166 	0.118 	0.1282 	0.1302 	0.1314 	0.1343 	0.1284 	0.1272 	0.1306 	0.1301 	0.1297 	0.1328 	0.138 	0.1474 	0.1418 	0.1375 	0.1273 	0.1355 	0.1414 	0.1359 	0.1394 	0.1356 	0.1406 	0.1611 	0.2110 	0.2645 	0.2328 	0.2124 	0.1849 	0.1874 	0.2062 
S,E7000,MWH20-499,KWH,X_VAT,PPS,BG	: 	0.1593 	0.1495 	0.171 	0.1635 	0.1612 	0.1603 	0.1609 	0.1521 	0.1637 	0.1689 	0.1925 	0.1947 	0.1873 	0.1856 	0.1932 	0.19 	0.2235 	0.2322 	0.2042 	0.1769 	0.1862 	0.1832 	0.1883 	0.1871 	0.1781 	0.1727 	0.1778 	0.1889 	0.2798 	0.3269 	0.3654 	0.2751 	0.2432 	0.2071 	0.2345 	0.2264 
S,E7000,MWH20-499,KWH,X_VAT,PPS,CY	: 	0.1704 	0.1887 	0.2197 	0.1667 	0.1771 	0.196 	0.2084 	0.2084 	0.2446 	0.2952 	0.2648 	0.2653 	0.2404 	0.227 	0.2305 	0.1898 	0.1767 	0.1483 	0.1662 	0.1866 	0.1714 	0.1698 	0.2080 	0.1944 	0.2052 	0.1781 	0.1534 	0.1758 	0.2121 	0.2669 	0.3545 	0.3242 	0.3124 	0.2898 	0.2909 	0.2715 
S,E7000,MWH20-499,KWH,X_VAT,PPS,CZ	: 	0.174 	0.1813 	0.1824 	0.1948 	0.1948 	0.1903 	0.189 	0.1999 	0.1983 	0.207 	0.2076 	0.2144 	0.2179 	0.1947 	0.1948 	0.1879 	0.1899 	0.1824 	0.1837 	0.1653 	0.1695 	0.1741 	0.1828 	0.1890 	0.1951 	0.1973 	0.1927 	0.1840 	0.1935 	0.2729 	0.2957 	0.2989 	0.2887 	0.2865 	0.2821 	0.2771 
S,E7000,MWH20-499,KWH,X_VAT,PPS,DE	0.1199 	0.1197 	0.1205 	0.1232 	0.1229 	0.123 	0.1254 	0.133 	0.1393 	0.1396 	0.1438 	0.1452 	0.157 	0.16 	0.1795 	0.1709 	0.1688 	0.1646 	0.1691 	0.1663 	0.1644 	0.1624 	0.1584 	0.1603 	0.1607 	0.1685 	0.1821 	0.1843 	0.1849 	0.1866 	0.2085 	0.2019 	0.2211 	0.2216 	0.2421 	0.2425 	0.2360 
S,E7000,MWH20-499,KWH,X_VAT,PPS,DK	: 	0.071 	0.072 	0.0797 	0.0656 	0.0696 	0.0738 	0.0753 	0.0789 	0.074 	0.0773 	0.0793 	0.0823 	0.0805 	0.0761 	0.0756 	0.0743 	0.0743 	0.0749 	0.0743 	0.0756 	0.0745 	0.0764 	0.0754 	0.0696 	0.0682 	0.0624 	0.0678 	0.0738 	0.1075 	0.1419 	0.2079 	0.1280 	0.1062 	0.0898 	0.1160 	0.1080 
S,E7000,MWH20-499,KWH,X_VAT,PPS,EA	: 	0.1115 	0.1155 	0.1182 	0.1227 	0.1175 	0.1219 	0.1208 	0.1306 	0.132 	0.1373 	0.1398 	0.145 	0.1452 	0.1547 	0.1498 	0.1536 	0.1488 	0.1458 	0.1418 	0.1479 	0.1440 	0.1416 	0.1441 	0.1526 	0.1515 	0.1583 	0.1536 	0.1612 	0.1695 	0.2072 	0.2319 	0.2512 	0.2313 	0.2282 	0.2277 	0.2286 
S,E7000,MWH20-499,KWH,X_VAT,PPS,EE	: 	0.0847 	0.0846 	0.0914 	0.0982 	0.099 	0.1103 	0.1152 	0.1072 	0.1114 	0.1122 	0.1201 	0.1417 	0.1426 	0.1298 	0.1335 	0.1274 	0.1354 	0.128 	0.1349 	0.1203 	0.1209 	0.1201 	0.1300 	0.1228 	0.1210 	0.1104 	0.1179 	0.1267 	0.2008 	0.1999 	0.2834 	0.1801 	0.1819 	0.1718 	0.1741 	0.1718 
S,E7000,MWH20-499,KWH,X_VAT,PPS,EL	: 	0.1104 	0.1172 	0.1262 	0.1279 	0.125 	0.1281 	0.1351 	0.1383 	0.1438 	0.1596 	0.1636 	0.1843 	0.1887 	0.2053 	0.2195 	0.2063 	0.2329 	0.1941 	0.1871 	0.1727 	0.1936 	0.1745 	0.1740 	0.1712 	0.1754 	0.1702 	0.1758 	0.1920 	0.2940 	0.3275 	0.3984 	0.3200 	0.2776 	0.2500 	0.2891 	0.2930 
S,E7000,MWH20-499,KWH,X_VAT,PPS,ES	: 	0.1293 	0.1267 	0.1365 	0.1395 	0.1415 	0.1482 	0.1472 	0.1477 	0.1565 	0.1691 	0.1722 	0.1666 	0.1702 	0.1787 	0.1742 	0.1766 	0.1688 	0.1657 	0.1577 	0.1491 	0.1508 	0.1281 	0.1523 	0.1588 	0.1543 	0.1555 	0.1575 	0.1495 	0.1598 	0.2256 	0.2642 	0.2239 	0.2071 	0.1949 	0.1944 	0.1974 
S,E7000,MWH20-499,KWH,X_VAT,PPS,EU27_2020	: 	: 	: 	: 	: 	: 	: 	: 	: 	: 	: 	: 	: 	: 	: 	: 	: 	: 	: 	: 	0.1468 	0.1439 	0.1425 	0.1454 	0.1538 	0.1516 	0.1594 	0.1558 	0.1626 	0.1735 	0.2160 	0.2516 	0.2606 	0.2413 	0.2347 	0.2352 	0.2350 
S,E7000,MWH20-499,KWH,X_VAT,PPS,FI	0.0593 	0.0583 	0.0613 	0.0646 	0.0649 	0.0644 	0.0668 	0.0667 	0.0728 	0.0732 	0.0728 	0.073 	0.0726 	0.0722 	0.0704 	0.0692 	0.0676 	0.0674 	0.0678 	0.0697 	0.0677 	0.0662 	0.0663 	0.0692 	0.0701 	0.0701 	0.0681 	0.0721 	0.0666 	0.0752 	0.0767 	0.1098 	0.1076 	0.0890 	0.0975 	0.0835 	0.0802 
S,E7000,MWH20-499,KWH,X_VAT,PPS,FR	: 	0.0673 	0.076 	0.0705 	0.0805 	0.0737 	0.0837 	0.0793 	0.0905 	0.0881 	0.0898 	0.091 	0.097 	0.101 	0.107 	0.1045 	0.115 	0.1111 	0.1071 	0.1011 	0.1093 	0.1053 	0.1134 	0.1081 	0.1205 	0.1169 	0.1306 	0.1166 	0.1332 	0.1197 	0.1443 	0.1357 	0.2570 	0.2200 	0.2179 	0.1961 	0.2028 
S,E7000,MWH20-499,KWH,X_VAT,PPS,HR	0.1247 	0.1226 	0.1183 	0.1468 	0.1425 	0.1465 	0.1509 	0.148 	0.1542 	0.1526 	0.1637 	0.1741 	0.1769 	0.1745 	0.1751 	0.1725 	0.1698 	0.1704 	0.1686 	0.1663 	0.1598 	0.1671 	0.1743 	0.1745 	0.1869 	0.1927 	0.1900 	0.1857 	0.1872 	0.2072 	0.3029 	0.4744 	0.5037 	0.3743 	0.3553 	0.3663 	0.3531 
S,E7000,MWH20-499,KWH,X_VAT,PPS,HU	: 	0.1946 	0.207 	0.2061 	0.2252 	0.1992 	0.1814 	0.1782 	0.1778 	0.1916 	0.191 	0.1899 	0.1872 	0.1853 	0.1786 	0.1772 	0.171 	0.1724 	0.1638 	0.1664 	0.144 e	0.1449 	0.1539 	0.1563 	0.1706 	0.1735 	0.1807 	0.1796 	0.1684 	0.1824 	0.2488 	0.3734 	0.4931 	0.4399 	0.3613 	0.3872 	0.3404 
S,E7000,MWH20-499,KWH,X_VAT,PPS,IE	: 	0.1173 	0.1141 	0.1272 	0.1263 	0.1186 	0.1237 	0.1227 	0.1217 	0.1366 	0.1416 	0.1436 	0.146 	0.1455 	0.1444 	0.1437 	0.1474 	0.1474 	0.1434 	0.1427 	0.1299 	0.1307 	0.1340 	0.1380 	0.1355 	0.1342 	0.1388 	0.1352 	0.1515 	0.1749 	0.1994 	0.2704 	0.2975 	0.2518 	0.2524 	0.2634 	0.2596 
S,E7000,MWH20-499,KWH,X_VAT,PPS,IS	: 	: 	: 	: 	: 	: 	: 	: 	: 	: 	: 	: 	: 	: 	: 	: 	: 	: 	0.0561 	0.0536 	0.0548 p	: 	0.0499 e	0.0501 	0.0522 	0.0514 	0.0484 e	0.0526 	0.0478 e	0.0547 e	0.0528 e	0.0570 e	0.0616 e	0.0621 e	0.0682 e	0.0791 e	: 
S,E7000,MWH20-499,KWH,X_VAT,PPS,IT	: 	: 	0.1511 	0.161 	0.1587 	0.1477 	0.1521 	0.1489 	0.1696 	0.183 	0.1819 	0.2011 	0.1929 	0.197 	0.1956 	0.1978 	0.1883 	0.1853 	0.1831 	0.1849 	0.1738 	0.1694 	0.1588 	0.1676 	0.1899 	0.1874 	0.1740 	0.1681 	0.1802 	0.2108 	0.2741 	0.3509 	0.3034 	0.2733 	0.2531 	0.2733 	0.2715 
S,E7000,MWH20-499,KWH,X_VAT,PPS,LT	: 	0.1502 	0.1498 	0.1511 	0.1655 	0.1486 	0.1853 	0.1893 	0.1888 	0.1894 	0.1994 	0.1992 	0.2106 	0.2113 	0.2012 	0.2022 	0.1776 	0.1818 	0.1746 	0.1669 	0.1455 	0.1449 	0.1419 	0.1562 	0.1543 	0.1571 	0.1542 	0.1681 	0.1722 	0.2267 	0.2639 	0.4608 	0.2706 	0.2528 	0.2588 	0.2521 	0.2482 
S,E7000,MWH20-499,KWH,X_VAT,PPS,LU	0.1144 	0.0972 	0.0955 	0.0958 	0.1087 	0.1088 	0.095 	0.0962 	0.0957 	0.0965 	0.0997 	0.0985 	0.0947 	0.0955 	0.0952 	0.0935 	0.0863 	0.0859 	0.0859 	0.086 	0.0815 	0.0798 	0.0825 	0.0850 	0.0876 	0.0877 	0.0904 	0.0902 	0.0918 	0.0955 	0.1184 	0.1244 	0.2006 	0.1828 	0.1650 	0.1617 	0.1861 
S,E7000,MWH20-499,KWH,X_VAT,PPS,LV	: 	0.1077 	0.1057 	0.1271 	0.1409 	0.1417 	0.1462 	0.1472 	0.1579 	0.1783 	0.1723 	0.1739 	0.1761 	0.1809 	0.1871 	0.1898 	0.1922 	0.1939 	0.193 	0.2051 	0.1908 	0.1892 	0.1792 	0.1780 	0.1751 	0.1770 	0.1723 	0.1750 	0.1700 	0.2048 	0.1572 	0.2889 	0.2094 	0.2157 	0.2145 	0.2250 	0.2143 
S,E7000,MWH20-499,KWH,X_VAT,PPS,ME	: 	: 	: 	: 	: 	: 	: 	: 	0.2041 	0.1821 	0.1776 	0.1745 	0.1736 	0.1764 	0.1762 	0.1729 	0.1865 	0.1838 	0.1859 	0.1858 	0.1861 	: 	0.1856 	0.1825 	0.1996 	0.2013 	0.2066 	0.1608 	0.2074 	0.1550 	0.1979 	0.2006 	0.1944 	0.1812 	0.1815 	0.1813 	0.1903 p
S,E7000,MWH20-499,KWH,X_VAT,PPS,MK	: 	: 	: 	: 	: 	: 	: 	: 	: 	: 	: 	: @C	0.265 	0.2534 	0.2537 	0.2669 	0.2925 	0.2891 	0.2844 	0.2115 	0.1885 	0.187 	0.1851 	0.1902 	0.1955 	0.1996 	0.2005 	0.1976 	0.2032 	0.3451 	0.4253 	0.6586 	0.3987 	0.2775 	0.2388 	0.3213 	0.2772 
S,E7000,MWH20-499,KWH,X_VAT,PPS,MT	: 	0.1842 	0.1797 	0.246 	0.2255 	0.1959 	0.2738 	0.2752 	0.2645 	0.2645 	0.2622 	0.2622 	0.2577 	0.2564 	0.2495 	0.2508 	0.2225 	0.1939 	0.1968 	0.194 	0.1829 	0.1833 	0.1765 	0.1770 	0.1767 	0.1771 	0.1730 	0.1733 	0.1731 	0.1769 	0.1740 	0.1804 	0.1746 	0.1737 	0.1789 	0.1664 	0.1656 p
S,E7000,MWH20-499,KWH,X_VAT,PPS,NL	0.1249 	0.1162 	0.116 	0.1116 	0.1408 	0.1106 	0.1323 	0.101 	0.1274 	0.0988 	0.1315 	0.0992 	0.1338 	0.1018 	0.1322 	0.0997 	0.1318 	0.0972 	0.1272 	0.0946 	0.1326 	0.0948 	0.1379 	0.1065 	0.1288 	0.1034 	0.1387 	0.1121 	0.1443 	0.1279 	0.1809 	0.1944 	0.2627 	0.2180 	0.2387 	0.2185 	0.2264 
S,E7000,MWH20-499,KWH,X_VAT,PPS,NO	: 	0.0561 	0.0564 	0.0658 	0.0595 	0.0574 	0.0723 	0.0645 	0.0744 	0.0599 	0.0607 	0.0543 	0.0605 	0.0581 	0.0537 	0.0549 	0.0537 	0.0508 	0.055 	0.0578 	0.0476 	0.0486 	0.0534 	0.0606 	0.0563 	0.0532 	0.0363 	0.0345 	0.0557 	0.0834 	0.0979 	0.1431 	0.0925 	0.0723 	0.0774 	0.0573 	0.0638 
S,E7000,MWH20-499,KWH,X_VAT,PPS,PL	: 	0.175 	0.1518 	0.1581 	0.1887 	0.1884 	0.1968 	0.1992 	0.1966 	0.2022 	0.2063 	0.2051 	0.204 	0.1995 	0.1895 	0.1937 	0.1984 	0.199 	0.1972 	0.1966 	0.1916 	0.1883 	0.1869 	0.1904 	0.1995 	0.1777 	0.2163 	0.2170 	0.2270 	0.2301 	0.2916 	0.3486 	0.3871 	0.3874 	0.3601 	0.3638 	0.3630 
S,E7000,MWH20-499,KWH,X_VAT,PPS,PT	: 	0.127 	0.1308 	0.1321 	0.1342 	0.1364 	0.143 	0.145 	0.152 	0.1567 	0.1699 	0.1757 	0.1853 	0.1803 	0.1921 	0.1894 	0.1887 	0.1848 	0.1925 	0.1917 	0.1836 	0.1813 	0.1771 	0.1775 	0.1668 	0.1766 	0.1680 	0.1657 	0.1645 	0.1772 	0.1652 	0.1867 	0.1612 	0.1831 	0.1897 	0.2001 	0.2075 
S,E7000,MWH20-499,KWH,X_VAT,PPS,RO	: 	0.1913 	0.1795 	0.1955 	0.1949 	0.1955 	0.2021 	0.2003 	0.1956 	0.1972 	0.1958 	0.1928 	0.2112 	0.1975 	0.2076 	0.1891 	0.1924 	0.1936 	0.1886 	0.1863 	0.1714 	0.1764 	0.1776 	0.1843 	0.2017 	0.2122 	0.2253 	0.2218 	0.2193 	0.2607 	0.4319 d	0.6950 d	0.3383 	0.3295 	0.3054 	0.3050 	0.3022 
S,E7000,MWH20-499,KWH,X_VAT,PPS,RS	: 	: 	: 	: 	: 	: 	: 	: 	: 	: 	: 	: 	0.1451 	0.1665 	0.1424 	0.1614 	0.1554 	0.1837 	0.1824 	0.1384 	0.1641 	0.1781 	0.1636 	0.1684 	0.1803 	0.1825 	0.1779 	0.1738 	0.1748 	0.1878 	0.2014 	0.2436 	0.2625 	0.2776 	0.2674 	0.2444 	0.2529 
S,E7000,MWH20-499,KWH,X_VAT,PPS,SE	0.0611 	0.0643 	0.0666 	0.0766 	0.0699 	0.0683 	0.0754 	0.0745 	0.077 	0.0728 	0.0708 	0.0665 	0.0652 	0.0652 	0.0618 	0.0603 	0.0569 	0.0548 	0.0555 	0.0616 	0.0568 	0.06 	0.0617 	0.0678 	0.0720 	0.0668 	0.0597 	0.0634 	0.0659 	0.0925 	0.1052 	0.1470 	0.1037 	0.0852 	0.0926 	0.0855 	0.0922 
S,E7000,MWH20-499,KWH,X_VAT,PPS,SI	: 	0.1426 	0.1516 	0.1583 	0.1542 	0.1489 	0.1397 	0.1412 	0.1373 	0.1348 	0.1395 	0.1396 	0.1572 	0.1415 	0.1336 	0.1316 	0.1295 	0.1332 	0.133 	0.131 	0.1191 	0.1183 	0.1260 	0.1264 	0.1350 	0.1358 	0.1367 	0.1383 	0.1333 	0.1392 	0.1676 	0.2190 	0.2586 	0.2606 	0.2249 	0.2230 	0.1846 
S,E7000,MWH20-499,KWH,X_VAT,PPS,SK	: 	0.185 	0.2148 	0.2157 	0.2466 	0.2462 	0.2171 	0.2205 	0.2187 	0.2196 	0.2292 	0.2271 	0.2236 	0.2258 	0.2119 	0.211 	0.207 	0.2125 	0.2066 	0.2068 	0.1768 	0.1746 	0.1754 	0.1790 	0.1871 	0.1918 	0.1914 	0.1922 	0.1876 	0.1956 	0.2863 	0.3224 	0.4104 	0.3864 	0.2794 	0.2975 	0.2743 
S,E7000,MWH20-499,KWH,X_VAT,PPS,TR	: 	0.1097 	0.1166 	0.1468 	0.1418 	0.1479 	0.1536 	0.1537 	0.1432 	0.1497 	0.1556 	0.1659 	0.1573 	0.1574 	0.1476 	0.1507 	0.1584 	0.1626 	0.1528 	0.1557 	0.1317 	0.1354 	0.1268 	0.1709 	0.1700 	0.1954 	0.1839 	0.1898 	0.2072 	0.2027 	0.4927 	0.5110 	0.4365 	0.4330 	0.2995 	0.2101 	0.2182 
S,E7000,MWH20-499,KWH,X_VAT,PPS,UK	0.1001 	0.1055 	0.1036 	0.1149 	0.1206 	0.1181 	0.1123 	0.1113 	0.1081 	0.1123 	0.1168 	0.1181 	0.1197 	0.1237 	0.1262 	0.1265 	0.1327 	0.1324 	0.1298 	0.1327 	0.1251 	0.1277 	0.1323 	0.1404 	0.1439 	0.1486 	0.1497 	: 	: 	: 	: 	: 	: 	: 	: 	: 	: 
S,E7000,MWH2000-19999,KWH,I_TAX,EUR,AL	: 	: 	: 	: 	: 	: 	: 	: 	: 	: 	: 	: 	: 	: 	: 	: 	: 	: 	: 	: 	: 	: 	: 	: 	0.1248 e	: 	0.1245 e	0.1243 e	0.1247 e	0.1263 e	0.1268 	0.1316 	0.1362 e	0.1468 e	0.1503 	0.1551 e	0.1703 
S,E7000,MWH2000-19999,KWH,I_TAX,EUR,AT	: 	0.0974 	0.1111 	0.1158 	0.1304 	0.1297 	0.1238 	0.1238 	0.1215 	0.1217 	0.118 	0.1182 	0.1181 	0.1176 	0.1152 	0.1125 	0.1077 	0.1093 	0.1059 	0.0978 	0.0976 	0.1011 	0.1014 	0.1059 	0.1137 	0.1149 	0.1157 	0.1237 	0.1294 	0.1434 	0.2089 	0.2332 e	0.2787 e	0.2663 e	0.2066 e	0.2148 e	0.2164 e
S,E7000,MWH2000-19999,KWH,I_TAX,EUR,BA	: 	: 	: 	: 	: 	: 	: 	: 	: 	: 	0.077 	0.0776 	0.0756 	0.0769 	0.0779 	0.0766 	0.0763 	0.0758 	0.0735 	0.071 	0.0689 	0.0705 	0.0723 	0.0730 	0.0771 	0.0795 	0.0819 	0.0821 	0.0801 	0.0814 	0.0893 	0.0963 	0.1102 	0.1070 	0.1142 	0.1143 	0.1222 
S,E7000,MWH2000-19999,KWH,I_TAX,EUR,BE	: 	0.102 	0.113 	0.1165 	0.1221 	0.1195 	0.1136 	0.1137 	0.1174 	0.1232 	0.1209 	0.1173 	0.1126 	0.1202 	0.1116 	0.1166 	0.1133 	0.1164 	0.1146 	0.1175 	0.1107 	0.11 	0.1068 	0.1147 	0.1191 	0.1192 	0.1188 	0.1197 	0.1215 	0.1398 	0.1930 	0.2390 	0.2653 	0.2527 	0.1962 	0.1946 	0.2007 
S,E7000,MWH2000-19999,KWH,I_TAX,EUR,BG	: 	0.0608 	0.0593 	0.0711 	0.0716 	0.07 	0.069 	0.0719 	0.07 	0.071 	0.0761 	0.0839 	0.0841 	0.0757 	0.0815 	0.0817 	0.0743 	0.0841 	0.0917 	0.0841 	0.0817 	0.0846 	0.0895 	0.0919 	0.0980 	0.0991 	0.0938 	0.0947 	0.1084 	0.1767 	0.1988 	0.1937 	0.1690 	0.1588 	0.1297 	0.1547 	0.1447 
S,E7000,MWH2000-19999,KWH,I_TAX,EUR,CY	: 	0.1472 	0.1512 	0.197 	0.1243 	0.1563 	0.1607 	0.1857 	0.1735 	0.2262 	0.2431 	0.2577 	0.2293 	0.223 	0.1937 	0.2063 	0.1485 	0.1468 	0.1076 	0.1427 	0.1522 	0.1574 	0.1570 	0.2028 	0.1809 	0.2003 	0.1637 	0.1535 	0.1723 	0.2239 	0.2805 	0.3638 	0.3150 	0.3141 	0.2789 	0.2905 	0.2632 
S,E7000,MWH2000-19999,KWH,I_TAX,EUR,CZ	: 	0.0924 	0.1099 	0.1121 	0.1116 	0.1165 	0.1128 	0.1163 	0.1195 	0.116 	0.1163 	0.1167 	0.1176 	0.1155 	0.095 	0.0933 	0.0868 	0.0871 	0.0773 	0.0761 	0.075 	0.0763 	0.0772 	0.0770 	0.0884 	0.0914 	0.0983 	0.0989 	0.1067 	0.1127 	0.1994 	0.2054 	0.2217 	0.2091 	0.2096 	0.2120 	0.2003 
S,E7000,MWH2000-19999,KWH,I_TAX,EUR,DE	0.1152 	0.121 	0.1286 	0.1277 	0.1341 	0.1356 	0.1346 	0.1405 	0.1517 	0.1539 	0.1546 	0.1574 	0.1704 	0.1689 	0.1821 	0.1761 	0.1749 	0.173 	0.1712 	0.1685 	0.1692 	0.1694 	0.1635 	0.1663 	0.1742 	0.1781 	0.1918 	0.1904 	0.1908 	0.2077 	0.2415 	0.2439 	0.2564 	0.2518 	0.2482 	0.2552 	0.2378 
S,E7000,MWH2000-19999,KWH,I_TAX,EUR,DK	: 	0.2068 	0.2111 	0.2243 	0.2062 	0.2134 	0.2265 	0.2287 	0.2417 	0.2338 	0.2385 	0.2416 	0.2491 	0.2458 	0.2558 	0.2595 	0.2587 	0.2585 	0.2662 	0.2632 	0.2555 	0.256 	0.2522 	0.2486 	0.2346 	0.2311 	0.2275 	0.2371 	0.2489 	0.2979 	0.3429 	0.4011 	0.1696 	0.2555 	0.2623 	0.2846 	0.2768 
S,E7000,MWH2000-19999,KWH,I_TAX,EUR,EA	0.1081 	0.0945 	0.1073 	0.1115 	0.1165 	0.1124 	0.1128 	0.1142 	0.1215 	0.1238 	0.1327 	0.1324 	0.1367 	0.1358 	0.1392 	0.1377 	0.1355 	0.1335 	0.1286 	0.127 	0.1278 	0.1264 	0.1246 	0.1251 	0.1348 	0.1342 	0.1369 	0.1365 	0.1402 	0.1661 	0.2155 	0.2429 	0.2482 	0.2315 	0.1984 	0.2089 	0.2001 
S,E7000,MWH2000-19999,KWH,I_TAX,EUR,EE	: 	0.053 	0.0571 	0.0616 	0.0664 	0.0686 	0.0802 	0.0866 	0.0862 	0.0873 	0.0923 	0.0967 	0.1087 	0.1078 	0.1008 	0.1022 	0.0982 	0.1066 	0.097 	0.0967 	0.0929 	0.0906 	0.0899 	0.0954 	0.0972 	0.0982 	0.0887 	0.0920 	0.1014 	0.1523 	0.1860 	0.2714 	0.1819 	0.1768 	0.1609 	0.1713 	0.1588 
S,E7000,MWH2000-19999,KWH,I_TAX,EUR,EL	: 	0.0736 	0.0806 	0.0873 	0.0906 	0.0884 	0.0903 	0.0993 	0.1 	0.104 	0.1155 	0.1197 	0.1207 	0.1209 	0.123 	0.1203 	0.1132 	0.1014 	0.105 	0.0975 	0.1023 	0.1118 	0.0983 	0.0997 	0.1026 	0.1006 	0.0994 	0.0954 	0.1090 	0.2042 	0.2337 	0.2425 	0.1859 	0.1795 	0.1481 	0.1973 	0.1931 
S,E7000,MWH2000-19999,KWH,I_TAX,EUR,ES	: 	0.0961 	0.0968 	0.1033 	0.1106 	0.1084 	0.1076 	0.1058 	0.1081 	0.1106 	0.1198 	0.1214 	0.1266 	0.1306 	0.1257 	0.1245 	0.1172 	0.1156 	0.1092 	0.1045 	0.1066 	0.104 	0.1200 	0.1150 	0.1170 	0.1123 	0.1017 	0.1016 	0.1061 	0.1778 	0.2279 	0.2811 	0.1730 	0.1615 	0.1380 	0.1549 	0.1508 
S,E7000,MWH2000-19999,KWH,I_TAX,EUR,EU27_2020	0.1013 	0.0941 	0.1061 	0.1103 	0.1136 	0.1109 	0.1117 	0.1131 	0.1197 	0.1206 	0.1279 	0.128 	0.1317 	0.1302 	0.1317 	0.1302 	0.1282 	0.1263 	0.1217 	0.1204 	0.1210 	0.1199 	0.1188 	0.1196 	0.1295 	0.1273 	0.1307 	0.1307 	0.1343 	0.1595 	0.2090 	0.2384 	0.2409 	0.2251 	0.1962 	0.2057 	0.1971 
S,E7000,MWH2000-19999,KWH,I_TAX,EUR,FI	0.0679 	0.0685 	0.0744 	0.0783 	0.0802 	0.081 	0.0829 	0.0821 	0.0901 	0.0889 	0.0886 	0.0884 	0.0883 	0.0889 	0.0864 	0.0869 	0.0822 	0.0845 	0.0807 	0.0827 	0.0791 	0.0807 	0.0806 	0.0841 	0.0836 	0.0839 	0.0808 	0.0894 	0.0790 	0.0970 	0.1071 	0.1585 	0.1171 	0.1059 	0.1008 	0.0848 	0.0892 
S,E7000,MWH2000-19999,KWH,I_TAX,EUR,FR	: 	0.0632 	0.0698 	0.0671 	0.082 	0.0732 	0.0831 	0.0733 	0.0886 	0.0821 	0.0955 	0.0836 	0.0995 	0.0887 	0.1014 	0.0968 	0.1073 	0.1016 	0.0941 	0.09 	0.0938 	0.0885 	0.0921 	0.0861 	0.0997 	0.0941 	0.1016 	0.0964 	0.1035 	0.1047 	0.1488 	0.1346 	0.2662 	0.2426 	0.1651 	0.1704 	0.1555 
S,E7000,MWH2000-19999,KWH,I_TAX,EUR,GE	: 	: 	: 	: 	: 	: 	: 	: 	: 	: 	: 	: 	: 	: 	: 	: 	: 	: 	: 	: 	: 	: 	0.0529 	0.0605 	0.0632 	0.0504 	0.0540 	0.0467 	0.0824 	0.0734 	: 	0.1079 	0.1086 	0.1080 	0.0933 	0.0922 	0.0982 
S,E7000,MWH2000-19999,KWH,I_TAX,EUR,HR	0.0516 	0.0765 	0.0756 	0.0975 	0.0894 	0.0959 	0.0983 	0.0955 	0.0953 	0.093 	0.0943 	0.1004 	0.1014 	0.0998 	0.1019 	0.0977 	0.0988 	0.1006 	0.0973 	0.0957 	0.086 	0.0912 	0.0982 	0.1012 	0.1052 	0.1075 	0.1073 	0.1061 	0.1045 	0.1150 	0.1501 	0.2175 	0.2652 	0.2273 	0.2258 	0.2237 	0.2242 
S,E7000,MWH2000-19999,KWH,I_TAX,EUR,HU	: 	0.1192 	0.1199 	0.1306 	0.1321 	0.1429 	0.1172 	0.1172 	0.1195 	0.1242 	0.115 	0.1212 	0.1176 	0.1206 	0.111 	0.1093 	0.106 	0.1064 	0.0951 	0.0933 	0.089 e	0.0908 	0.0950 	0.0944 	0.1121 	0.1080 	0.1116 	0.1101 	0.1059 	0.1278 	0.2257 	0.3045 	0.3451 	0.2953 	0.2362 	0.2636 	0.2304 
S,E7000,MWH2000-19999,KWH,I_TAX,EUR,IE	: 	0.12 	0.1317 	0.1435 	0.1205 	0.109 	0.0934 	0.0967 	0.097 	0.1081 	0.116 	0.1326 	0.1278 	0.1282 	0.1284 	0.1257 	0.1293 	0.1234 	0.1126 	0.1129 	0.1142 	0.1114 	0.1193 	0.1227 	0.1178 	0.1152 	0.1129 	0.1180 	0.1346 	0.1855 	0.2114 	0.2670 	0.2581 	0.2342 	0.2334 	0.2385 	0.2436 
S,E7000,MWH2000-19999,KWH,I_TAX,EUR,IS	: 	: 	: 	: 	: 	: 	: 	: 	: 	: 	: 	: 	: 	: 	: 	: 	: 	: 	0.0721 	0.0517 	0.0705 p	: 	0.0741 e	0.0512 	0.0530 	0.0527 e	0.0554 e	0.0536 e	0.0503 e	0.0715 e	0.0782 e	0.0803 e	0.0790 e	0.0782 e	0.0999 e	0.1113 e	: 
S,E7000,MWH2000-19999,KWH,I_TAX,EUR,IT	: 	: 	0.1398 	0.1582 	0.1499 	0.1374 	0.1354 	0.1454 	0.1446 	0.156 	0.1843 	0.1898 	0.1722 	0.179 	0.1714 	0.1795 	0.1663 	0.166 	0.1572 	0.1611 	0.1508 	0.1486 	0.1335 	0.1367 	0.1587 	0.1575 	0.1437 	0.1469 	0.1507 	0.1801 	0.2639 	0.3542 	0.2703 	0.2331 	0.2081 	0.2253 	0.2277 
S,E7000,MWH2000-19999,KWH,I_TAX,EUR,LI	: 	: 	: 	: 	: 	: 	: 	: 	: 	: 	: 	: 	: 	: 	: 	: 	: 	: 	: 	: 	0 	: 	: 	: 	: 	: 	: 	: 	: 	: 	: 	: 	: 	: 	: 	: 	: 
S,E7000,MWH2000-19999,KWH,I_TAX,EUR,LT	: 	0.074 	0.0827 	0.0831 	0.093 	0.0804 	0.111 	0.1238 	0.1235 	0.1242 	0.1301 	0.13 	0.1437 	0.1372 	0.1408 	0.1416 	0.1098 	0.1093 	0.101 	0.0959 	0.0913 	0.0902 	0.0917 	0.0983 	0.1023 	0.1022 	0.0970 	0.1082 	0.1117 	0.1528 	0.1738 	0.2965 	0.1789 	0.1797 	0.1744 	0.1729 	0.1626 
S,E7000,MWH2000-19999,KWH,I_TAX,EUR,LU	: 	: 	: 	: 	0.0991 	0.0992 	0.0828 	0.0842 	0.0774 	0.0776 	0.0778 	0.0838 	0.079 	0.0765 	0.0695 	0.0714 	0.069 	0.0631 	0.0583 	0.0587 	0.0696 	0.0719 	0.0731 	0.0740 	0.0778 	0.0798 	0.0601 	0.0824 	0.0821 	0.0898 	0.1302 	0.1499 	0.2435 	0.2191 	0.1867 	0.1869 	0.1598 
S,E7000,MWH2000-19999,KWH,I_TAX,EUR,LV	: 	0.0589 	0.0691 	0.0839 	0.1028 	0.1017 	0.0998 	0.1029 	0.1103 	0.1206 	0.1207 	0.1209 	0.1262 	0.1288 	0.13 	0.1235 	0.1308 	0.1297 	0.13 	0.1297 	0.125 	0.1243 	0.1046 	0.1094 	0.1107 	0.1116 	0.1022 	0.1075 	0.1042 	0.1497 	0.1552 	0.2810 	0.1614 	0.1631 	0.1477 	0.1479 	0.1367 
S,E7000,MWH2000-19999,KWH,I_TAX,EUR,MD	: 	: 	: 	: 	: 	: 	: 	: 	: 	: 	: 	: 	: 	: 	: 	: 	0.0834 	0.0884 	0.0823 	0.0844 	0.0897 	0.0944 	0.0983 	0.0873 	0.0833 	0.0888 	0.0908 	0.0829 	0.0718 	0.0720 	0.0905 	0.1645 	0.1648 	0.1251 	0.1114 	0.1095 	0.1955 
S,E7000,MWH2000-19999,KWH,I_TAX,EUR,ME	: 	: 	: 	: 	: 	: 	: 	: 	0.0578 	0.0576 	0.0642 	0.0696 	0.0734 	0.074 	0.0756 	0.0732 	0.0733 	0.0738 	0.0763 	0.0771 	0.0762 	: 	0.0777 	0.0767 	0.0855 	0.0881 	0.0855 	0.0736 	0.0850 	: @C	0.0884 	0.0893 	0.0860 	0.0816 	0.0858 	0.0806 	0.0823 p
S,E7000,MWH2000-19999,KWH,I_TAX,EUR,MK	: 	: 	: 	: 	: 	: 	: 	: 	: 	: 	: 	: @C	0.0902 	0.0824 	0.0758 	0.0747 	0.0795 	0.0771 	0.0755 	0.0703 	0.0614 	0.0653 	0.0719 	0.0760 	0.0817 	0.0867 	0.0879 	0.0821 	0.0798 	0.1154 	0.1974 	0.3413 	0.1978 	0.1374 	0.1158 	0.1589 	0.1388 
S,E7000,MWH2000-19999,KWH,I_TAX,EUR,MT	: 	0.0962 	0.0963 	0.1389 	0.1292 	0.0903 	0.1569 	0.1676 	0.1663 	0.1651 	0.1674 	0.1657 	0.1669 	0.1633 	0.1644 	0.1656 	0.1482 	0.1301 	0.1282 	0.1294 	0.1263 	0.1259 	0.1258 	0.1255 	0.1250 	0.1244 	0.1242 	0.1243 	0.1245 	0.1286 	0.1247 	0.1245 	0.1286 	0.1285 	0.1285 	0.1242 	0.1235 p
S,E7000,MWH2000-19999,KWH,I_TAX,EUR,NL	0.1059 	0.1039 	0.1074 	0.1089 	0.1176 	0.1158 	0.1059 	0.106 	0.1033 	0.1038 	0.101 	0.104 	0.1069 	0.1047 	0.1021 	0.0994 	0.0989 	0.0964 	0.0937 	0.0927 	0.0890 	0.0870 	0.0910 	0.0940 	0.1050 	0.1040 	0.1201 	0.1195 	0.1280 	0.1543 	0.2096 	0.2283 	0.3002 	0.2740 	0.2323 	0.2328 	0.2185 
S,E7000,MWH2000-19999,KWH,I_TAX,EUR,NO	: 	0.0802 	0.082 	0.0847 	0.0859 	0.084 	0.1109 	0.0987 	0.12 	0.0953 	0.0929 	0.087 	0.0986 	0.0892 	0.0806 	0.0818 	0.0773 	0.0679 	0.0767 	0.0853 	0.0738 	0.0731 	0.0826 	0.0943 	0.0892 	0.0800 	0.0511 	0.0471 	0.0864 	0.1370 	0.1693 	0.2480 	0.1295 	0.0896 	0.0959 	0.0720 	0.0886 
S,E7000,MWH2000-19999,KWH,I_TAX,EUR,PL	: 	0.0846 	0.1018 	0.0969 	0.0982 	0.1027 	0.104 	0.1048 	0.106 	0.097 	0.1001 	0.104 	0.0978 	0.0926 	0.0866 	0.0876 	0.0944 	0.0925 	0.0882 	0.0873 	0.0937 	0.093 	0.0955 	0.0960 	0.1138 	0.0944 	0.1207 	0.1183 	0.1178 	0.1220 	0.1578 	0.1772 	0.2570 	0.2454 	0.2220 	0.2310 	0.2118 
S,E7000,MWH2000-19999,KWH,I_TAX,EUR,PT	: 	0.0721 	0.0847 	0.0857 	0.0882 	0.0862 	0.0844 	0.0837 	0.0956 	0.1053 	0.1296 	0.1278 	0.1278 	0.1257 	0.1239 	0.1241 	0.1269 	0.1277 	0.1254 	0.1263 	0.1268 	0.1283 	0.1289 	0.1341 	0.1224 	0.1288 	0.1249 	0.1232 	0.1183 	0.1449 	0.1613 	0.1656 	0.1065 	0.1357 	0.1288 	0.1525 	0.1500 
S,E7000,MWH2000-19999,KWH,I_TAX,EUR,RO	: 	0.0944 	0.0933 	0.0954 	0.0878 	0.0854 	0.0857 	0.0866 	0.09 	0.0931 	0.0921 	0.0975 	0.1154 	0.1036 	0.0976 	0.0905 	0.0927 	0.0886 	0.0819 	0.0865 	0.0848 	0.0868 	0.0918 	0.0966 	0.1078 	0.1124 	0.1188 	0.1134 	0.1094 	0.1539 	0.2941 d	0.3762 d	0.2078 	0.1976 	0.1831 	0.1945 	0.1944 
S,E7000,MWH2000-19999,KWH,I_TAX,EUR,RS	: 	: 	: 	: 	: 	: 	: 	: 	: 	: 	: 	: 	0.059 	0.061 	0.0553 	0.0723 	0.0675 	0.0746 	0.0725 	0.0547 	0.0697 	0.074 	0.0770 	0.0787 	0.0901 	0.0890 	0.0895 	0.0880 	0.0886 	0.0950 	0.1108 	0.1295 	0.1582 	0.1684 	0.1624 	0.1484 	0.1549 
S,E7000,MWH2000-19999,KWH,I_TAX,EUR,SE	0.0654 	0.0725 	0.0773 	0.0856 	0.0738 	0.075 	0.0897 	0.0919 	0.0985 	0.0885 	0.0891 	0.0841 	0.0862 	0.084 	0.0794 	0.0747 	0.0682 	0.0643 	0.0664 	0.0697 	0.0691 	0.0695 	0.0707 	0.0770 	0.0830 	0.0745 	0.0596 	0.0693 	0.0756 	0.1105 	0.1226 	0.1684 	0.1227 	0.0973 	0.1046 	0.0907 	0.1048 
S,E7000,MWH2000-19999,KWH,I_TAX,EUR,SI	: 	0.0897 	0.0921 	0.0963 	0.0972 	0.0957 	0.1015 	0.1038 	0.1019 	0.1013 	0.101 	0.1014 	0.1037 	0.1027 	0.0932 	0.0921 	0.0882 	0.0919 	0.0868 	0.0874 	0.0818 	0.0823 	0.0875 	0.0892 	0.0979 	0.0991 	0.1047 	0.1042 	0.0986 	0.1223 	0.1833 	0.2173 	0.2484 	0.2543 	0.1893 	0.2048 	0.1777 
S,E7000,MWH2000-19999,KWH,I_TAX,EUR,SK	: 	0.1134 	0.1287 	0.1391 	0.1511 	0.1503 	0.1259 	0.1292 	0.1387 	0.1411 	0.1462 	0.1391 	0.142 	0.1379 	0.1244 	0.1264 	0.1212 	0.1183 	0.1162 	0.1196 	0.1244 	0.1252 	0.1318 	0.1304 	0.1463 	0.1496 	0.1456 	0.1520 	0.1412 	0.1550 	0.2573 	0.3046 	0.2952 	0.2605 	0.1993 	0.2258 	0.2121 
S,E7000,MWH2000-19999,KWH,I_TAX,EUR,TR	: 	0.0733 	0.0759 	0.094 	0.0854 	0.0851 	0.0973 	0.0997 	0.0825 	0.0803 	0.0906 	0.1028 	0.1046 	0.0895 	0.0813 	0.0857 	0.0929 	0.0821 	0.0789 	0.0776 	0.0691 	0.0671 	0.0650 	0.0705 	0.0780 	0.0945 	0.0846 	0.0698 	0.0734 	0.0873 	0.1352 	0.2207 	0.1506 	0.1107 	0.1004 	0.1073 	0.1005 
S,E7000,MWH2000-19999,KWH,I_TAX,EUR,UA	: 	: 	: 	: 	: 	: 	: 	: 	: 	: 	: 	: 	: 	: 	: 	: 	: 	: 	0.0597 	0.07 p	0.0656 	0.0611 d	0.0697 	0.0722 	0.0761 	0.0831 	0.0690 	0.0644 	0.0704 	: 	: 	: 	: 	: 	: 	: 	: 
S,E7000,MWH2000-19999,KWH,I_TAX,EUR,UK	0.1199 	0.111 	0.1034 	0.1187 	0.1171 	0.1035 	0.1026 	0.104 	0.1071 	0.1116 	0.1239 	0.1306 	0.1255 	0.1324 	0.1408 	0.1458 	0.1644 	0.1674 	0.1521 	0.1415 	0.1436 	0.1412 	0.1514 	0.1592 	0.1680 	0.1736 	0.1815 	: 	: 	: 	: 	: 	: 	: 	: 	: 	: 
S,E7000,MWH2000-19999,KWH,I_TAX,EUR,XK	: 	: 	: 	: 	: 	: 	: 	: 	: 	: 	: 	: 	0.0799 	0.079 	0.0793 	0.0819 	0.0833 	0.0829 	0.0763 	0.0759 	0.082 	0.0737 	0.0716 	0.0699 	0.0660 	0.0661 	0.0665 	0.0664 	0.0663 	0.0661 	0.0658 	0.0657 	0.0706 	0.0765 	0.0756 	0.0744 	: 
S,E7000,MWH2000-19999,KWH,I_TAX,NAC,AL	: 	: 	: 	: 	: 	: 	: 	: 	: 	: 	: 	: 	: 	: 	: 	: 	: 	: 	: 	: 	: 	: 	: 	: 	15.4560 e	: 	15.3960 e	15.3960 e	15.3720 e	15.3720 e	15.3700 	15.3700 	15.3720 e	15.3720 e	15.3720 	15.3720 e	16.8000 
S,E7000,MWH2000-19999,KWH,I_TAX,NAC,AT	: 	0.0974 	0.1111 	0.1158 	0.1304 	0.1297 	0.1238 	0.1238 	0.1215 	0.1217 	0.118 	0.1182 	0.1181 	0.1176 	0.1152 	0.1125 	0.1077 	0.1093 	0.1059 	0.0978 	0.0976 	0.1011 	0.1014 	0.1059 	0.1137 	0.1149 	0.1157 	0.1237 	0.1294 	0.1434 	0.2089 	0.2332 e	0.2787 e	0.2663 e	0.2066 e	0.2148 e	0.2164 e
S,E7000,MWH2000-19999,KWH,I_TAX,NAC,BA	: 	: 	: 	: 	: 	: 	: 	: 	: 	: 	0.151 	0.152 	0.1482 	0.1507 	0.1526 	0.1501 	0.1492 	0.1482 	0.1437 	0.1389 	0.1348 	0.1378 	0.1414 	0.1427 	0.1507 	0.1554 	0.1602 	0.1605 	0.1566 	0.1592 	0.1747 	0.1883 	0.2156 	0.2092 	0.2234 	0.2236 	0.2390 
S,E7000,MWH2000-19999,KWH,I_TAX,NAC,BE	: 	0.102 	0.113 	0.1165 	0.1221 	0.1195 	0.1136 	0.1137 	0.1174 	0.1232 	0.1209 	0.1173 	0.1126 	0.1202 	0.1116 	0.1166 	0.1133 	0.1164 	0.1146 	0.1175 	0.1107 	0.11 	0.1068 	0.1147 	0.1191 	0.1192 	0.1188 	0.1197 	0.1215 	0.1398 	0.1930 	0.2390 	0.2653 	0.2527 	0.1962 	0.1946 	0.2007 
S,E7000,MWH2000-19999,KWH,I_TAX,NAC,BG	: 	0.119 	0.116 	0.139 	0.14 	0.137 	0.135 	0.1406 	0.137 	0.1388 	0.1488 	0.164 	0.1645 	0.148 	0.1594 	0.1597 	0.1454 	0.1644 	0.1794 	0.1645 	0.1597 	0.1654 	0.1750 	0.1798 	0.1916 	0.1938 	0.1834 	0.1852 	0.2120 	0.3456 	0.3888 	0.3788 	0.3306 	0.3105 	0.2536 	0.3025 	0.2831 
S,E7000,MWH2000-19999,KWH,I_TAX,NAC,CY	: 	0.086 	0.1512 	0.197 	0.1243 	0.1563 	0.1607 	0.1857 	0.1735 	0.2262 	0.2431 	0.2577 	0.2293 	0.223 	0.1937 	0.2063 	0.1485 	0.1468 	0.1076 	0.1427 	0.1522 	0.1574 	0.1570 	0.2028 	0.1809 	0.2003 	0.1637 	0.1535 	0.1723 	0.2239 	0.2805 	0.3638 	0.3150 	0.3141 	0.2789 	0.2905 	0.2632 
S,E7000,MWH2000-19999,KWH,I_TAX,NAC,CZ	: 	2.53 	2.77 	2.77 	3.03 	3 	2.903 	2.89 	2.91 	2.8815 	2.9275 	2.932 	3.0219 	3.0326 	2.6059 	2.5783 	2.3883 	2.3564 	2.0902 	2.0566 	2.0094 	1.9733 	1.9675 	1.9852 	2.2700 	2.3449 	2.5895 	2.6279 	2.7598 	2.8675 	4.9156 	5.0293 	5.2498 	5.0850 	5.2426 	5.3465 	5.0077 
S,E7000,MWH2000-19999,KWH,I_TAX,NAC,DE	0.1152 	0.121 	0.1286 	0.1277 	0.1341 	0.1356 	0.1346 	0.1405 	0.1517 	0.1539 	0.1546 	0.1574 	0.1704 	0.1689 	0.1821 	0.1761 	0.1749 	0.173 	0.1712 	0.1685 	0.1692 	0.1694 	0.1635 	0.1663 	0.1742 	0.1781 	0.1918 	0.1904 	0.1908 	0.2077 	0.2415 	0.2439 	0.2564 	0.2518 	0.2482 	0.2552 	0.2378 
S,E7000,MWH2000-19999,KWH,I_TAX,NAC,DK	: 	1.541 	1.5739 	1.6721 	1.5359 	1.5884 	1.6856 	1.7046 	1.8023 	1.7406 	1.7734 	1.8004 	1.8575 	1.8334 	1.909 	1.9326 	1.929 	1.929 	1.9829 	1.9586 	1.9001 	1.9049 	1.8780 	1.8543 	1.7510 	1.7254 	1.6983 	1.7651 	1.8513 	2.2157 	2.5510 	2.9839 	1.2626 	1.9046 	1.9562 	2.1228 	2.0649 
S,E7000,MWH2000-19999,KWH,I_TAX,NAC,EA	: 	0.1014 	0.1078 	0.112 	0.1172 	0.1132 	0.1132 	0.1146 	0.1215 	0.1238 	0.1329 	0.1326 	0.1369 	0.136 	0.1393 	0.1378 	0.1356 	0.1336 	0.1288 	0.1272 	: 	: 	: 	: 	: 	: 	: 	: 	: 	: 	: 	: 	: 	: 	: 	: 	: 
S,E7000,MWH2000-19999,KWH,I_TAX,NAC,EE	: 	0.83 	0.893 	0.964 	1.039 	1.074 	1.255 	1.355 	0.0862 	0.0873 	0.0923 	0.0967 	0.1087 	0.1078 	0.1008 	0.1022 	0.0982 	0.1066 	0.097 	0.0967 	0.0929 	0.0906 	0.0899 	0.0954 	0.0972 	0.0982 	0.0887 	0.0920 	0.1014 	0.1523 	0.1860 	0.2714 	0.1819 	0.1768 	0.1609 	0.1713 	0.1588 
S,E7000,MWH2000-19999,KWH,I_TAX,NAC,EL	: 	0.0736 	0.0806 	0.0873 	0.0906 	0.0884 	0.0903 	0.0993 	0.1 	0.104 	0.1155 	0.1197 	0.1207 	0.1209 	0.123 	0.1203 	0.1132 	0.1014 	0.105 	0.0975 	0.1023 	0.1118 	0.0983 	0.0997 	0.1026 	0.1006 	0.0994 	0.0954 	0.1090 	0.2042 	0.2337 	0.2425 	0.1859 	0.1795 	0.1481 	0.1973 	0.1931 
S,E7000,MWH2000-19999,KWH,I_TAX,NAC,ES	: 	0.0961 	0.0968 	0.1033 	0.1106 	0.1084 	0.1076 	0.1058 	0.1081 	0.1106 	0.1198 	0.1214 	0.1266 	0.1306 	0.1257 	0.1245 	0.1172 	0.1156 	0.1092 	0.1045 	0.1066 	0.104 	0.1200 	0.1150 	0.1170 	0.1123 	0.1017 	0.1016 	0.1061 	0.1778 	0.2279 	0.2811 	0.1730 	0.1615 	0.1380 	0.1549 	0.1508 
S,E7000,MWH2000-19999,KWH,I_TAX,NAC,FI	0.0679 	0.0685 	0.0744 	0.0783 	0.0802 	0.081 	0.0829 	0.0821 	0.0901 	0.0889 	0.0886 	0.0884 	0.0883 	0.0889 	0.0864 	0.0869 	0.0822 	0.0845 	0.0807 	0.0827 	0.0791 	0.0807 	0.0806 	0.0841 	0.0836 	0.0839 	0.0808 	0.0894 	0.0790 	0.0970 	0.1071 	0.1585 	0.1171 	0.1059 	0.1008 	0.0848 	0.0892 
S,E7000,MWH2000-19999,KWH,I_TAX,NAC,FR	: 	0.0632 	0.0698 	0.0671 	0.082 	0.0732 	0.0831 	0.0733 	0.0886 	0.0821 	0.0955 	0.0836 	0.0995 	0.0887 	0.1014 	0.0968 	0.1073 	0.1016 	0.0941 	0.09 	0.0938 	0.0885 	0.0921 	0.0861 	0.0997 	0.0941 	0.1016 	0.0964 	0.1035 	0.1047 	0.1488 	0.1346 	0.2662 	0.2426 	0.1651 	0.1704 	0.1555 
S,E7000,MWH2000-19999,KWH,I_TAX,NAC,GE	: 	: 	: 	: 	: 	: 	: 	: 	: 	: 	: 	: 	: 	: 	: 	: 	: 	: 	: 	: 	: 	: 	0.1578 	0.1812 	0.1930 	0.1641 	0.1803 	0.1756 	0.3300 	0.2664 	: 	0.3039 	0.3049 	0.3105 	0.2728 	0.2732 	0.2981 
S,E7000,MWH2000-19999,KWH,I_TAX,NAC,HR	0.38 	0.56 	0.55 	0.7 	0.66 	0.7 	0.714 	0.698 	0.705 	0.696 	0.7115 	0.7533 	0.7678 	0.7574 	0.7768 	0.7471 	0.7539 	0.7648 	0.7354 	0.7188 	0.6404 	0.6822 	0.7281 	0.7510 	0.7809 	0.7974 	0.8085 	0.8005 	0.7887 	0.8636 	1.1317 	1.6387 	0.2652 	0.2273 	0.2258 	0.2237 	0.2242 
S,E7000,MWH2000-19999,KWH,I_TAX,NAC,HU	: 	30.07 	30.41 	32.61 	38.3129 	38.74 	31.85 	32.7089 	32.2064 	35.9186 	33.9768 	34.3145 	34.8197 	35.8961 	34.0791 	33.9403 	32.6012 	33.246 	29.7445 	28.9439 	27.5511 e	28.0536 	29.8356 	30.5525 	35.9176 	35.6342 	38.5355 	39.2963 	37.8932 	45.8795 	84.6895 	123.9731 	131.3634 	113.0491 	92.0608 	105.6337 	93.2041 
S,E7000,MWH2000-19999,KWH,I_TAX,NAC,IE	: 	0.12 	0.1317 	0.1435 	0.1205 	0.109 	0.0934 	0.0967 	0.097 	0.1081 	0.116 	0.1326 	0.1278 	0.1282 	0.1284 	0.1257 	0.1293 	0.1234 	0.1126 	0.1129 	0.1142 	0.1114 	0.1193 	0.1227 	0.1178 	0.1152 	0.1129 	0.1180 	0.1346 	0.1855 	0.2114 	0.2670 	0.2581 	0.2342 	0.2334 	0.2385 	0.2436 
S,E7000,MWH2000-19999,KWH,I_TAX,NAC,IS	: 	: 	: 	: 	: 	: 	: 	: 	: 	: 	: 	: 	: 	: 	: 	: 	: 	: 	10.1356 	6.5648 	8.2534 p	: 	9.1586 e	6.7325 	7.2548 	7.2533 e	8.2300 e	8.6000 e	7.6297 e	10.6300 e	11.0600 e	11.5000 e	11.9400 e	11.5200 e	14.9400 e	16.5900 e	: 
S,E7000,MWH2000-19999,KWH,I_TAX,NAC,IT	: 	: 	0.1398 	0.1582 	0.1499 	0.1374 	0.1354 	0.1454 	0.1446 	0.156 	0.1843 	0.1898 	0.1722 	0.179 	0.1714 	0.1795 	0.1663 	0.166 	0.1572 	0.1611 	0.1508 	0.1486 	0.1335 	0.1367 	0.1587 	0.1575 	0.1437 	0.1469 	0.1507 	0.1801 	0.2639 	0.3542 	0.2703 	0.2331 	0.2081 	0.2253 	0.2277 
S,E7000,MWH2000-19999,KWH,I_TAX,NAC,LI	: 	: 	: 	: 	: 	: 	: 	: 	: 	: 	: 	: 	: 	: 	: 	: 	: 	: 	: 	: 	0 	: 	: 	: 	: 	: 	: 	: 	: 	: 	: 	: 	: 	: 	: 	: 	: 
S,E7000,MWH2000-19999,KWH,I_TAX,NAC,LT	: 	0.2555 	0.2855 	0.2868 	0.3211 	0.2776 	0.3832 	0.4275 	0.4265 	0.4289 	0.4493 	0.4488 	0.4963 	0.4736 	0.4863 	0.4888 	0.1098 	0.1093 	0.101 	0.0959 	0.0913 	0.0902 	0.0917 	0.0983 	0.1023 	0.1022 	0.0970 	0.1082 	0.1117 	0.1528 	0.1738 	0.2965 	0.1789 	0.1797 	0.1744 	0.1729 	0.1626 
S,E7000,MWH2000-19999,KWH,I_TAX,NAC,LU	: 	: 	: 	: 	0.0991 	0.0992 	0.0828 	0.0842 	0.0774 	0.0776 	0.0778 	0.0838 	0.079 	0.0765 	0.0695 	0.0714 	0.069 	0.0631 	0.0583 	0.0587 	0.0696 	0.0719 	0.0731 	0.0740 	0.0778 	0.0798 	0.0601 	0.0824 	0.0821 	0.0898 	0.1302 	0.1499 	0.2435 	0.2191 	0.1867 	0.1869 	0.1598 
S,E7000,MWH2000-19999,KWH,I_TAX,NAC,LV	: 	0.0412 	0.0483 	0.0593 	0.0726 	0.0717 	0.0707 	0.073 	0.078 	0.0851 	0.0843 	0.0842 	0.0884 	0.0905 	0.13 	0.1235 	0.1308 	0.1297 	0.13 	0.1297 	0.125 	0.1243 	0.1046 	0.1094 	0.1107 	0.1116 	0.1022 	0.1075 	0.1042 	0.1497 	0.1552 	0.2810 	0.1614 	0.1631 	0.1477 	0.1479 	0.1367 
S,E7000,MWH2000-19999,KWH,I_TAX,NAC,MD	: 	: 	: 	: 	: 	: 	: 	: 	: 	: 	: 	: 	: 	: 	: 	: 	1.6837 	1.9088 	1.83 	1.8461 	1.8768 	1.958 	1.9879 	1.6996 	1.6505 	1.7346 	1.7679 	1.6596 	1.5282 	1.4801 	1.8278 	3.2248 	3.2769 	2.4272 	2.1400 	2.1127 	3.8119 
S,E7000,MWH2000-19999,KWH,I_TAX,NAC,ME	: 	: 	: 	: 	: 	: 	: 	: 	0.0578 	0.0576 	0.0642 	0.0696 	0.0734 	0.074 	0.0756 	0.0732 	0.0733 	0.0738 	0.0763 	0.0771 	0.0762 	: 	0.0777 	0.0767 	0.0855 	0.0881 	0.0855 	0.0736 	0.0850 	: @C	0.0884 	0.0893 	0.0860 	0.0816 	0.0858 	0.0806 	0.0823 p
S,E7000,MWH2000-19999,KWH,I_TAX,NAC,MK	: 	: 	: 	: 	: 	: 	: 	: 	: 	: 	: 	: @C	5.5581 	5.0696 	4.6752 	4.6009 	4.8962 	4.7543 	4.6553 	4.3258 	3.7801 	4.0186 	4.4238 	4.6757 	5.0244 	5.3306 	5.4192 	5.0654 	4.9175 	7.1139 	12.1735 	21.0100 	12.1861 	8.4476 	7.1239 	9.7744 	8.5491 
S,E7000,MWH2000-19999,KWH,I_TAX,NAC,MT	: 	0.0413 	0.0963 	0.1389 	0.1292 	0.0903 	0.1569 	0.1676 	0.1663 	0.1651 	0.1674 	0.1657 	0.1669 	0.1633 	0.1644 	0.1656 	0.1482 	0.1301 	0.1282 	0.1294 	0.1263 	0.1259 	0.1258 	0.1255 	0.1250 	0.1244 	0.1242 	0.1243 	0.1245 	0.1286 	0.1247 	0.1245 	0.1286 	0.1285 	0.1285 	0.1242 	0.1235 p
S,E7000,MWH2000-19999,KWH,I_TAX,NAC,NL	0.1059 	0.1039 	0.1074 	0.1089 	0.1176 	0.1158 	0.1059 	0.106 	0.1033 	0.1038 	0.101 	0.104 	0.1069 	0.1047 	0.1021 	0.0994 	0.0989 	0.0964 	0.0937 	0.0927 	0.0890 	0.0870 	0.0910 	0.0940 	0.1050 	0.1040 	0.1201 	0.1195 	0.1280 	0.1543 	0.2096 	0.2283 	0.3002 	0.2740 	0.2323 	0.2328 	0.2185 
S,E7000,MWH2000-19999,KWH,I_TAX,NAC,NO	: 	0.633 	0.652 	0.7199 	0.764 	0.7198 	0.8875 	0.79 	0.939 	0.7399 	0.7036 	0.6423 	0.7412 	0.7209 	0.6668 	0.6896 	0.6688 	0.6276 	0.7229 	0.7812 	0.6779 	0.6923 	0.7925 	0.9051 	0.8679 	0.7975 	0.5486 	0.5050 	0.8788 	1.3911 	1.6900 	2.5355 	1.4673 	1.0336 	1.1023 	0.8464 	1.0331 
S,E7000,MWH2000-19999,KWH,I_TAX,NAC,PL	: 	0.315 	0.3554 	0.3428 	0.4397 	0.4299 	0.4164 	0.4179 	0.4189 	0.4159 	0.425 	0.4289 	0.4087 	0.3905 	0.3617 	0.3675 	0.391 	0.391 	0.3854 	0.3804 	0.3999 	0.3946 	0.4032 	0.4130 	0.4883 	0.4060 	0.5326 	0.5290 	0.5346 	0.5604 	0.7315 	0.8390 	1.1879 	1.0945 	0.9585 	0.9920 	0.8964 
S,E7000,MWH2000-19999,KWH,I_TAX,NAC,PT	: 	0.0721 	0.0847 	0.0857 	0.0882 	0.0862 	0.0844 	0.0837 	0.0956 	0.1053 	0.1296 	0.1278 	0.1278 	0.1257 	0.1239 	0.1241 	0.1269 	0.1277 	0.1254 	0.1263 	0.1268 	0.1283 	0.1289 	0.1341 	0.1224 	0.1288 	0.1249 	0.1232 	0.1183 	0.1449 	0.1613 	0.1656 	0.1065 	0.1357 	0.1288 	0.1525 	0.1500 
S,E7000,MWH2000-19999,KWH,I_TAX,NAC,RO	: 	0.3152 	0.3426 	0.3528 	0.3716 	0.3627 	0.3558 	0.3701 	0.376 	0.3999 	0.4045 	0.4413 	0.5067 	0.4604 	0.4357 	0.4003 	0.4125 	0.3936 	0.3682 	0.3881 	0.3847 	0.3995 	0.4271 	0.4496 	0.5110 	0.5336 	0.5725 	0.5509 	0.5360 	0.7602 	1.4544 d	1.8497 d	1.0255 	0.9801 	0.9110 	0.9675 	0.9726 
S,E7000,MWH2000-19999,KWH,I_TAX,NAC,RS	: 	: 	: 	: 	: 	: 	: 	: 	: 	: 	: 	: 	6.5981 	6.9683 	6.3965 	8.5872 	8.1647 	8.993 	8.9123 	6.7413 	8.6037 	8.8429 	9.1038 	9.3016 	10.6399 	10.4680 	10.5264 	10.3520 	10.4177 	11.1733 	13.0235 	15.1933 	18.5527 	19.7419 	19.0218 	17.3689 	18.1452 
S,E7000,MWH2000-19999,KWH,I_TAX,NAC,SE	0.603 	0.673 	0.725 	0.843 	0.801 	0.779 	0.878 	0.854 	0.881 	0.8072 	0.7917 	0.7177 	0.7356 	0.7368 	0.7111 	0.6905 	0.6366 	0.6025 	0.6173 	0.6713 	0.6634 	0.6724 	0.7180 	0.7976 	0.8733 	0.7936 	0.6348 	0.7153 	0.7656 	1.1233 	1.2846 	1.8146 	1.3911 	1.1306 	1.1913 	1.0403 	1.1628 
S,E7000,MWH2000-19999,KWH,I_TAX,NAC,SI	: 	0.0897 	0.0921 	0.0963 	0.0972 	0.0957 	0.1015 	0.1038 	0.1019 	0.1013 	0.101 	0.1014 	0.1037 	0.1027 	0.0932 	0.0921 	0.0882 	0.0919 	0.0868 	0.0874 	0.0818 	0.0823 	0.0875 	0.0892 	0.0979 	0.0991 	0.1047 	0.1042 	0.0986 	0.1223 	0.1833 	0.2173 	0.2484 	0.2543 	0.1893 	0.2048 	0.1777 
S,E7000,MWH2000-19999,KWH,I_TAX,NAC,SK	: 	3.8 	4.15 	4.22 	0.1511 	0.1503 	0.1259 	0.1292 	0.1387 	0.1411 	0.1462 	0.1391 	0.142 	0.1379 	0.1244 	0.1264 	0.1212 	0.1183 	0.1162 	0.1196 	0.1244 	0.1252 	0.1318 	0.1304 	0.1463 	0.1496 	0.1456 	0.1520 	0.1412 	0.1550 	0.2573 	0.3046 	0.2952 	0.2605 	0.1993 	0.2258 	0.2121 
S,E7000,MWH2000-19999,KWH,I_TAX,NAC,TR	: 	0.128 	0.1432 	0.1809 	0.1838 	0.1849 	0.1966 	0.1966 	0.1822 	0.1979 	0.2116 	0.2356 	0.249 	0.24 	0.2413 	0.2439 	0.2661 	0.2611 	0.257 	0.266 	0.2721 	0.2886 	0.3221 	0.4542 	0.4958 	0.6009 	0.6055 	0.6230 	0.6993 	1.0004 	2.1995 	4.0926 	3.2533 	3.3144 	3.4389 	3.9576 	4.1311 
S,E7000,MWH2000-19999,KWH,I_TAX,NAC,UA	: 	: 	: 	: 	: 	: 	: 	: 	: 	: 	: 	: 	: 	: 	: 	: 	: 	: 	1.7 	1.97 p	1.9 	1.9 d	2.2600 	2.2986 	2.3164 	2.2845 	1.9732 	2.1229 	2.3567 	: 	: 	: 	: 	: 	: 	: 	: 
S,E7000,MWH2000-19999,KWH,I_TAX,NAC,UK	0.0809 	0.077 	0.0801 	0.097 	0.1047 	0.0919 	0.0893 	0.088 	0.093 	0.0968 	0.1019 	0.1044 	0.1068 	0.1122 	0.1156 	0.1154 	0.1204 	0.1205 	0.1184 	0.1216 	0.1236 	0.126 	0.1332 	0.1416 	0.1468 	0.1530 	0.1588 	: 	: 	: 	: 	: 	: 	: 	: 	: 	: 
S,E7000,MWH2000-19999,KWH,I_TAX,NAC,XK	: 	: 	: 	: 	: 	: 	: 	: 	: 	: 	: 	: 	0.0799 	0.079 	0.0793 	0.0819 	0.0833 	0.0829 	0.0763 	0.0759 	0.082 	0.0737 	0.0716 	0.0699 	0.0660 	0.0661 	0.0665 	0.0664 	0.0663 	0.0661 	0.0658 	0.0657 	0.0706 	0.0765 	0.0756 	0.0744 	: 
S,E7000,MWH2000-19999,KWH,I_TAX,PPS,AL	: 	: 	: 	: 	: 	: 	: 	: 	: 	: 	: 	: 	: 	: 	: 	: 	: 	: 	: 	: 	: 	: 	: 	: 	0.2511 e	: 	0.2421 e	0.2421 e	0.2388 e	0.2388 e	0.2398 	0.2398 	0.2412 e	0.2416 e	0.2443 	0.2457 e	0.2703 
S,E7000,MWH2000-19999,KWH,I_TAX,PPS,AT	: 	0.0911 	0.1018 	0.1061 	0.1162 	0.1156 	0.1123 	0.1123 	0.1097 	0.1099 	0.1071 	0.1072 	0.1057 	0.1052 	0.1042 	0.1018 	0.0974 	0.1006 	0.0992 	0.0916 	0.0865 	0.0896 	0.0900 	0.0940 	0.1000 	0.1011 	0.1012 	0.1082 	0.1132 	0.1242 	0.1809 	0.2044 e	0.2482 e	0.2372 e	0.1824 e	0.1895 e	0.1885 e
S,E7000,MWH2000-19999,KWH,I_TAX,PPS,BA	: 	: 	: 	: 	: 	: 	: 	: 	: 	: 	0.16 	0.1611 	0.1554 	0.158 	0.1614 	0.1588 	0.1578 	0.1608 	0.1555 	0.1501 	0.136 	0.139 	0.1421 	0.1434 	0.1500 	0.1547 	0.1599 	0.1602 	0.1563 	0.1565 	0.1717 	0.1849 	0.2026 	0.1933 	0.2095 	0.2084 	0.2071 
S,E7000,MWH2000-19999,KWH,I_TAX,PPS,BE	: 	0.0933 	0.1011 	0.1042 	0.107 	0.1047 	0.1024 	0.1025 	0.1058 	0.111 	0.1091 	0.1059 	0.1 	0.1068 	0.1006 	0.1051 	0.1021 	0.1055 	0.1059 	0.1099 	0.098 	0.0974 	0.0947 	0.1017 	0.1056 	0.1056 	0.1065 	0.1073 	0.1089 	0.1256 	0.1737 	0.2151 	0.2383 	0.2258 	0.1749 	0.1724 	0.1788 
S,E7000,MWH2000-19999,KWH,I_TAX,PPS,BG	: 	0.1517 	0.1387 	0.1662 	0.1601 	0.1567 	0.1557 	0.1622 	0.148 	0.1499 	0.1618 	0.1784 	0.1769 	0.1591 	0.1728 	0.1732 	0.1577 	0.1819 	0.199 	0.1815 	0.1622 	0.1679 	0.1740 	0.1788 	0.1842 	0.1863 	0.1740 	0.1757 	0.2012 	0.3201 	0.3602 	0.3493 	0.2804 	0.2634 	0.2148 	0.2562 	0.2359 
S,E7000,MWH2000-19999,KWH,I_TAX,PPS,CY	: 	0.1686 	0.1724 	0.2246 	0.1398 	0.1758 	0.1811 	0.2093 	0.1885 	0.2458 	0.2678 	0.2839 	0.257 	0.2499 	0.2204 	0.2347 	0.1689 	0.1612 	0.1217 	0.1613 	0.1706 	0.1764 	0.1749 	0.2259 	0.1996 	0.2210 	0.1787 	0.1676 	0.1881 	0.2442 	0.3059 	0.4015 	0.3444 	0.3445 	0.3104 	0.3190 	0.2882 
S,E7000,MWH2000-19999,KWH,I_TAX,PPS,CZ	: 	0.1472 	0.1517 	0.1517 	0.164 	0.1624 	0.1588 	0.1581 	0.1639 	0.1623 	0.1657 	0.166 	0.1704 	0.171 	0.1476 	0.1461 	0.1353 	0.1351 	0.1209 	0.12 	0.1111 	0.1091 	0.1078 	0.1088 	0.1217 	0.1257 	0.1353 	0.1373 	0.1442 	0.1481 	0.2539 	0.2617 	0.2642 	0.2566 	0.2613 	0.2632 	0.2467 
S,E7000,MWH2000-19999,KWH,I_TAX,PPS,DE	0.1125 	0.1182 	0.1238 	0.1229 	0.1247 	0.1261 	0.129 	0.1346 	0.146 	0.1481 	0.1496 	0.1523 	0.1621 	0.1607 	0.1748 	0.169 	0.1679 	0.1659 	0.1659 	0.1626 	0.156 	0.1562 	0.1505 	0.1531 	0.1575 	0.1611 	0.1736 	0.1723 	0.1727 	0.1870 	0.2175 	0.2196 	0.2290 	0.2250 	0.2207 	0.2280 	0.2130 
S,E7000,MWH2000-19999,KWH,I_TAX,PPS,DK	: 	0.1518 	0.1535 	0.163 	0.1475 	0.1525 	0.1659 	0.1678 	0.179 	0.1728 	0.176 	0.1787 	0.1847 	0.1823 	0.1898 	0.1922 	0.1988 	0.1988 	0.1984 	0.1959 	0.1899 	0.1904 	0.1881 	0.1857 	0.1767 	0.1741 	0.1711 	0.1778 	0.1865 	0.2243 	0.2566 	0.3002 	0.1282 	0.1921 	0.1984 	0.2153 	0.2116 
S,E7000,MWH2000-19999,KWH,I_TAX,PPS,EA	: 	0.1009 	0.1049 	0.1089 	0.1117 	0.1079 	0.1088 	0.1101 	0.117 	0.1192 	0.1293 	0.129 	0.1326 	0.1317 	0.1361 	0.1346 	0.1349 	0.133 	0.1255 	0.124 	0.1237 	0.1224 	0.1205 	0.1210 	0.1298 	0.1291 	0.1309 	0.1306 	0.1342 	0.1607 	0.2090 	0.2374 	0.2372 	0.2213 	0.1893 	0.2013 	0.1934 
S,E7000,MWH2000-19999,KWH,I_TAX,PPS,EE	: 	0.0781 	0.0804 	0.0868 	0.0948 	0.098 	0.1183 	0.1277 	0.1241 	0.1257 	0.1302 	0.1364 	0.1491 	0.1479 	0.135 	0.1369 	0.1315 	0.147 	0.1332 	0.1357 	0.1193 	0.1163 	0.1129 	0.1198 	0.1196 	0.1208 	0.1105 	0.1147 	0.1264 	0.1859 	0.2271 	0.3311 	0.2054 	0.1971 	0.1788 	0.1866 	0.1737 
S,E7000,MWH2000-19999,KWH,I_TAX,PPS,EL	: 	0.0831 	0.0898 	0.0973 	0.0977 	0.0953 	0.0982 	0.108 	0.1078 	0.1121 	0.1292 	0.1338 	0.1414 	0.1416 	0.1484 	0.1451 	0.1365 	0.1268 	0.1272 	0.1182 	0.1222 	0.1335 	0.1181 	0.1198 	0.1243 	0.1219 	0.1202 	0.1153 	0.1318 	0.2488 	0.2840 	0.2947 	0.2266 	0.2188 	0.1828 	0.2436 	0.2376 
S,E7000,MWH2000-19999,KWH,I_TAX,PPS,ES	: 	0.107 	0.105 	0.1121 	0.1173 	0.1149 	0.1145 	0.1126 	0.1159 	0.1185 	0.1324 	0.1341 	0.1406 	0.145 	0.1405 	0.1392 	0.131 	0.1291 	0.1234 	0.1169 	0.116 	0.1132 	0.1287 	0.1234 	0.1255 	0.1205 	0.1083 	0.1082 	0.1130 	0.1900 	0.2436 	0.2977 	0.1855 	0.1732 	0.1507 	0.1726 	0.1680 
S,E7000,MWH2000-19999,KWH,I_TAX,PPS,EU27_2020	: 	: 	: 	: 	: 	: 	: 	: 	: 	: 	: 	: 	: 	: 	: 	: 	: 	: 	: 	: 	0.1245 	0.1236 	0.1226 	0.1239 	0.1340 	0.1313 	0.1355 	0.1355 	0.1391 	0.1658 	0.2184 	0.2521 	0.2511 	0.2338 	0.2011 	0.2128 	0.2026 
S,E7000,MWH2000-19999,KWH,I_TAX,PPS,FI	0.0586 	0.0591 	0.0633 	0.0667 	0.0668 	0.0675 	0.0695 	0.0688 	0.0749 	0.0739 	0.0734 	0.0732 	0.0716 	0.0721 	0.0695 	0.0699 	0.0661 	0.0681 	0.0661 	0.0683 	0.0636 	0.0649 	0.0642 	0.0670 	0.0665 	0.0668 	0.0639 	0.0707 	0.0625 	0.0780 	0.0859 	0.1271 	0.0944 	0.0854 	0.0839 	0.0706 	0.0743 
S,E7000,MWH2000-19999,KWH,I_TAX,PPS,FR	: 	0.0574 	0.0618 	0.0594 	0.0716 	0.064 	0.074 	0.0653 	0.0792 	0.0734 	0.0851 	0.0745 	0.088 	0.0799 	0.0921 	0.0883 	0.1001 	0.0948 	0.0857 	0.0819 	0.0836 	0.0789 	0.0827 	0.0773 	0.0917 	0.0865 	0.0933 	0.0886 	0.0951 	0.0963 	0.1373 	0.1242 	0.2451 	0.2221 	0.1511 	0.1560 	0.1428 
S,E7000,MWH2000-19999,KWH,I_TAX,PPS,HR	0.0803 	0.1183 	0.1121 	0.1427 	0.1289 	0.1367 	0.1392 	0.1361 	0.1408 	0.139 	0.1475 	0.1562 	0.1596 	0.1574 	0.1606 	0.1545 	0.1559 	0.1589 	0.155 	0.1518 	0.1323 	0.1409 	0.1495 	0.1542 	0.1603 	0.1637 	0.1663 	0.1647 	0.1623 	0.1761 	0.2307 	0.3337 	0.3984 	0.3374 	0.3268 	0.3273 	0.3145 
S,E7000,MWH2000-19999,KWH,I_TAX,PPS,HU	: 	0.1858 	0.1835 	0.1968 	0.2295 	0.2321 	0.1938 	0.199 	0.1947 	0.2171 	0.2019 	0.2039 	0.2034 	0.2097 	0.195 	0.1942 	0.1865 	0.1901 	0.1693 	0.1654 	0.1391 e	0.1416 	0.1452 	0.1487 	0.1684 	0.1671 	0.1730 	0.1765 	0.1623 	0.1978 	0.3349 	0.4903 	0.5195 	0.4471 	0.3384 	0.3947 	0.3325 
S,E7000,MWH2000-19999,KWH,I_TAX,PPS,IE	: 	0.1016 	0.1081 	0.1178 	0.1016 	0.0919 	0.0846 	0.0876 	0.088 	0.098 	0.1058 	0.1209 	0.116 	0.1163 	0.1154 	0.1129 	0.1162 	0.1107 	0.1014 	0.1047 	0.0987 	0.0963 	0.1021 	0.1051 	0.0981 	0.0959 	0.0942 	0.0971 	0.1123 	0.1547 	0.1792 	0.2246 	0.2156 	0.1970 	0.1944 	0.2015 	0.2058 
S,E7000,MWH2000-19999,KWH,I_TAX,PPS,IS	: 	: 	: 	: 	: 	: 	: 	: 	: 	: 	: 	: 	: 	: 	: 	: 	: 	: 	0.0543 	0.0349 	0.0426 p	: 	0.0449 e	0.0330 	0.0347 	0.0347 e	0.0367 e	0.0384 e	0.0341 e	0.0471 e	0.0490 e	0.0509 e	0.0544 e	0.0517 e	0.0667 e	0.0727 e	: 
S,E7000,MWH2000-19999,KWH,I_TAX,PPS,IT	: 	: 	0.1384 	0.1567 	0.1447 	0.1326 	0.1325 	0.1422 	0.1419 	0.1531 	0.1835 	0.189 	0.1707 	0.1774 	0.1708 	0.1788 	0.1657 	0.165 	0.1602 	0.1641 	0.1501 	0.1479 	0.1331 	0.1363 	0.1594 	0.1582 	0.1447 	0.1479 	0.1517 	0.1837 	0.2692 	0.3626 	0.2811 	0.2429 	0.2156 	0.2343 	0.2380 
S,E7000,MWH2000-19999,KWH,I_TAX,PPS,LT	: 	0.1287 	0.1313 	0.1319 	0.1501 	0.1297 	0.1877 	0.2094 	0.2046 	0.2058 	0.2158 	0.2156 	0.2344 	0.2237 	0.2297 	0.2309 	0.1783 	0.1812 	0.167 	0.1611 	0.1416 	0.1399 	0.1392 	0.1492 	0.1525 	0.1523 	0.1423 	0.1587 	0.1638 	0.2196 	0.2498 	0.4294 	0.2378 	0.2388 	0.2258 	0.2223 	0.2081 
S,E7000,MWH2000-19999,KWH,I_TAX,PPS,LU	: 	: 	: 	: 	0.0822 	0.0823 	0.0685 	0.0697 	0.0653 	0.0655 	0.0659 	0.071 	0.0652 	0.0631 	0.0583 	0.0599 	0.0579 	0.0526 	0.0495 	0.0497 	0.0563 	0.0582 	0.0585 	0.0592 	0.0617 	0.0633 	0.0465 	0.0637 	0.0635 	0.0704 	0.1021 	0.1157 	0.1876 	0.1656 	0.1411 	0.1421 	0.1211 
S,E7000,MWH2000-19999,KWH,I_TAX,PPS,LV	: 	0.0884 	0.0956 	0.1174 	0.1509 	0.149 	0.1526 	0.1576 	0.1651 	0.1802 	0.1756 	0.1754 	0.1819 	0.1862 	0.1896 	0.1801 	0.1907 	0.1922 	0.1953 	0.1956 	0.1772 	0.1762 	0.1444 	0.1511 	0.1497 	0.1509 	0.1385 	0.1456 	0.1412 	0.1973 	0.2022 	0.3660 	0.2022 	0.2037 	0.1832 	0.1913 	0.1773 
S,E7000,MWH2000-19999,KWH,I_TAX,PPS,ME	: 	: 	: 	: 	: 	: 	: 	: 	0.1178 	0.1173 	0.1307 	0.1417 	0.1463 	0.1475 	0.1472 	0.1425 	0.1519 	0.1529 	0.1557 	0.1597 	0.1528 	: 	0.1515 	0.1495 	0.1684 	0.1735 	0.1695 	0.1459 	0.1685 	: @C	0.1698 	0.1734 	0.1604 	0.1495 	0.1508 	0.1433 	0.1467 p
S,E7000,MWH2000-19999,KWH,I_TAX,PPS,MK	: 	: 	: 	: 	: 	: 	: 	: 	: 	: 	: 	: @C	0.2171 	0.198 	0.1832 	0.1803 	0.1945 	0.1888 	0.1831 	0.1685 	0.1368 	0.1455 	0.1576 	0.1666 	0.1793 	0.1902 	0.1913 	0.1788 	0.1736 	0.2429 	0.4157 	0.7325 	0.4138 	0.2892 	0.2389 	0.3134 	0.2741 
S,E7000,MWH2000-19999,KWH,I_TAX,PPS,MT	: 	0.1376 	0.1343 	0.1937 	0.1776 	0.1242 	0.2148 	0.2295 	0.2199 	0.2184 	0.2184 	0.2161 	0.214 	0.2094 	0.2051 	0.2066 	0.1848 	0.1622 	0.1599 	0.1612 	0.1519 	0.1514 	0.1461 	0.1457 	0.1456 	0.1449 	0.1416 	0.1417 	0.1420 	0.1456 	0.1428 	0.1405 	0.1434 	0.1433 	0.1415 	0.1368 	0.1358 p
S,E7000,MWH2000-19999,KWH,I_TAX,PPS,NL	0.1002 	0.0983 	0.0996 	0.101 	0.1051 	0.1035 	0.0951 	0.0952 	0.0939 	0.0943 	0.0921 	0.0949 	0.0977 	0.0957 	0.0933 	0.0908 	0.0912 	0.0889 	0.0864 	0.0859 	0.0782 	0.0764 	0.0794 	0.0821 	0.0890 	0.0881 	0.1031 	0.1025 	0.1102 	0.1329 	0.1791 	0.1951 	0.2554 	0.2331 	0.1982 	0.1986 	0.1864 
S,E7000,MWH2000-19999,KWH,I_TAX,PPS,NO	: 	0.0585 	0.0582 	0.0643 	0.0642 	0.0605 	0.0752 	0.0669 	0.0789 	0.0621 	0.0599 	0.0547 	0.0608 	0.0591 	0.0533 	0.0551 	0.0534 	0.05 	0.0562 	0.0602 	0.0485 	0.0495 	0.0560 	0.0639 	0.0597 	0.0549 	0.0362 	0.0333 	0.0580 	0.0960 	0.1166 	0.1767 	0.1075 	0.0762 	0.0775 	0.0597 	0.0714 
S,E7000,MWH2000-19999,KWH,I_TAX,PPS,PL	: 	0.1387 	0.1496 	0.1442 	0.1774 	0.1734 	0.1746 	0.1752 	0.173 	0.1717 	0.1762 	0.1778 	0.1694 	0.1619 	0.1494 	0.1518 	0.1615 	0.1625 	0.163 	0.161 	0.1576 	0.1555 	0.1565 	0.1603 	0.1859 	0.1545 	0.1988 	0.1974 	0.1995 	0.2036 	0.2521 	0.2891 	0.4125 	0.3801 	0.3124 	0.3233 	0.2895 
S,E7000,MWH2000-19999,KWH,I_TAX,PPS,PT	: 	0.0887 	0.1019 	0.1031 	0.1048 	0.1024 	0.1019 	0.1011 	0.1164 	0.1282 	0.1626 	0.1604 	0.1639 	0.1612 	0.1593 	0.1595 	0.1631 	0.1639 	0.1611 	0.1615 	0.1513 	0.153 	0.1530 	0.1592 	0.1457 	0.1534 	0.1468 	0.1448 	0.1390 	0.1692 	0.1883 	0.1934 	0.1246 	0.1609 	0.1557 	0.1853 	0.1819 
S,E7000,MWH2000-19999,KWH,I_TAX,PPS,RO	: 	0.1691 	0.1676 	0.1726 	0.1764 	0.1722 	0.1706 	0.1775 	0.1783 	0.1896 	0.1904 	0.2078 	0.2299 	0.2089 	0.1907 	0.1752 	0.1805 	0.1786 	0.1671 	0.178 	0.1637 	0.17 	0.1733 	0.1824 	0.2029 	0.2119 	0.2240 	0.2156 	0.2098 	0.2906 	0.5274 d	0.6707 d	0.3718 	0.3554 	0.3240 	0.3413 	0.3277 
S,E7000,MWH2000-19999,KWH,I_TAX,PPS,RS	: 	: 	: 	: 	: 	: 	: 	: 	: 	: 	: 	: 	0.1199 	0.1266 	0.1124 	0.1509 	0.1435 	0.1672 	0.1636 	0.1245 	0.1447 	0.1488 	0.1507 	0.1540 	0.1734 	0.1706 	0.1684 	0.1656 	0.1667 	0.1745 	0.2034 	0.2377 	0.2751 	0.2883 	0.2648 	0.2433 	0.2523 
S,E7000,MWH2000-19999,KWH,I_TAX,PPS,SE	0.0551 	0.0615 	0.0646 	0.0751 	0.0676 	0.0657 	0.0745 	0.0725 	0.0751 	0.0688 	0.0682 	0.0619 	0.0631 	0.0632 	0.06 	0.0583 	0.0537 	0.0503 	0.0515 	0.0562 	0.0515 	0.0522 	0.0549 	0.0610 	0.0661 	0.0600 	0.0480 	0.0541 	0.0582 	0.0854 	0.0976 	0.1379 	0.1032 	0.0837 	0.0876 	0.0770 	0.0864 
S,E7000,MWH2000-19999,KWH,I_TAX,PPS,SI	: 	0.1157 	0.1134 	0.1186 	0.1135 	0.1117 	0.1208 	0.1235 	0.122 	0.1213 	0.1248 	0.1253 	0.1288 	0.1276 	0.1166 	0.1152 	0.1103 	0.1149 	0.1102 	0.1116 	0.0985 	0.0991 	0.1044 	0.1064 	0.1169 	0.1183 	0.1245 	0.1239 	0.1173 	0.1442 	0.2162 	0.2558 	0.2890 	0.2997 	0.2188 	0.2378 	0.2036 
S,E7000,MWH2000-19999,KWH,I_TAX,PPS,SK	: 	0.1674 	0.1942 	0.1975 	0.2224 	0.2212 	0.1884 	0.1933 	0.2018 	0.2053 	0.2141 	0.2037 	0.209 	0.203 	0.1867 	0.1897 	0.1819 	0.1821 	0.1777 	0.1841 	0.1654 	0.1665 	0.1716 	0.1698 	0.1858 	0.1900 	0.1809 	0.1888 	0.1754 	0.1915 	0.3179 	0.3786 	0.3563 	0.3285 	0.2460 	0.2822 	0.2645 
S,E7000,MWH2000-19999,KWH,I_TAX,PPS,TR	: 	0.1202 	0.1257 	0.1588 	0.1516 	0.1525 	0.1595 	0.1595 	0.1386 	0.1505 	0.153 	0.1703 	0.1691 	0.163 	0.1521 	0.1537 	0.1677 	0.1671 	0.1547 	0.1599 	0.135 	0.1432 	0.1337 	0.1885 	0.1757 	0.2129 	0.1842 	0.1895 	0.2127 	0.2400 	0.5277 	0.5643 	0.4384 	0.4467 	0.3084 	0.2187 	0.2283 
S,E7000,MWH2000-19999,KWH,I_TAX,PPS,UK	0.1017 	0.0968 	0.0961 	0.1164 	0.1201 	0.1054 	0.0986 	0.0972 	0.1003 	0.1044 	0.1114 	0.1142 	0.1155 	0.1213 	0.1233 	0.1231 	0.1306 	0.1307 	0.1284 	0.1319 	0.124 	0.1264 	0.1321 	0.1404 	0.1441 	0.1502 	0.1540 	: 	: 	: 	: 	: 	: 	: 	: 	: 	: 
S,E7000,MWH2000-19999,KWH,X_TAX,EUR,AL	: 	: 	: 	: 	: 	: 	: 	: 	: 	: 	: 	: 	: 	: 	: 	: 	: 	: 	: 	: 	: 	: 	: 	: 	0.1040 e	: 	0.1037 e	0.1036 e	0.1039 e	0.1053 e	0.1057 	0.1097 	0.1135 e	0.1223 e	0.1252 	0.1292 e	0.1420 
S,E7000,MWH2000-19999,KWH,X_TAX,EUR,AT	: 	0.0655 	0.0768 	0.0813 	0.0909 	0.0904 	0.0843 	0.0846 	0.0823 	0.0824 	0.0806 	0.0793 	0.0773 	0.0772 	0.0735 	0.0704 	0.0647 	0.0651 	0.0599 	0.054 	0.0553 	0.0581 	0.0598 	0.0634 	0.0711 	0.0717 	0.0693 	0.0759 	0.0789 	0.0928 	0.1578 	0.1893 	0.2278 	0.2179 	0.1684 	0.1750 	0.1580 
S,E7000,MWH2000-19999,KWH,X_TAX,EUR,BA	: 	: 	: 	: 	: 	: 	: 	: 	: 	: 	0.066 	0.0663 	0.0647 	0.0657 	0.0665 	0.0655 	0.0652 	0.0648 	0.0628 	0.0607 	0.0576 	0.0587 	0.0606 	0.0609 	0.0644 	0.0661 	0.0684 	0.0680 	0.0660 	0.0670 	0.0741 	0.0800 	0.0937 	0.0909 	0.0971 	0.0972 	0.1039 
S,E7000,MWH2000-19999,KWH,X_TAX,EUR,BE	: 	0.0748 	0.0856 	0.0838 	0.0928 	0.0902 	0.0837 	0.0836 	0.086 	0.0899 	0.0886 	0.0841 	0.0783 	0.0832 	0.0806 	0.0793 	0.0779 	0.08 	0.075 	0.0786 	0.0712 	0.0628 	0.0625 	0.0685 	0.0708 	0.0736 	0.0712 	0.0719 	0.0705 	0.0869 	0.1282 	0.1686 	0.1922 	0.1775 	0.1319 	0.1329 	0.1383 
S,E7000,MWH2000-19999,KWH,X_TAX,EUR,BG	: 	0.0501 	0.0491 	0.0588 	0.0588 	0.0578 	0.0568 	0.0588 	0.0574 	0.0582 	0.0624 	0.0688 	0.0691 	0.062 	0.0669 	0.067 	0.0609 	0.069 	0.0754 	0.0691 	0.067 	0.0695 	0.0736 	0.0756 	0.0806 	0.0816 	0.0771 	0.0779 	0.0784 	0.1645 	0.2296 	0.3340 	0.1514 	0.1319 	0.1071 	0.1561 	0.1377 
S,E7000,MWH2000-19999,KWH,X_TAX,EUR,CY	: 	0.1261 	0.1295 	0.1694 	0.1061 	0.134 	0.1378 	0.1547 	0.1445 	0.1904 	0.2025 	0.2129 	0.1877 	0.1815 	0.156 	0.1669 	0.1178 	0.1151 	0.0818 	0.1123 	0.1156 	0.1205 	0.1171 	0.1612 	0.1227 	0.1406 	0.1143 	0.1046 	0.1061 	0.1365 	0.1668 	0.2393 	0.1888 	0.1925 	0.1776 	0.1854 	0.1594 
S,E7000,MWH2000-19999,KWH,X_TAX,EUR,CZ	: 	0.0778 	0.0913 	0.093 	0.0929 	0.0967 	0.0929 	0.0957 	0.0984 	0.0956 	0.0958 	0.0961 	0.0961 	0.0944 	0.0774 	0.0761 	0.0707 	0.0709 	0.0628 	0.0618 	0.061 	0.062 	0.0627 	0.0625 	0.0635 	0.0660 	0.0713 	0.0719 	0.0771 	0.0880 	0.1552 	0.1664 	0.1819 	0.1716 	0.1560 	0.1581 	0.1481 
S,E7000,MWH2000-19999,KWH,X_TAX,EUR,DE	0.0741 	0.0776 	0.0839 	0.0831 	0.0843 	0.0833 	0.08 	0.079 	0.0791 	0.0804 	0.0786 	0.077 	0.0756 	0.0794 	0.072 	0.0714 	0.0686 	0.0705 	0.0671 	0.0677 	0.0628 	0.0645 	0.0621 	0.0650 	0.0717 	0.0623 	0.0706 	0.0731 	0.0734 	0.0897 	0.1440 	0.1730 	0.1814 	0.1781 	0.1748 	0.1810 	0.1598 
S,E7000,MWH2000-19999,KWH,X_TAX,EUR,DK	: 	0.0761 	0.0705 	0.0829 	0.0606 	0.0626 	0.0717 	0.0759 	0.078 	0.069 	0.064 	0.0618 	0.0656 	0.0638 	0.0651 	0.0657 	0.059 	0.0577 	0.0587 	0.0618 	0.0603 	0.0623 	0.0589 	0.0636 	0.0626 	0.0606 	0.0560 	0.0633 	0.0715 	0.1165 	0.1521 	0.2202 	0.1338 	0.1101 	0.1070 	0.1248 	0.1249 
S,E7000,MWH2000-19999,KWH,X_TAX,EUR,EA	0.0723 	0.0688 	0.0743 	0.0752 	0.0805 	0.0776 	0.0769 	0.0794 	0.0813 	0.0817 	0.0866 	0.0831 	0.0825 	0.0826 	0.0794 	0.0786 	0.0757 	0.0751 	0.0707 	0.0703 	0.0678 	0.0668 	0.0693 	0.0701 	0.0759 	0.0718 	0.0718 	0.0728 	0.0765 	0.0998 	0.1611 	0.1980 	0.1926 	0.1758 	0.1446 	0.1529 	0.1417 
S,E7000,MWH2000-19999,KWH,X_TAX,EUR,EE	: 	0.0435 	0.0432 	0.0472 	0.0507 	0.0501 	0.0546 	0.0604 	0.0616 	0.0632 	0.064 	0.0671 	0.0773 	0.0766 	0.0718 	0.0729 	0.0685 	0.0754 	0.0667 	0.0666 	0.0626 	0.0607 	0.0616 	0.0662 	0.0662 	0.0670 	0.0593 	0.0644 	0.0722 	0.1146 	0.1427 	0.2139 	0.1382 	0.1350 	0.1203 	0.1285 	0.1201 
S,E7000,MWH2000-19999,KWH,X_TAX,EUR,EL	: 	0.0673 	0.0737 	0.0798 	0.0829 	0.0731 	0.0737 	0.0749 	0.0762 	0.0796 	0.0853 	0.0876 	0.0874 	0.0869 	0.0891 	0.0856 	0.082 	0.0834 	0.0754 	0.0688 	0.0722 	0.075 	0.0683 	0.0692 	0.0717 	0.0729 	0.0742 	0.0701 	0.0809 	0.1749 	0.2791 	0.3855 	0.1541 	0.1467 	0.1187 	0.1642 	0.1597 
S,E7000,MWH2000-19999,KWH,X_TAX,EUR,ES	: 	0.0794 	0.0799 	0.0847 	0.0907 	0.0889 	0.0882 	0.0853 	0.0872 	0.0891 	0.0966 	0.0954 	0.0995 	0.1027 	0.0988 	0.0979 	0.0921 	0.0909 	0.0858 	0.0821 	0.0838 	0.0817 	0.0944 	0.0904 	0.0839 d	0.0785 	0.0645 	0.0656 	0.0761 	0.1171 	0.1801 	0.2218 	0.1382 	0.1292 	0.1039 	0.1178 	0.1122 
S,E7000,MWH2000-19999,KWH,X_TAX,EUR,EU27_2020	0.069 	0.0684 	0.0742 	0.0758 	0.0791 	0.0772 	0.077 	0.0793 	0.0811 	0.0805 	0.0846 	0.0818 	0.0813 	0.0808 	0.0772 	0.0763 	0.0738 	0.073 	0.069 	0.0688 	0.0660 	0.0652 	0.0672 	0.0683 	0.0747 	0.0701 	0.0708 	0.0718 	0.0747 	0.0972 	0.1549 	0.1918 	0.1831 	0.1665 	0.1389 	0.1471 	0.1373 
S,E7000,MWH2000-19999,KWH,X_TAX,EUR,FI	0.0533 	0.0538 	0.0584 	0.0616 	0.0631 	0.0638 	0.0653 	0.0641 	0.0663 	0.0653 	0.065 	0.0648 	0.0641 	0.0647 	0.0626 	0.063 	0.0592 	0.0611 	0.058 	0.0597 	0.0567 	0.058 	0.0580 	0.0608 	0.0604 	0.0606 	0.0581 	0.0651 	0.0631 	0.0776 	0.0858 	0.1295 	0.0938 	0.0848 	0.0806 d	0.0671 d	0.0704 
S,E7000,MWH2000-19999,KWH,X_TAX,EUR,FR	: 	0.0471 	0.0534 	0.0508 	0.062 	0.0552 	0.0635 	0.0567 	0.0652 	0.0591 	0.0703 	0.0576 	0.068 	0.0585 	0.0663 	0.0623 	0.0683 	0.0646 	0.0627 	0.0592 	0.061 	0.0567 	0.0620 	0.0572 	0.0689 	0.0640 	0.0706 	0.0667 	0.0729 	0.0745 	0.1202 	0.1123 	0.2217 	0.2013 	0.1306 	0.1327 	0.1092 
S,E7000,MWH2000-19999,KWH,X_TAX,EUR,GE	: 	: 	: 	: 	: 	: 	: 	: 	: 	: 	: 	: 	: 	: 	: 	: 	: 	: 	: 	: 	: 	: 	0.0448 	0.0513 	0.0535 	0.0427 	0.0457 	0.0396 	0.0699 	0.0622 	: 	0.0914 	0.0921 	0.0915 	0.0790 	0.0781 	0.0833 
S,E7000,MWH2000-19999,KWH,X_TAX,EUR,HR	0.0421 	0.0615 	0.0605 	0.0794 	0.0718 	0.0767 	0.0793 	0.077 	0.0768 	0.0755 	0.075 	0.0797 	0.0805 	0.0769 	0.0768 	0.0737 	0.0745 	0.0758 	0.0732 	0.072 	0.0712 	0.0706 	0.0733 	0.0761 	0.0793 	0.0812 	0.0811 	0.0803 	0.0795 	0.0888 	0.1197 	0.1789 	0.2206 	0.1872 	0.1859 	0.1841 	0.1846 
S,E7000,MWH2000-19999,KWH,X_TAX,EUR,HU	: 	0.0862 	0.0976 	0.1064 	0.1083 	0.1125 	0.0919 	0.0919 	0.0917 	0.0874 	0.0857 	0.0903 	0.0877 	0.0895 	0.0811 	0.0799 	0.0763 	0.0767 	0.0687 	0.0672 	0.0593 e	0.061 	0.0665 	0.0675 	0.0795 	0.0771 	0.0762 	0.0781 	0.0752 	0.0977 	0.1844 	0.2360 	0.2653 	0.2255 	0.1680 	0.1961 	0.1660 
S,E7000,MWH2000-19999,KWH,X_TAX,EUR,IE	: 	0.1086 	0.1201 	0.1276 	0.107 	0.0966 	0.0833 	0.086 	0.0858 	0.0946 	0.1016 	0.1173 	0.1134 	0.1138 	0.1115 	0.1078 	0.1082 	0.103 	0.0931 	0.0926 	0.0915 	0.0885 	0.0955 	0.1018 	0.1011 	0.0987 	0.0967 	0.0987 	0.1107 	0.1588 	0.1874 	0.2455 	0.2500 	0.2273 	0.2159 	0.2196 	0.2214 
S,E7000,MWH2000-19999,KWH,X_TAX,EUR,IS	: 	: 	: 	: 	: 	: 	: 	: 	: 	: 	: 	: 	: 	: 	: 	: 	: 	: 	0.056 	0.0445 	0.0551 p	: 	0.0659 e	0.0428 	0.0454 	0.0452 	0.0487 e	0.0481 	0.0429 e	0.0563 e	0.0614 e	0.0623 e	0.0606 e	0.0609 e	0.0769 e	0.0878 e	: 
S,E7000,MWH2000-19999,KWH,X_TAX,EUR,IT	: 	: 	: 	: 	: 	: 	: 	0.1045 	0.1007 	0.1038 	0.1169 	0.115 	0.1019 	0.104 	0.0947 	0.0976 	0.087 	0.0845 	0.0774 	0.0808 	0.076 	0.0753 	0.0791 	0.0827 	0.0903 	0.0886 	0.0808 	0.0841 	0.0876 	0.1281 	0.2232 	0.3079 	0.2093 	0.1717 	0.1438 	0.1584 	0.1661 
S,E7000,MWH2000-19999,KWH,X_TAX,EUR,LI	: 	: 	: 	: 	: 	: 	: 	: 	: 	: 	: 	: 	: 	: 	: 	: 	: 	: 	: 	: 	0 	: 	: 	: 	: 	: 	: 	: 	: 	: 	: 	: 	: 	: 	: 	: 	: 
S,E7000,MWH2000-19999,KWH,X_TAX,EUR,LT	: 	0.0627 	0.0701 	0.0704 	0.0781 	0.0666 	0.0912 	0.0961 	0.1017 	0.1023 	0.1072 	0.1071 	0.0914 	0.0859 	0.096 	0.0961 	0.0738 	0.0735 	0.0675 	0.0641 	0.0609 	0.0604 	0.0622 	0.0675 	0.0753 	0.0753 	0.0732 	0.0745 	0.0808 	0.1162 	0.1403 	0.2446 	0.1534 	0.1525 	0.1426 	0.1428 	0.1346 
S,E7000,MWH2000-19999,KWH,X_TAX,EUR,LU	: 	: 	: 	: 	0.0901 	0.0918 	0.0761 	0.0768 	0.071 	0.0711 	0.0718 	0.0766 	0.0721 	0.0704 	0.0637 	0.0654 	0.0556 	0.0558 	0.0512 	0.0517 	0.0588 	0.0603 	0.0616 	0.0622 	0.0656 	0.0671 	0.0523 	0.0681 	0.0675 	0.0749 	0.1150 	0.1330 	0.2263 	0.2034 	0.1717 	0.1715 	0.1464 
S,E7000,MWH2000-19999,KWH,X_TAX,EUR,LV	: 	0.0499 	0.0586 	0.0712 	0.0849 	0.0835 	0.0826 	0.085 	0.0905 	0.0989 	0.099 	0.0823 	0.0868 	0.0796 	0.0807 	0.08 	0.0813 	0.0804 	0.0806 	0.0804 	0.0765 	0.076 	0.0676 	0.0719 	0.0729 	0.0735 	0.0659 	0.0702 	0.0725 	0.1103 	0.1423 	0.2402 	0.1483 	0.1330 	0.1201 	0.1209 	0.1110 
S,E7000,MWH2000-19999,KWH,X_TAX,EUR,MD	: 	: 	: 	: 	: 	: 	: 	: 	: 	: 	: 	: 	: 	: 	: 	: 	0.0696 	0.0746 	0.0769 	0.0711 	0.0755 	0.0794 	0.0826 	0.0734 	0.0709 	0.0759 	0.0768 	0.0701 	0.0605 	0.0608 	0.0754 	0.1379 	0.1405 	0.1068 	0.0948 	0.0925 	0.1653 
S,E7000,MWH2000-19999,KWH,X_TAX,EUR,ME	: 	: 	: 	: 	: 	: 	: 	: 	0.0494 	0.0492 	0.0539 	0.059 	0.0625 	0.0618 	0.0635 	0.0617 	0.0615 	0.0618 	0.0639 	0.0646 	0.0593 	: 	0.0603 	0.0595 	0.0611 	0.0635 	0.0615 	0.0616 	0.0608 	: @C	0.0633 	0.0625 	0.0626 	0.0603 	0.0626 	0.0620 	0.0633 p
S,E7000,MWH2000-19999,KWH,X_TAX,EUR,MK	: 	: 	: 	: 	: 	: 	: 	: 	: 	: 	: 	: @C	0.039 	0.0414 	0.0422 	0.0419 	0.0674 	0.0654 	0.064 	0.0596 	0.052 	0.0553 	0.0609 	0.0644 	0.0692 	0.0735 	0.0745 	0.0696 	0.0676 	0.0978 	0.1673 	0.2892 	0.1676 	0.1164 	0.0981 	0.1347 	0.1176 
S,E7000,MWH2000-19999,KWH,X_TAX,EUR,MT	: 	0.0918 	0.0918 	0.1323 	0.123 	0.086 	0.149 	0.16 	0.158 	0.157 	0.159 	0.158 	0.159 	0.155 	0.157 	0.158 	0.1412 	0.1239 	0.1221 	0.1233 	0.1188 	0.1184 	0.1183 	0.1180 	0.1175 	0.1170 	0.1168 	0.1169 	0.1171 	0.1210 	0.1173 	0.1171 	0.1210 	0.1209 	0.1209 	0.1168 	0.1161 p
S,E7000,MWH2000-19999,KWH,X_TAX,EUR,NL	0.0784 	0.0782 	0.0787 	0.0816 	0.0875 	0.0868 	0.0775 	0.0783 	0.0752 	0.0764 	0.0731 	0.076 	0.076 	0.0752 	0.0715 	0.0718 	0.0672 	0.066 	0.0613 	0.0614 	0.0560 	0.0560 	0.0560 	0.0590 	0.0650 	0.0650 	0.0644 	0.0648 	0.0687 	0.0913 	0.1378 	0.1747 	0.2076 	0.1871 	0.1517 	0.1531 	0.1414 
S,E7000,MWH2000-19999,KWH,X_TAX,EUR,NO	: 	0.0514 	0.0525 	0.0554 	0.0565 	0.0546 	0.0749 	0.0652 	0.0817 	0.0618 	0.0593 	0.0542 	0.0634 	0.057 	0.0495 	0.0507 	0.0461 	0.039 	0.0444 	0.0507 	0.0486 	0.0483 	0.0561 	0.0654 	0.0615 	0.0543 	0.0319 	0.0287 	0.0596 	0.1001 	0.1258 	0.1890 	0.0951 	0.0633 	0.0683 	0.0494 	0.0626 
S,E7000,MWH2000-19999,KWH,X_TAX,EUR,PL	: 	0.0626 	0.0768 	0.0738 	0.0761 	0.0794 	0.0803 	0.0809 	0.0811 	0.0742 	0.0767 	0.0797 	0.0748 	0.0706 	0.0656 	0.0665 	0.0719 	0.0705 	0.0671 	0.0664 	0.0579 	0.0559 	0.0552 	0.0554 	0.0720 	0.0570 	0.0714 	0.0691 	0.0627 	0.0601 	0.0921 	0.1077 	0.1373 	0.1295 	0.1101 	0.1201 	0.1120 
S,E7000,MWH2000-19999,KWH,X_TAX,EUR,PT	: 	0.0637 	0.0698 	0.0704 	0.083 	0.0822 	0.0759 	0.0761 	0.0841 	0.0829 	0.0991 	0.0897 	0.0912 	0.0968 	0.089 	0.0891 	0.0902 	0.0908 	0.0855 	0.0861 	0.0767 	0.0776 	0.0735 	0.0765 	0.0768 	0.0800 	0.0727 	0.0714 	0.0699 	0.0918 	0.1517 	0.1713 	0.1442 	0.1156 	0.0994 	0.1072 	0.1064 
S,E7000,MWH2000-19999,KWH,X_TAX,EUR,RO	: 	0.079 	0.0783 	0.0799 	0.0734 	0.0714 	0.0716 	0.0694 	0.0703 	0.0703 	0.073 	0.067 	0.0761 	0.0706 	0.0666 	0.0634 	0.0625 	0.0598 	0.0556 	0.0594 	0.0585 	0.0601 	0.0650 	0.0678 	0.0756 	0.0789 	0.0828 	0.0786 	0.0755 	0.1135 	0.2275 d	0.2985 d	0.1608 	0.1511 	0.1360 	0.1472 	0.1479 
S,E7000,MWH2000-19999,KWH,X_TAX,EUR,RS	: 	: 	: 	: 	: 	: 	: 	: 	: 	: 	: 	: 	0.0488 	0.0504 	0.0454 	0.0595 	0.0555 	0.0577 	0.0555 	0.0408 	0.0533 	0.0566 	0.0589 	0.0602 	0.0691 	0.0681 	0.0685 	0.0673 	0.0649 	0.0698 	0.0820 	0.0944 	0.1162 	0.1242 	0.1183 	0.1089 	0.1136 
S,E7000,MWH2000-19999,KWH,X_TAX,EUR,SE	0.0518 	0.0577 	0.0614 	0.0681 	0.0587 	0.0596 	0.0713 	0.073 	0.0783 	0.0703 	0.0707 	0.0667 	0.0684 	0.0667 	0.063 	0.0593 	0.054 	0.0509 	0.0525 	0.0552 	0.0548 	0.0551 	0.0525 	0.0576 	0.0625 	0.0557 	0.0472 	0.0550 	0.0599 	0.0878 	0.0975 	0.1341 	0.0976 	0.0773 	0.0831 	0.0720 	0.0833 
S,E7000,MWH2000-19999,KWH,X_TAX,EUR,SI	: 	0.0709 	0.0742 	0.077 	0.0773 	0.076 	0.077 	0.0764 	0.0755 	0.0771 	0.0767 	0.077 	0.074 	0.0736 	0.0672 	0.0663 	0.063 	0.0631 	0.0594 	0.0593 	0.0552 	0.0555 	0.0598 	0.0611 	0.0684 	0.0691 	0.0734 	0.0732 	0.0690 	0.0772 	0.1397 	0.1796 	0.2120 	0.1974 	0.1446 	0.1569 	0.1343 
S,E7000,MWH2000-19999,KWH,X_TAX,EUR,SK	: 	0.0952 	0.1083 	0.1164 	0.1263 	0.1256 	0.1045 	0.1073 	0.1113 	0.1133 	0.1175 	0.1115 	0.1139 	0.1104 	0.0992 	0.1008 	0.0965 	0.0941 	0.0923 	0.0952 	0.066 	0.0666 	0.0722 	0.0705 	0.0854 	0.0882 	0.0869 	0.0923 	0.0831 	0.0946 	0.1916 	0.2310 	0.2122 	0.1833 	0.1433 	0.1654 	0.1505 
S,E7000,MWH2000-19999,KWH,X_TAX,EUR,TR	: 	0.0596 	0.0618 	0.0769 	0.0699 	0.0696 	0.0796 	0.0815 	0.0678 	0.066 	0.0741 	0.084 	0.0854 	0.0734 	0.0669 	0.0701 	0.0761 	0.0672 	0.0647 	0.0637 	0.0567 	0.0548 	0.0533 	0.0578 	0.0639 	0.0774 	0.0694 	0.0569 	0.0600 	0.0726 	0.1137 	0.1856 	0.1267 	0.0915 	0.0830 	0.0891 	0.0833 
S,E7000,MWH2000-19999,KWH,X_TAX,EUR,UA	: 	: 	: 	: 	: 	: 	: 	: 	: 	: 	: 	: 	: 	: 	: 	: 	: 	: 	0.0488 	0.0583 	0.0545 	0.0508 d	0.0580 	0.0602 	0.0634 	0.0693 	0.0575 	0.0537 	0.0586 	: 	: 	: 	: 	: 	: 	: 	: 
S,E7000,MWH2000-19999,KWH,X_TAX,EUR,UK	0.098 	0.0944 	0.0844 	0.0975 	0.0986 	0.0866 	0.0839 	0.0853 	0.0856 	0.089 	0.099 	0.1046 	0.1025 	0.1075 	0.1142 	0.1179 	0.1095 	0.111 	0.0947 	0.0881 	0.0956 	0.0911 	0.0985 	0.1016 	0.0928 	0.0936 	0.0980 	: 	: 	: 	: 	: 	: 	: 	: 	: 	: 
S,E7000,MWH2000-19999,KWH,X_TAX,EUR,XK	: 	: 	: 	: 	: 	: 	: 	: 	: 	: 	: 	: 	0.061 	0.0603 	0.0617 	0.0642 	0.066 	0.0673 	0.0643 	0.0639 	0.0693 	0.0665 	0.0645 	0.0635 	0.0593 	0.0580 	0.0581 	0.0577 	0.0576 	0.0585 	0.0598 e	0.0601 	0.0636 	0.0677 	0.0669 	0.0658 	: 
S,E7000,MWH2000-19999,KWH,X_TAX,NAC,AL	: 	: 	: 	: 	: 	: 	: 	: 	: 	: 	: 	: 	: 	: 	: 	: 	: 	: 	: 	: 	: 	: 	: 	: 	12.8800 e	: 	12.8300 e	12.8300 e	12.8100 e	12.8100 e	12.8100 	12.8100 	12.8100 e	12.8100 e	12.8100 	12.8100 e	14.0000 
S,E7000,MWH2000-19999,KWH,X_TAX,NAC,AT	: 	0.0655 	0.0768 	0.0813 	0.0909 	0.0904 	0.0843 	0.0846 	0.0823 	0.0824 	0.0806 	0.0793 	0.0773 	0.0772 	0.0735 	0.0704 	0.0647 	0.0651 	0.0599 	0.054 	0.0553 	0.0581 	0.0598 	0.0634 	0.0711 	0.0717 	0.0693 	0.0759 	0.0789 	0.0928 	0.1578 	0.1893 	0.2278 	0.2179 	0.1684 	0.1750 	0.1580 
S,E7000,MWH2000-19999,KWH,X_TAX,NAC,BA	: 	: 	: 	: 	: 	: 	: 	: 	: 	: 	0.1293 	0.1299 	0.1269 	0.1288 	0.1304 	0.1284 	0.1275 	0.1267 	0.1228 	0.1187 	0.1127 	0.1149 	0.1185 	0.1192 	0.1259 	0.1293 	0.1337 	0.1330 	0.1290 	0.1310 	0.1449 	0.1565 	0.1832 	0.1777 	0.1899 	0.1900 	0.2032 
S,E7000,MWH2000-19999,KWH,X_TAX,NAC,BE	: 	0.0748 	0.0856 	0.0838 	0.0928 	0.0902 	0.0837 	0.0836 	0.086 	0.0899 	0.0886 	0.0841 	0.0783 	0.0832 	0.0806 	0.0793 	0.0779 	0.08 	0.075 	0.0786 	0.0712 	0.0628 	0.0625 	0.0685 	0.0708 	0.0736 	0.0712 	0.0719 	0.0705 	0.0869 	0.1282 	0.1686 	0.1922 	0.1775 	0.1319 	0.1329 	0.1383 
S,E7000,MWH2000-19999,KWH,X_TAX,NAC,BG	: 	0.098 	0.096 	0.115 	0.115 	0.113 	0.111 	0.115 	0.1122 	0.1139 	0.122 	0.1346 	0.1352 	0.1213 	0.1308 	0.1311 	0.1192 	0.135 	0.1475 	0.1351 	0.1311 	0.1359 	0.1439 	0.1478 	0.1577 	0.1595 	0.1508 	0.1523 	0.1534 	0.3218 	0.4490 	0.6532 	0.2961 	0.2580 	0.2094 	0.3053 	0.2693 
S,E7000,MWH2000-19999,KWH,X_TAX,NAC,CY	: 	0.0737 	0.1295 	0.1694 	0.1061 	0.134 	0.1378 	0.1547 	0.1445 	0.1904 	0.2025 	0.2129 	0.1877 	0.1815 	0.156 	0.1669 	0.1178 	0.1151 	0.0818 	0.1123 	0.1156 	0.1205 	0.1171 	0.1612 	0.1227 	0.1406 	0.1143 	0.1046 	0.1061 	0.1365 	0.1668 	0.2393 	0.1888 	0.1925 	0.1776 	0.1854 	0.1594 
S,E7000,MWH2000-19999,KWH,X_TAX,NAC,CZ	: 	2.13 	2.3 	2.3 	2.52 	2.49 	2.391 	2.38 	2.397 	2.3729 	2.4113 	2.415 	2.4691 	2.478 	2.1253 	2.1025 	1.9455 	1.9191 	1.6991 	1.6714 	1.6324 	1.6025 	1.5977 	1.6124 	1.6319 	1.6938 	1.8795 	1.9112 	1.9943 	2.2376 	3.8250 	4.0736 	4.3094 	4.1732 	3.9024 	3.9870 	3.7016 
S,E7000,MWH2000-19999,KWH,X_TAX,NAC,DE	0.0741 	0.0776 	0.0839 	0.0831 	0.0843 	0.0833 	0.08 	0.079 	0.0791 	0.0804 	0.0786 	0.077 	0.0756 	0.0794 	0.072 	0.0714 	0.0686 	0.0705 	0.0671 	0.0677 	0.0628 	0.0645 	0.0621 	0.0650 	0.0717 	0.0623 	0.0706 	0.0731 	0.0734 	0.0897 	0.1440 	0.1730 	0.1814 	0.1781 	0.1748 	0.1810 	0.1598 
S,E7000,MWH2000-19999,KWH,X_TAX,NAC,DK	: 	0.5668 	0.5258 	0.6178 	0.4511 	0.4659 	0.5334 	0.5658 	0.5814 	0.514 	0.4762 	0.4603 	0.4895 	0.4757 	0.4857 	0.4896 	0.4396 	0.4302 	0.4372 	0.4598 	0.4484 	0.4638 	0.4387 	0.4740 	0.4670 	0.4528 	0.4179 	0.4711 	0.5317 	0.8667 	1.1319 	1.6382 	0.9962 	0.8208 	0.7981 	0.9313 	0.9319 
S,E7000,MWH2000-19999,KWH,X_TAX,NAC,EA	: 	0.0729 	0.0786 	0.0816 	0.0851 	0.0814 	0.0803 	0.0796 	0.0812 	0.0815 	0.0865 	0.083 	0.0825 	0.0827 	0.0793 	0.0785 	0.0757 	0.0751 	0.0707 	0.0703 	: 	: 	: 	: 	: 	: 	: 	: 	: 	: 	: 	: 	: 	: 	: 	: 	: 
S,E7000,MWH2000-19999,KWH,X_TAX,NAC,EE	: 	0.68 	0.676 	0.738 	0.794 	0.784 	0.855 	0.945 	0.0616 	0.0632 	0.064 	0.0671 	0.0773 	0.0766 	0.0718 	0.0729 	0.0685 	0.0754 	0.0667 	0.0666 	0.0626 	0.0607 	0.0616 	0.0662 	0.0662 	0.0670 	0.0593 	0.0644 	0.0722 	0.1146 	0.1427 	0.2139 	0.1382 	0.1350 	0.1203 	0.1285 	0.1201 
S,E7000,MWH2000-19999,KWH,X_TAX,NAC,EL	: 	0.0673 	0.0737 	0.0798 	0.0829 	0.0731 	0.0737 	0.0749 	0.0762 	0.0796 	0.0853 	0.0876 	0.0874 	0.0869 	0.0891 	0.0856 	0.082 	0.0834 	0.0754 	0.0688 	0.0722 	0.075 	0.0683 	0.0692 	0.0717 	0.0729 	0.0742 	0.0701 	0.0809 	0.1749 	0.2791 	0.3855 	0.1541 	0.1467 	0.1187 	0.1642 	0.1597 
S,E7000,MWH2000-19999,KWH,X_TAX,NAC,ES	: 	0.0794 	0.0799 	0.0847 	0.0907 	0.0889 	0.0882 	0.0853 	0.0872 	0.0891 	0.0966 	0.0954 	0.0995 	0.1027 	0.0988 	0.0979 	0.0921 	0.0909 	0.0858 	0.0821 	0.0838 	0.0817 	0.0944 	0.0904 	0.0839 d	0.0785 	0.0645 	0.0656 	0.0761 	0.1171 	0.1801 	0.2218 	0.1382 	0.1292 	0.1039 	0.1178 	0.1122 
S,E7000,MWH2000-19999,KWH,X_TAX,NAC,FI	0.0533 	0.0538 	0.0584 	0.0616 	0.0631 	0.0638 	0.0653 	0.0641 	0.0663 	0.0653 	0.065 	0.0648 	0.0641 	0.0647 	0.0626 	0.063 	0.0592 	0.0611 	0.058 	0.0597 	0.0567 	0.058 	0.0580 	0.0608 	0.0604 	0.0606 	0.0581 	0.0651 	0.0631 	0.0776 	0.0858 	0.1295 	0.0938 	0.0848 	0.0806 d	0.0671 d	0.0704 
S,E7000,MWH2000-19999,KWH,X_TAX,NAC,FR	: 	0.0471 	0.0534 	0.0508 	0.062 	0.0552 	0.0635 	0.0567 	0.0652 	0.0591 	0.0703 	0.0576 	0.068 	0.0585 	0.0663 	0.0623 	0.0683 	0.0646 	0.0627 	0.0592 	0.061 	0.0567 	0.0620 	0.0572 	0.0689 	0.0640 	0.0706 	0.0667 	0.0729 	0.0745 	0.1202 	0.1123 	0.2217 	0.2013 	0.1306 	0.1327 	0.1092 
S,E7000,MWH2000-19999,KWH,X_TAX,NAC,GE	: 	: 	: 	: 	: 	: 	: 	: 	: 	: 	: 	: 	: 	: 	: 	: 	: 	: 	: 	: 	: 	: 	0.1337 	0.1536 	0.1635 	0.1391 	0.1528 	0.1488 	0.2797 	0.2258 	: 	0.2575 	0.2584 	0.2631 	0.2312 	0.2315 	0.2526 
S,E7000,MWH2000-19999,KWH,X_TAX,NAC,HR	0.31 	0.45 	0.44 	0.57 	0.53 	0.56 	0.576 	0.563 	0.568 	0.565 	0.5655 	0.5977 	0.6093 	0.5835 	0.5855 	0.5633 	0.5681 	0.5759 	0.5532 	0.5408 	0.5302 	0.5284 	0.5435 	0.5644 	0.5885 	0.6025 	0.6114 	0.6060 	0.6006 	0.6668 	0.9030 	1.3477 	0.2206 	0.1872 	0.1859 	0.1841 	0.1846 
S,E7000,MWH2000-19999,KWH,X_TAX,NAC,HU	: 	21.76 	24.76 	26.58 	31.4087 	30.49 	24.97 	25.66 	24.7142 	25.2839 	25.3088 	25.5747 	25.9725 	26.6573 	24.9011 	24.7918 	23.4542 	23.9619 	21.4804 	20.8501 	18.3473 e	18.8629 	20.8907 	21.8261 	25.4641 	25.4438 	26.3130 	27.8816 	26.9146 	35.0881 	69.1729 	96.1014 	101.0030 	86.3278 	65.4877 	78.5910 	67.1622 
S,E7000,MWH2000-19999,KWH,X_TAX,NAC,IE	: 	0.1086 	0.1201 	0.1276 	0.107 	0.0966 	0.0833 	0.086 	0.0858 	0.0946 	0.1016 	0.1173 	0.1134 	0.1138 	0.1115 	0.1078 	0.1082 	0.103 	0.0931 	0.0926 	0.0915 	0.0885 	0.0955 	0.1018 	0.1011 	0.0987 	0.0967 	0.0987 	0.1107 	0.1588 	0.1874 	0.2455 	0.2500 	0.2273 	0.2159 	0.2196 	0.2214 
S,E7000,MWH2000-19999,KWH,X_TAX,NAC,IS	: 	: 	: 	: 	: 	: 	: 	: 	: 	: 	: 	: 	: 	: 	: 	: 	: 	: 	7.8738 	5.6548 	6.4501 p	: 	8.1359 e	5.6315 	6.2188 	6.2231 	7.2300 e	7.7300 	6.5120 e	8.3700 e	8.6834 e	8.9200 e	9.1600 e	8.9700 e	11.5000 e	13.0900 e	: 
S,E7000,MWH2000-19999,KWH,X_TAX,NAC,IT	: 	: 	: 	: 	: 	: 	: 	0.1045 	0.1007 	0.1038 	0.1169 	0.115 	0.1019 	0.104 	0.0947 	0.0976 	0.087 	0.0845 	0.0774 	0.0808 	0.076 	0.0753 	0.0791 	0.0827 	0.0903 	0.0886 	0.0808 	0.0841 	0.0876 	0.1281 	0.2232 	0.3079 	0.2093 	0.1717 	0.1438 	0.1584 	0.1661 
S,E7000,MWH2000-19999,KWH,X_TAX,NAC,LI	: 	: 	: 	: 	: 	: 	: 	: 	: 	: 	: 	: 	: 	: 	: 	: 	: 	: 	: 	: 	0 	: 	: 	: 	: 	: 	: 	: 	: 	: 	: 	: 	: 	: 	: 	: 	: 
S,E7000,MWH2000-19999,KWH,X_TAX,NAC,LT	: 	0.2166 	0.242 	0.243 	0.2698 	0.23 	0.315 	0.3318 	0.3512 	0.3533 	0.3702 	0.3699 	0.3155 	0.2967 	0.3315 	0.3318 	0.0738 	0.0735 	0.0675 	0.0641 	0.0609 	0.0604 	0.0622 	0.0675 	0.0753 	0.0753 	0.0732 	0.0745 	0.0808 	0.1162 	0.1403 	0.2446 	0.1534 	0.1525 	0.1426 	0.1428 	0.1346 
S,E7000,MWH2000-19999,KWH,X_TAX,NAC,LU	: 	: 	: 	: 	0.0901 	0.0918 	0.0761 	0.0768 	0.071 	0.0711 	0.0718 	0.0766 	0.0721 	0.0704 	0.0637 	0.0654 	0.0556 	0.0558 	0.0512 	0.0517 	0.0588 	0.0603 	0.0616 	0.0622 	0.0656 	0.0671 	0.0523 	0.0681 	0.0675 	0.0749 	0.1150 	0.1330 	0.2263 	0.2034 	0.1717 	0.1715 	0.1464 
S,E7000,MWH2000-19999,KWH,X_TAX,NAC,LV	: 	0.0349 	0.0409 	0.0503 	0.06 	0.0589 	0.0585 	0.0603 	0.064 	0.0698 	0.0691 	0.0573 	0.0608 	0.0559 	0.0807 	0.08 	0.0813 	0.0804 	0.0806 	0.0804 	0.0765 	0.076 	0.0676 	0.0719 	0.0729 	0.0735 	0.0659 	0.0702 	0.0725 	0.1103 	0.1423 	0.2402 	0.1483 	0.1330 	0.1201 	0.1209 	0.1110 
S,E7000,MWH2000-19999,KWH,X_TAX,NAC,MD	: 	: 	: 	: 	: 	: 	: 	: 	: 	: 	: 	: 	: 	: 	: 	: 	1.4054 	1.6106 	1.71 	1.5544 	1.58 	1.6475 	1.6696 	1.4291 	1.4050 	1.4825 	1.4951 	1.4032 	1.2887 	1.2511 	1.5238 	2.7037 	2.7947 	2.0716 	1.8200 	1.7854 	3.2237 
S,E7000,MWH2000-19999,KWH,X_TAX,NAC,ME	: 	: 	: 	: 	: 	: 	: 	: 	0.0494 	0.0492 	0.0539 	0.059 	0.0625 	0.0618 	0.0635 	0.0617 	0.0615 	0.0618 	0.0639 	0.0646 	0.0593 	: 	0.0603 	0.0595 	0.0611 	0.0635 	0.0615 	0.0616 	0.0608 	: @C	0.0633 	0.0625 	0.0626 	0.0603 	0.0626 	0.0620 	0.0633 p
S,E7000,MWH2000-19999,KWH,X_TAX,NAC,MK	: 	: 	: 	: 	: 	: 	: 	: 	: 	: 	: 	: @C	2.404 	2.5463 	2.5988 	2.5837 	4.1494 	4.0291 	3.9452 	3.666 	3.2035 	3.4056 	3.7490 	3.9625 	4.2579 	4.5174 	4.5926 	4.2927 	4.1674 	6.0287 	10.3165 	17.8051 	10.3272 	7.1590 	6.0372 	8.2834 	7.2450 
S,E7000,MWH2000-19999,KWH,X_TAX,NAC,MT	: 	0.0394 	0.0918 	0.1323 	0.123 	0.086 	0.149 	0.16 	0.158 	0.157 	0.159 	0.158 	0.159 	0.155 	0.157 	0.158 	0.1412 	0.1239 	0.1221 	0.1233 	0.1188 	0.1184 	0.1183 	0.1180 	0.1175 	0.1170 	0.1168 	0.1169 	0.1171 	0.1210 	0.1173 	0.1171 	0.1210 	0.1209 	0.1209 	0.1168 	0.1161 p
S,E7000,MWH2000-19999,KWH,X_TAX,NAC,NL	0.0784 	0.0782 	0.0787 	0.0816 	0.0875 	0.0868 	0.0775 	0.0783 	0.0752 	0.0764 	0.0731 	0.076 	0.076 	0.0752 	0.0715 	0.0718 	0.0672 	0.066 	0.0613 	0.0614 	0.0560 	0.0560 	0.0560 	0.0590 	0.0650 	0.0650 	0.0644 	0.0648 	0.0687 	0.0913 	0.1378 	0.1747 	0.2076 	0.1871 	0.1517 	0.1531 	0.1414 
S,E7000,MWH2000-19999,KWH,X_TAX,NAC,NO	: 	0.406 	0.417 	0.4709 	0.503 	0.4676 	0.5999 	0.5219 	0.6391 	0.4798 	0.4492 	0.4002 	0.4769 	0.4606 	0.4095 	0.4278 	0.3986 	0.3605 	0.4183 	0.4649 	0.446 	0.4575 	0.5377 	0.6278 	0.5980 	0.5414 	0.3423 	0.3074 	0.6065 	1.0163 	1.2555 	1.9319 	1.0772 	0.7303 	0.7853 	0.5805 	0.7299 
S,E7000,MWH2000-19999,KWH,X_TAX,NAC,PL	: 	0.2331 	0.2683 	0.261 	0.3404 	0.3324 	0.3213 	0.3225 	0.3206 	0.3181 	0.3255 	0.3287 	0.3123 	0.2975 	0.2741 	0.2788 	0.2979 	0.2979 	0.2933 	0.2893 	0.2472 	0.2371 	0.2330 	0.2385 	0.3092 	0.2452 	0.3151 	0.3090 	0.2846 	0.2760 	0.4271 	0.5100 	0.6346 	0.5777 	0.4753 	0.5160 	0.4740 
S,E7000,MWH2000-19999,KWH,X_TAX,NAC,PT	: 	0.0637 	0.0698 	0.0704 	0.083 	0.0822 	0.0759 	0.0761 	0.0841 	0.0829 	0.0991 	0.0897 	0.0912 	0.0968 	0.089 	0.0891 	0.0902 	0.0908 	0.0855 	0.0861 	0.0767 	0.0776 	0.0735 	0.0765 	0.0768 	0.0800 	0.0727 	0.0714 	0.0699 	0.0918 	0.1517 	0.1713 	0.1442 	0.1156 	0.0994 	0.1072 	0.1064 
S,E7000,MWH2000-19999,KWH,X_TAX,NAC,RO	: 	0.264 	0.2874 	0.2954 	0.3108 	0.3032 	0.2969 	0.2965 	0.2938 	0.302 	0.3205 	0.3035 	0.334 	0.314 	0.2971 	0.2805 	0.2778 	0.2657 	0.25 	0.2664 	0.2654 	0.2766 	0.3024 	0.3156 	0.3585 	0.3746 	0.3988 	0.3818 	0.3699 	0.5606 	1.1250 d	1.4679 d	0.7934 	0.7492 	0.6766 	0.7322 	0.7400 
S,E7000,MWH2000-19999,KWH,X_TAX,NAC,RS	: 	: 	: 	: 	: 	: 	: 	: 	: 	: 	: 	: 	5.4608 	5.7629 	5.2494 	7.075 	6.7109 	6.9561 	6.8175 	5.0246 	6.5795 	6.7634 	6.9665 	7.1194 	8.1571 	8.0089 	8.0548 	7.9190 	7.6260 	8.2123 	9.6477 	11.0796 	13.6331 	14.5574 	13.8632 	12.7402 	13.3057 
S,E7000,MWH2000-19999,KWH,X_TAX,NAC,SE	0.478 	0.535 	0.576 	0.671 	0.637 	0.619 	0.698 	0.679 	0.7 	0.6408 	0.6283 	0.5692 	0.5835 	0.5845 	0.5639 	0.5474 	0.5043 	0.477 	0.4888 	0.532 	0.5257 	0.5329 	0.5334 	0.5971 	0.6577 	0.5939 	0.5028 	0.5672 	0.6065 	0.8926 	1.0217 	1.4457 	1.1069 	0.8985 	0.9470 	0.8262 	0.9242 
S,E7000,MWH2000-19999,KWH,X_TAX,NAC,SI	: 	0.0709 	0.0742 	0.077 	0.0773 	0.076 	0.077 	0.0764 	0.0755 	0.0771 	0.0767 	0.077 	0.074 	0.0736 	0.0672 	0.0663 	0.063 	0.0631 	0.0594 	0.0593 	0.0552 	0.0555 	0.0598 	0.0611 	0.0684 	0.0691 	0.0734 	0.0732 	0.0690 	0.0772 	0.1397 	0.1796 	0.2120 	0.1974 	0.1446 	0.1569 	0.1343 
S,E7000,MWH2000-19999,KWH,X_TAX,NAC,SK	: 	3.19 	3.49 	3.53 	0.1263 	0.1256 	0.1045 	0.1073 	0.1113 	0.1133 	0.1175 	0.1115 	0.1139 	0.1104 	0.0992 	0.1008 	0.0965 	0.0941 	0.0923 	0.0952 	0.066 	0.0666 	0.0722 	0.0705 	0.0854 	0.0882 	0.0869 	0.0923 	0.0831 	0.0946 	0.1916 	0.2310 	0.2122 	0.1833 	0.1433 	0.1654 	0.1505 
S,E7000,MWH2000-19999,KWH,X_TAX,NAC,TR	: 	0.1042 	0.1167 	0.148 	0.1504 	0.1512 	0.1608 	0.1608 	0.1498 	0.1626 	0.1731 	0.1926 	0.2033 	0.1969 	0.1984 	0.1996 	0.2179 	0.2137 	0.2109 	0.2183 	0.2233 	0.236 	0.2643 	0.3724 	0.4060 	0.4921 	0.4967 	0.5085 	0.5718 	0.8318 	1.8484 	3.4405 	2.7375 	2.7400 	2.8425 	3.2834 	3.4259 
S,E7000,MWH2000-19999,KWH,X_TAX,NAC,UA	: 	: 	: 	: 	: 	: 	: 	: 	: 	: 	: 	: 	: 	: 	: 	: 	: 	: 	1.39 	1.64 	1.58 	1.58 d	1.8800 	1.9155 	1.9304 	1.9038 	1.6444 	1.7691 	1.9640 	: 	: 	: 	: 	: 	: 	: 	: 
S,E7000,MWH2000-19999,KWH,X_TAX,NAC,UK	0.0661 	0.0655 	0.0654 	0.0797 	0.0881 	0.0769 	0.073 	0.0722 	0.0743 	0.0772 	0.0814 	0.0836 	0.0872 	0.0911 	0.0938 	0.0933 	0.0802 	0.0799 	0.0737 	0.0757 	0.0823 	0.0813 	0.0867 	0.0904 	0.0811 	0.0825 	0.0857 	: 	: 	: 	: 	: 	: 	: 	: 	: 	: 
S,E7000,MWH2000-19999,KWH,X_TAX,NAC,XK	: 	: 	: 	: 	: 	: 	: 	: 	: 	: 	: 	: 	0.061 	0.0603 	0.0617 	0.0642 	0.066 	0.0673 	0.0643 	0.0639 	0.0693 	0.0665 	0.0645 	0.0635 	0.0593 	0.0580 	0.0581 	0.0577 	0.0576 	0.0585 	0.0598 e	0.0601 	0.0636 	0.0677 	0.0669 	0.0658 	: 
S,E7000,MWH2000-19999,KWH,X_TAX,PPS,AL	: 	: 	: 	: 	: 	: 	: 	: 	: 	: 	: 	: 	: 	: 	: 	: 	: 	: 	: 	: 	: 	: 	: 	: 	0.2092 e	: 	0.2017 e	0.2017 e	0.1990 e	0.1990 e	0.1998 	0.1998 	0.2010 e	0.2014 e	0.2036 	0.2048 e	0.2253 
S,E7000,MWH2000-19999,KWH,X_TAX,PPS,AT	: 	0.0613 	0.0704 	0.0745 	0.081 	0.0805 	0.0765 	0.0767 	0.0743 	0.0744 	0.0731 	0.0719 	0.0692 	0.0691 	0.0665 	0.0637 	0.0585 	0.0599 	0.0561 	0.0506 	0.049 	0.0515 	0.0531 	0.0563 	0.0626 	0.0631 	0.0606 	0.0664 	0.0690 	0.0803 	0.1366 	0.1659 	0.2029 	0.1941 	0.1487 	0.1544 	0.1376 
S,E7000,MWH2000-19999,KWH,X_TAX,PPS,BA	: 	: 	: 	: 	: 	: 	: 	: 	: 	: 	0.137 	0.1377 	0.1331 	0.1351 	0.138 	0.1358 	0.1349 	0.1374 	0.1329 	0.1283 	0.1137 	0.1159 	0.1191 	0.1198 	0.1253 	0.1287 	0.1335 	0.1328 	0.1288 	0.1288 	0.1424 	0.1537 	0.1722 	0.1642 	0.1780 	0.1771 	0.1760 
S,E7000,MWH2000-19999,KWH,X_TAX,PPS,BE	: 	0.0684 	0.0766 	0.0749 	0.0813 	0.0791 	0.0755 	0.0754 	0.0775 	0.081 	0.08 	0.0759 	0.0695 	0.0739 	0.0726 	0.0715 	0.0702 	0.0725 	0.0693 	0.0735 	0.063 	0.0556 	0.0554 	0.0607 	0.0627 	0.0652 	0.0638 	0.0644 	0.0632 	0.0781 	0.1154 	0.1517 	0.1727 	0.1586 	0.1176 	0.1178 	0.1232 
S,E7000,MWH2000-19999,KWH,X_TAX,PPS,BG	: 	0.1249 	0.1148 	0.1375 	0.1315 	0.1292 	0.128 	0.1326 	0.1212 	0.123 	0.1327 	0.1464 	0.1454 	0.1304 	0.1418 	0.1422 	0.1293 	0.1493 	0.1636 	0.149 	0.1331 	0.138 	0.1431 	0.1470 	0.1516 	0.1534 	0.1431 	0.1445 	0.1456 	0.2981 	0.4159 	0.6023 	0.2511 	0.2188 	0.1774 	0.2586 	0.2244 
S,E7000,MWH2000-19999,KWH,X_TAX,PPS,CY	: 	0.1445 	0.1477 	0.1932 	0.1194 	0.1507 	0.1553 	0.1743 	0.157 	0.2069 	0.2231 	0.2345 	0.2104 	0.2034 	0.1775 	0.1899 	0.134 	0.1264 	0.0926 	0.127 	0.1296 	0.1351 	0.1305 	0.1796 	0.1354 	0.1551 	0.1248 	0.1142 	0.1158 	0.1489 	0.1819 	0.2641 	0.2064 	0.2112 	0.1976 	0.2036 	0.1746 
S,E7000,MWH2000-19999,KWH,X_TAX,PPS,CZ	: 	0.1239 	0.126 	0.126 	0.1364 	0.1348 	0.1308 	0.1302 	0.135 	0.1336 	0.1365 	0.1367 	0.1392 	0.1397 	0.1204 	0.1191 	0.1102 	0.11 	0.0983 	0.0975 	0.0902 	0.0886 	0.0876 	0.0884 	0.0875 	0.0908 	0.0982 	0.0998 	0.1042 	0.1156 	0.1976 	0.2119 	0.2169 	0.2106 	0.1945 	0.1963 	0.1824 
S,E7000,MWH2000-19999,KWH,X_TAX,PPS,DE	0.0724 	0.0758 	0.0808 	0.08 	0.0784 	0.0774 	0.0767 	0.0757 	0.0761 	0.0774 	0.0761 	0.0745 	0.0719 	0.0755 	0.0691 	0.0685 	0.0658 	0.0676 	0.065 	0.0653 	0.0579 	0.0595 	0.0572 	0.0598 	0.0648 	0.0563 	0.0639 	0.0662 	0.0664 	0.0807 	0.1297 	0.1558 	0.1620 	0.1592 	0.1554 	0.1617 	0.1431 
S,E7000,MWH2000-19999,KWH,X_TAX,PPS,DK	: 	0.0558 	0.0513 	0.0602 	0.0433 	0.0447 	0.0525 	0.0557 	0.0577 	0.051 	0.0473 	0.0457 	0.0487 	0.0473 	0.0483 	0.0487 	0.0453 	0.0443 	0.0437 	0.046 	0.0448 	0.0463 	0.0439 	0.0475 	0.0471 	0.0457 	0.0421 	0.0475 	0.0536 	0.0877 	0.1139 	0.1648 	0.1012 	0.0828 	0.0810 	0.0945 	0.0955 
S,E7000,MWH2000-19999,KWH,X_TAX,PPS,EA	: 	0.0725 	0.0765 	0.0794 	0.0811 	0.0776 	0.0771 	0.0765 	0.0782 	0.0785 	0.0841 	0.0807 	0.0799 	0.0801 	0.0775 	0.0767 	0.0753 	0.0747 	0.0689 	0.0685 	0.0663 	0.0654 	0.0677 	0.0684 	0.0737 	0.0699 	0.0693 	0.0702 	0.0740 	0.0978 	0.1581 	0.1955 	0.1848 	0.1682 	0.1381 	0.1475 	0.1375 
S,E7000,MWH2000-19999,KWH,X_TAX,PPS,EE	: 	0.064 	0.0609 	0.0664 	0.0724 	0.0715 	0.0806 	0.0891 	0.0887 	0.091 	0.0902 	0.0946 	0.106 	0.1051 	0.0962 	0.0976 	0.0917 	0.104 	0.0916 	0.0935 	0.0804 	0.0779 	0.0773 	0.0831 	0.0815 	0.0825 	0.0739 	0.0803 	0.0900 	0.1399 	0.1742 	0.2610 	0.1560 	0.1505 	0.1337 	0.1399 	0.1314 
S,E7000,MWH2000-19999,KWH,X_TAX,PPS,EL	: 	0.076 	0.0821 	0.0889 	0.0894 	0.0788 	0.0802 	0.0815 	0.0821 	0.0858 	0.0954 	0.098 	0.1024 	0.1018 	0.1075 	0.1032 	0.0989 	0.1043 	0.0914 	0.0834 	0.0862 	0.0896 	0.0821 	0.0832 	0.0869 	0.0884 	0.0897 	0.0847 	0.0978 	0.2131 	0.3392 	0.4685 	0.1879 	0.1788 	0.1465 	0.2027 	0.1965 
S,E7000,MWH2000-19999,KWH,X_TAX,PPS,ES	: 	0.0884 	0.0867 	0.0919 	0.0962 	0.0943 	0.0938 	0.0908 	0.0935 	0.0955 	0.1067 	0.1054 	0.1105 	0.114 	0.1105 	0.1095 	0.103 	0.1015 	0.0969 	0.0918 	0.0912 	0.0889 	0.1013 	0.0970 	0.0900 d	0.0842 	0.0687 	0.0699 	0.0811 	0.1252 	0.1925 	0.2349 	0.1482 	0.1385 	0.1135 	0.1313 	0.1251 
S,E7000,MWH2000-19999,KWH,X_TAX,PPS,EU27_2020	: 	: 	: 	: 	: 	: 	: 	: 	: 	: 	: 	: 	: 	: 	: 	: 	: 	: 	: 	: 	0.0697 	0.0690 	0.0709 	0.0722 	0.0790 	0.0743 	0.0753 	0.0762 	0.0787 	0.1026 	0.1636 	0.2046 	0.1891 	0.1715 	0.1414 	0.1517 	0.1413 
S,E7000,MWH2000-19999,KWH,X_TAX,PPS,FI	0.046 	0.0464 	0.0497 	0.0524 	0.0526 	0.0531 	0.0547 	0.0537 	0.0551 	0.0543 	0.0539 	0.0537 	0.052 	0.0525 	0.0503 	0.0507 	0.0476 	0.0492 	0.0475 	0.0493 	0.0456 	0.0467 	0.0462 	0.0484 	0.0481 	0.0482 	0.0459 	0.0515 	0.0499 	0.0624 	0.0688 	0.1039 	0.0756 	0.0684 	0.0672 d	0.0559 d	0.0586 
S,E7000,MWH2000-19999,KWH,X_TAX,PPS,FR	: 	0.0428 	0.0473 	0.045 	0.0542 	0.0482 	0.0566 	0.0505 	0.0583 	0.0528 	0.0626 	0.0513 	0.0601 	0.0527 	0.0602 	0.0568 	0.0637 	0.0603 	0.0571 	0.0539 	0.0544 	0.0506 	0.0556 	0.0513 	0.0633 	0.0588 	0.0649 	0.0613 	0.0670 	0.0686 	0.1109 	0.1036 	0.2041 	0.1842 	0.1196 	0.1215 	0.1003 
S,E7000,MWH2000-19999,KWH,X_TAX,PPS,HR	0.0655 	0.0951 	0.0897 	0.1162 	0.1035 	0.1094 	0.1123 	0.1098 	0.1135 	0.1129 	0.1172 	0.1239 	0.1266 	0.1213 	0.121 	0.1165 	0.1174 	0.1196 	0.1166 	0.1142 	0.1095 	0.1091 	0.1116 	0.1159 	0.1208 	0.1237 	0.1258 	0.1247 	0.1236 	0.1359 	0.1841 	0.2745 	0.3314 	0.2779 	0.2690 	0.2694 	0.2590 
S,E7000,MWH2000-19999,KWH,X_TAX,PPS,HU	: 	0.1344 	0.1494 	0.1604 	0.1882 	0.1827 	0.1519 	0.1561 	0.1494 	0.1528 	0.1504 	0.152 	0.1517 	0.1557 	0.1425 	0.1419 	0.1342 	0.137 	0.1223 	0.1191 	0.0926 e	0.0952 	0.1017 	0.1062 	0.1194 	0.1193 	0.1182 	0.1252 	0.1153 	0.1512 	0.2736 	0.3801 	0.3994 	0.3414 	0.2407 	0.2936 	0.2396 
S,E7000,MWH2000-19999,KWH,X_TAX,PPS,IE	: 	0.0919 	0.0986 	0.1048 	0.0902 	0.0815 	0.0754 	0.0779 	0.0778 	0.0858 	0.0927 	0.107 	0.1029 	0.1033 	0.1002 	0.0969 	0.0972 	0.0924 	0.0838 	0.0859 	0.0791 	0.0765 	0.0817 	0.0872 	0.0842 	0.0822 	0.0807 	0.0812 	0.0923 	0.1325 	0.1588 	0.2065 	0.2089 	0.1912 	0.1798 	0.1855 	0.1870 
S,E7000,MWH2000-19999,KWH,X_TAX,PPS,IS	: 	: 	: 	: 	: 	: 	: 	: 	: 	: 	: 	: 	: 	: 	: 	: 	: 	: 	0.0422 	0.0301 	0.0333 p	: 	0.0399 e	0.0276 	0.0297 	0.0297 	0.0323 e	0.0345 	0.0291 e	0.0371 e	0.0385 e	0.0395 e	0.0417 e	0.0402 e	0.0513 e	0.0573 e	: 
S,E7000,MWH2000-19999,KWH,X_TAX,PPS,IT	: 	: 	: 	: 	: 	: 	: 	0.1022 	0.0988 	0.1019 	0.1164 	0.1145 	0.101 	0.1031 	0.0943 	0.0972 	0.0867 	0.084 	0.0789 	0.0823 	0.0756 	0.075 	0.0789 	0.0825 	0.0907 	0.0890 	0.0813 	0.0847 	0.0882 	0.1307 	0.2277 	0.3152 	0.2177 	0.1789 	0.1490 	0.1647 	0.1736 
S,E7000,MWH2000-19999,KWH,X_TAX,PPS,LT	: 	0.1091 	0.1113 	0.1117 	0.1261 	0.1075 	0.1543 	0.1625 	0.1685 	0.1695 	0.1778 	0.1777 	0.149 	0.1401 	0.1566 	0.1567 	0.1198 	0.1218 	0.1116 	0.1077 	0.0945 	0.0937 	0.0944 	0.1024 	0.1122 	0.1122 	0.1074 	0.1093 	0.1185 	0.1670 	0.2016 	0.3542 	0.2039 	0.2027 	0.1846 	0.1836 	0.1722 
S,E7000,MWH2000-19999,KWH,X_TAX,PPS,LU	: 	: 	: 	: 	0.0747 	0.0761 	0.063 	0.0636 	0.0599 	0.06 	0.0608 	0.0649 	0.0595 	0.0581 	0.0534 	0.0549 	0.0466 	0.0465 	0.0435 	0.0438 	0.0476 	0.0488 	0.0493 	0.0498 	0.0520 	0.0532 	0.0404 	0.0526 	0.0522 	0.0587 	0.0902 	0.1027 	0.1744 	0.1538 	0.1298 	0.1304 	0.1109 
S,E7000,MWH2000-19999,KWH,X_TAX,PPS,LV	: 	0.0748 	0.081 	0.0996 	0.1247 	0.1224 	0.1263 	0.1302 	0.1355 	0.1478 	0.1439 	0.1194 	0.1251 	0.115 	0.1177 	0.1167 	0.1185 	0.1191 	0.1211 	0.1213 	0.1084 	0.1077 	0.0933 	0.0993 	0.0986 	0.0994 	0.0893 	0.0951 	0.0982 	0.1454 	0.1854 	0.3129 	0.1857 	0.1661 	0.1489 	0.1563 	0.1440 
S,E7000,MWH2000-19999,KWH,X_TAX,PPS,ME	: 	: 	: 	: 	: 	: 	: 	: 	0.1006 	0.1002 	0.1098 	0.1201 	0.1246 	0.1232 	0.1237 	0.1201 	0.1274 	0.128 	0.1304 	0.1338 	0.1189 	: 	0.1175 	0.1160 	0.1204 	0.1251 	0.1219 	0.1221 	0.1206 	: @C	0.1216 	0.1214 	0.1168 	0.1105 	0.1100 	0.1102 	0.1128 p
S,E7000,MWH2000-19999,KWH,X_TAX,PPS,MK	: 	: 	: 	: 	: 	: 	: 	: 	: 	: 	: 	: @C	0.0939 	0.0995 	0.1018 	0.1012 	0.1648 	0.16 	0.1552 	0.1428 	0.116 	0.1233 	0.1336 	0.1412 	0.1520 	0.1612 	0.1621 	0.1515 	0.1471 	0.2059 	0.3523 	0.6207 	0.3506 	0.2451 	0.2025 	0.2656 	0.2323 
S,E7000,MWH2000-19999,KWH,X_TAX,PPS,MT	: 	0.1312 	0.128 	0.1845 	0.1691 	0.1182 	0.204 	0.2191 	0.209 	0.2076 	0.2074 	0.2061 	0.2039 	0.1987 	0.1959 	0.1971 	0.1761 	0.1545 	0.1523 	0.1536 	0.1429 	0.1424 	0.1374 	0.1370 	0.1369 	0.1363 	0.1332 	0.1333 	0.1335 	0.1370 	0.1343 	0.1322 	0.1349 	0.1348 	0.1332 	0.1286 	0.1276 p
S,E7000,MWH2000-19999,KWH,X_TAX,PPS,NL	0.0742 	0.074 	0.073 	0.0757 	0.0782 	0.0776 	0.0696 	0.0703 	0.0683 	0.0694 	0.0667 	0.0693 	0.0694 	0.0687 	0.0653 	0.0656 	0.0619 	0.0608 	0.0565 	0.0569 	0.0492 	0.0492 	0.0489 	0.0515 	0.0551 	0.0551 	0.0553 	0.0556 	0.0592 	0.0786 	0.1177 	0.1493 	0.1766 	0.1592 	0.1294 	0.1306 	0.1206 
S,E7000,MWH2000-19999,KWH,X_TAX,PPS,NO	: 	0.0375 	0.0372 	0.042 	0.0422 	0.0393 	0.0508 	0.0442 	0.0537 	0.0403 	0.0383 	0.0341 	0.0391 	0.0378 	0.0327 	0.0342 	0.0318 	0.0287 	0.0325 	0.0358 	0.0319 	0.0327 	0.0380 	0.0443 	0.0411 	0.0372 	0.0226 	0.0203 	0.0400 	0.0701 	0.0866 	0.1346 	0.0789 	0.0538 	0.0552 	0.0409 	0.0505 
S,E7000,MWH2000-19999,KWH,X_TAX,PPS,PL	: 	0.1026 	0.1129 	0.1098 	0.1373 	0.1341 	0.1347 	0.1352 	0.1324 	0.1313 	0.1349 	0.1363 	0.1295 	0.1233 	0.1132 	0.1152 	0.1231 	0.1238 	0.124 	0.1224 	0.0974 	0.0934 	0.0904 	0.0926 	0.1177 	0.0933 	0.1176 	0.1153 	0.1062 	0.1003 	0.1472 	0.1757 	0.2204 	0.2006 	0.1549 	0.1682 	0.1530 
S,E7000,MWH2000-19999,KWH,X_TAX,PPS,PT	: 	0.0783 	0.084 	0.0847 	0.0986 	0.0976 	0.0917 	0.0919 	0.1024 	0.101 	0.1244 	0.1126 	0.117 	0.1241 	0.1144 	0.1145 	0.116 	0.1165 	0.1098 	0.1101 	0.0915 	0.0926 	0.0872 	0.0908 	0.0914 	0.0952 	0.0854 	0.0839 	0.0822 	0.1072 	0.1771 	0.2001 	0.1687 	0.1371 	0.1202 	0.1302 	0.1291 
S,E7000,MWH2000-19999,KWH,X_TAX,PPS,RO	: 	0.1416 	0.1406 	0.1445 	0.1475 	0.1439 	0.1424 	0.1422 	0.1393 	0.1432 	0.1509 	0.1429 	0.1515 	0.1425 	0.13 	0.1228 	0.1216 	0.1206 	0.1135 	0.1222 	0.1129 	0.1177 	0.1227 	0.1281 	0.1424 	0.1488 	0.1561 	0.1494 	0.1448 	0.2143 	0.4079 d	0.5323 d	0.2877 	0.2717 	0.2407 	0.2583 	0.2494 
S,E7000,MWH2000-19999,KWH,X_TAX,PPS,RS	: 	: 	: 	: 	: 	: 	: 	: 	: 	: 	: 	: 	0.0992 	0.1047 	0.0923 	0.1244 	0.118 	0.1294 	0.1251 	0.0928 	0.1107 	0.1138 	0.1153 	0.1178 	0.1329 	0.1305 	0.1289 	0.1267 	0.1220 	0.1283 	0.1507 	0.1733 	0.2022 	0.2126 	0.1930 	0.1785 	0.1850 
S,E7000,MWH2000-19999,KWH,X_TAX,PPS,SE	0.0437 	0.0489 	0.0513 	0.0597 	0.0537 	0.0522 	0.0592 	0.0576 	0.0597 	0.0546 	0.0542 	0.0491 	0.05 	0.0501 	0.0476 	0.0462 	0.0426 	0.0398 	0.0408 	0.0445 	0.0408 	0.0413 	0.0408 	0.0457 	0.0498 	0.0449 	0.0380 	0.0429 	0.0461 	0.0679 	0.0777 	0.1099 	0.0822 	0.0665 	0.0696 	0.0612 	0.0687 
S,E7000,MWH2000-19999,KWH,X_TAX,PPS,SI	: 	0.0914 	0.0914 	0.0948 	0.0902 	0.0887 	0.0916 	0.0909 	0.0904 	0.0923 	0.0948 	0.0952 	0.0919 	0.0914 	0.0841 	0.0829 	0.0788 	0.0789 	0.0754 	0.0757 	0.0665 	0.0668 	0.0713 	0.0729 	0.0817 	0.0825 	0.0873 	0.0871 	0.0821 	0.0910 	0.1647 	0.2114 	0.2466 	0.2327 	0.1671 	0.1821 	0.1540 
S,E7000,MWH2000-19999,KWH,X_TAX,PPS,SK	: 	0.1405 	0.1633 	0.1652 	0.1859 	0.1848 	0.1563 	0.1605 	0.162 	0.1649 	0.1721 	0.1633 	0.1676 	0.1625 	0.1489 	0.1513 	0.1448 	0.1448 	0.1411 	0.1465 	0.0878 	0.0886 	0.0940 	0.0918 	0.1085 	0.1120 	0.1079 	0.1147 	0.1032 	0.1169 	0.2368 	0.2871 	0.2561 	0.2312 	0.1769 	0.2067 	0.1877 
S,E7000,MWH2000-19999,KWH,X_TAX,PPS,TR	: 	0.0978 	0.1024 	0.1299 	0.124 	0.1247 	0.1305 	0.1305 	0.114 	0.1237 	0.1251 	0.1392 	0.1381 	0.1337 	0.125 	0.1258 	0.1373 	0.1367 	0.127 	0.1313 	0.1108 	0.1171 	0.1097 	0.1546 	0.1439 	0.1744 	0.1511 	0.1546 	0.1739 	0.1996 	0.4435 	0.4744 	0.3689 	0.3693 	0.2549 	0.1814 	0.1893 
S,E7000,MWH2000-19999,KWH,X_TAX,PPS,UK	0.0831 	0.0824 	0.0785 	0.0957 	0.101 	0.0882 	0.0806 	0.0797 	0.0801 	0.0833 	0.089 	0.0914 	0.0943 	0.0985 	0.1 	0.0995 	0.087 	0.0866 	0.0799 	0.0821 	0.0826 	0.0815 	0.0860 	0.0897 	0.0796 	0.0810 	0.0831 	: 	: 	: 	: 	: 	: 	: 	: 	: 	: 
S,E7000,MWH2000-19999,KWH,X_VAT,EUR,AL	: 	: 	: 	: 	: 	: 	: 	: 	: 	: 	: 	: 	: 	: 	: 	: 	: 	: 	: 	: 	: 	: 	: 	: 	0.1040 e	: 	0.1037 e	0.1036 e	0.1039 e	0.1053 e	0.1057 	0.1097 	0.1135 e	0.1223 e	0.1252 	0.1292 e	0.1420 
S,E7000,MWH2000-19999,KWH,X_VAT,EUR,AT	: 	0.0812 	0.0926 	0.0965 	0.1086 	0.1081 	0.1032 	0.1032 	0.1012 	0.1014 	0.0983 	0.0985 	0.0984 	0.098 	0.096 	0.0937 	0.0897 	0.0909 	0.0857 	0.0795 	0.0814 	0.0843 	0.0846 	0.0884 	0.0948 	0.0958 	0.0964 	0.1032 	0.1079 	0.1195 	0.1740 	0.1944 e	0.2323 e	0.2219 e	0.1722 e	0.1790 e	0.1803 e
S,E7000,MWH2000-19999,KWH,X_VAT,EUR,BA	: 	: 	: 	: 	: 	: 	: 	: 	: 	: 	0.066 	0.0663 	0.0647 	0.0657 	0.0665 	0.0655 	0.0652 	0.0648 	0.0628 	0.0607 	0.059 	0.0602 	0.0618 	0.0624 	0.0659 	0.0679 	0.0700 	0.0701 	0.0685 	0.0696 	0.0764 	0.0823 	0.0942 	0.0914 	0.0976 	0.0977 	0.1044 
S,E7000,MWH2000-19999,KWH,X_VAT,EUR,BE	: 	0.0841 	0.0934 	0.0962 	0.1009 	0.0988 	0.0941 	0.0939 	0.0971 	0.102 	0.1 	0.097 	0.0932 	0.1 	0.0958 	0.0973 	0.0956 	0.0972 	0.0947 	0.0979 	0.0915 	0.091 	0.0888 	0.0954 	0.0988 	0.0989 	0.0988 	0.0995 	0.1010 	0.1161 	0.1596 	0.1975 	0.2193 	0.2088 	0.1622 	0.1608 	0.1659 
S,E7000,MWH2000-19999,KWH,X_VAT,EUR,BG	: 	0.0506 	0.0496 	0.0593 	0.0598 	0.0583 	0.0578 	0.0598 	0.0584 	0.0593 	0.0634 	0.0698 	0.0701 	0.063 	0.0679 	0.0681 	0.062 	0.07 	0.0764 	0.0701 	0.0681 	0.0705 	0.0746 	0.0766 	0.0817 	0.0826 	0.0781 	0.0789 	0.0903 	0.1473 	0.1657 	0.1614 	0.1409 	0.1323 	0.1080 	0.1289 	0.1206 
S,E7000,MWH2000-19999,KWH,X_VAT,EUR,CY	: 	0.1284 	0.1317 	0.1716 	0.1083 	0.1362 	0.14 	0.162 	0.1515 	0.1973 	0.2094 	0.221 	0.1952 	0.1897 	0.1637 	0.1742 	0.1256 	0.1244 	0.0912 	0.1207 	0.1295 	0.1339 	0.1335 	0.1720 	0.1553 	0.1726 	0.1411 	0.1317 	0.1483 	0.1913 	0.2405 	0.3106 	0.2725 	0.2691 	0.2399 	0.2500 	0.2267 
S,E7000,MWH2000-19999,KWH,X_VAT,EUR,CZ	: 	0.0778 	0.0925 	0.0939 	0.094 	0.0978 	0.094 	0.0969 	0.0996 	0.0967 	0.0969 	0.0972 	0.0972 	0.0955 	0.0785 	0.0771 	0.0718 	0.072 	0.0639 	0.0629 	0.062 	0.063 	0.0638 	0.0636 	0.0730 	0.0755 	0.0812 	0.0817 	0.0882 	0.0992 	0.1648 	0.1718 	0.1832 	0.1728 	0.1732 	0.1752 	0.1655 
S,E7000,MWH2000-19999,KWH,X_VAT,EUR,DE	0.0838 	0.0902 	0.0959 	0.0957 	0.1002 	0.1007 	0.0993 	0.1058 	0.1121 	0.1139 	0.1145 	0.1169 	0.1278 	0.1273 	0.1376 	0.1326 	0.1316 	0.13 	0.1285 	0.1262 	0.1268 	0.127 	0.1220 	0.1244 	0.1310 	0.1361 	0.1509 	0.1534 	0.1501 	0.1642 	0.1928 	0.1949 	0.2055 	0.2017 	0.2017 	0.2076 	0.1932 
S,E7000,MWH2000-19999,KWH,X_VAT,EUR,DK	: 	0.0877 	0.0898 	0.1003 	0.0846 	0.0903 	0.0917 	0.0936 	0.0966 	0.0902 	0.0941 	0.0967 	0.1001 	0.0972 	0.0936 	0.0963 	0.0898 	0.0897 	0.0941 	0.0909 	0.0826 	0.083 	0.0795 	0.0769 	0.0698 	0.0670 	0.0631 	0.0704 	0.0787 	0.1179 	0.1535 	0.2216 	0.1351 	0.1114 	0.1083 	0.1267 	0.1260 
S,E7000,MWH2000-19999,KWH,X_VAT,EUR,EA	0.0813 	0.0765 	0.0888 	0.0927 	0.0965 	0.0927 	0.0928 	0.0945 	0.0996 	0.1017 	0.1089 	0.1082 	0.1117 	0.1111 	0.1137 	0.1124 	0.1108 	0.109 	0.1048 	0.1034 	0.1041 	0.1029 	0.1015 	0.1019 	0.1104 	0.1103 	0.1133 	0.1140 	0.1163 	0.1391 	0.1809 	0.2069 	0.2088 	0.1942 	0.1672 	0.1764 	0.1687 
S,E7000,MWH2000-19999,KWH,X_VAT,EUR,EE	: 	0.0447 	0.0483 	0.0523 	0.0563 	0.0572 	0.0668 	0.0722 	0.0718 	0.0727 	0.077 	0.0806 	0.0905 	0.0898 	0.084 	0.0851 	0.0819 	0.0888 	0.0808 	0.0806 	0.0774 	0.0755 	0.0749 	0.0795 	0.0810 	0.0818 	0.0739 	0.0767 	0.0845 	0.1269 	0.1550 	0.2262 	0.1516 	0.1473 	0.1319 	0.1404 	0.1302 
S,E7000,MWH2000-19999,KWH,X_VAT,EUR,EL	: 	0.0673 	0.0737 	0.0798 	0.0829 	0.0811 	0.0825 	0.0895 	0.0885 	0.092 	0.1022 	0.1059 	0.1068 	0.107 	0.1088 	0.1064 	0.1002 	0.0897 	0.0929 	0.0862 	0.0902 	0.0999 	0.0873 	0.0885 	0.0926 	0.0950 	0.0939 	0.0901 	0.1029 	0.1927 	0.2206 	0.2289 	0.1755 	0.1694 	0.1398 	0.1864 	0.1822 
S,E7000,MWH2000-19999,KWH,X_VAT,EUR,ES	: 	0.0832 	0.0838 	0.0891 	0.0953 	0.0934 	0.0927 	0.0897 	0.0916 	0.0937 	0.1015 	0.1003 	0.1046 	0.108 	0.1039 	0.1029 	0.0968 	0.0955 	0.0902 	0.0863 	0.0881 	0.0859 	0.0992 	0.0950 	0.0967 	0.0928 	0.0841 	0.0840 	0.0877 	0.1528 	0.1902 	0.2395 	0.1442 	0.1344 	0.1157 	0.1294 	0.1256 
S,E7000,MWH2000-19999,KWH,X_VAT,EUR,EU27_2020	0.0766 	0.0752 	0.0867 	0.0905 	0.0929 	0.0903 	0.0906 	0.0922 	0.0967 	0.0974 	0.1035 	0.103 	0.106 	0.1049 	0.1061 	0.1048 	0.1033 	0.1016 	0.0977 	0.0966 	0.0970 	0.0962 	0.0953 	0.0959 	0.1045 	0.1031 	0.1064 	0.1072 	0.1095 	0.1316 	0.1742 	0.2016 	0.2015 	0.1866 	0.1630 	0.1712 	0.1639 
S,E7000,MWH2000-19999,KWH,X_VAT,EUR,FI	0.0556 	0.0561 	0.061 	0.0642 	0.0657 	0.0664 	0.0679 	0.0668 	0.0733 	0.0723 	0.072 	0.0718 	0.0712 	0.0717 	0.0697 	0.0701 	0.0663 	0.0681 	0.065 	0.0667 	0.0638 	0.0651 	0.0650 	0.0679 	0.0674 	0.0676 	0.0651 	0.0721 	0.0637 	0.0782 	0.0864 	0.1301 	0.0944 	0.0854 	0.0813 	0.0678 	0.0711 
S,E7000,MWH2000-19999,KWH,X_VAT,EUR,FR	: 	0.0529 	0.0584 	0.0561 	0.0686 	0.0612 	0.0696 	0.0626 	0.0742 	0.07 	0.0811 	0.07 	0.0834 	0.0743 	0.0845 	0.0807 	0.0895 	0.0847 	0.079 	0.0756 	0.0784 	0.0741 	0.0773 	0.0724 	0.0835 	0.0789 	0.0851 	0.0807 	0.0870 	0.0882 	0.1253 	0.1142 	0.2235 	0.2032 	0.1409 	0.1446 	0.1305 
S,E7000,MWH2000-19999,KWH,X_VAT,EUR,GE	: 	: 	: 	: 	: 	: 	: 	: 	: 	: 	: 	: 	: 	: 	: 	: 	: 	: 	: 	: 	: 	: 	0.0448 	0.0513 	0.0535 	0.0427 	0.0457 	0.0396 	0.0699 	0.0622 	: 	0.0914 	0.0921 	0.0915 	0.0790 	0.0781 	0.0833 
S,E7000,MWH2000-19999,KWH,X_VAT,EUR,HR	0.0421 	0.0629 	0.0619 	0.0808 	0.0731 	0.0781 	0.08 	0.0777 	0.0775 	0.0762 	0.0756 	0.0803 	0.0811 	0.0799 	0.0815 	0.0782 	0.0791 	0.0805 	0.0778 	0.0768 	0.0761 	0.0807 	0.0869 	0.0896 	0.0931 	0.0952 	0.0950 	0.0939 	0.0925 	0.1018 	0.1328 	0.1924 	0.2347 	0.2010 	0.1998 	0.1979 	0.1984 
S,E7000,MWH2000-19999,KWH,X_VAT,EUR,HU	: 	0.0993 	0.0999 	0.1088 	0.1103 	0.1146 	0.0942 	0.0941 	0.0938 	0.0935 	0.0916 	0.0965 	0.0937 	0.0961 	0.0889 	0.0875 	0.0852 	0.0854 	0.0763 	0.0749 	0.0728 e	0.074 	0.0768 	0.0760 	0.0904 	0.0869 	0.0908 	0.0887 	0.0853 	0.1011 	0.1757 	0.2406 	0.2732 	0.2342 	0.1906 	0.2104 	0.1853 
S,E7000,MWH2000-19999,KWH,X_VAT,EUR,IE	: 	0.1086 	0.1201 	0.1276 	0.107 	0.0971 	0.0838 	0.0866 	0.0873 	0.0977 	0.1038 	0.1196 	0.1159 	0.1164 	0.1158 	0.1136 	0.1164 	0.1115 	0.1018 	0.1019 	0.1032 	0.1006 	0.1081 	0.1108 	0.1061 	0.1036 	0.1018 	0.1062 	0.1215 	0.1676 	0.1939 	0.2490 	0.2405 	0.2183 	0.2178 	0.2236 	0.2283 
S,E7000,MWH2000-19999,KWH,X_VAT,EUR,IS	: 	: 	: 	: 	: 	: 	: 	: 	: 	: 	: 	: 	: 	: 	: 	: 	: 	: 	0.0581 	0.0466 	0.0573 p	: 	0.0672 e	0.0444 	0.0468 	0.0467 	0.0499 e	0.0493 	0.0488 e	0.0577 e	0.0632 e	0.0643 e	0.0628 e	0.0631 e	0.0791 e	0.0899 e	: 
S,E7000,MWH2000-19999,KWH,X_VAT,EUR,IT	: 	: 	0.1248 	0.1421 	0.1333 	0.1224 	0.1209 	0.1298 	0.1295 	0.1393 	0.1629 	0.1678 	0.1537 	0.1591 	0.1523 	0.1591 	0.1489 	0.1485 	0.1406 	0.1435 	0.1344 	0.1324 	0.1190 	0.1216 	0.1417 	0.1399 	0.1280 	0.1309 	0.1340 	0.1607 	0.2344 	0.3151 	0.2420 	0.2088 	0.1839 	0.2006 	0.2030 
S,E7000,MWH2000-19999,KWH,X_VAT,EUR,LI	: 	: 	: 	: 	: 	: 	: 	: 	: 	: 	: 	: 	: 	: 	: 	: 	: 	: 	: 	: 	0 	: 	: 	: 	: 	: 	: 	: 	: 	: 	: 	: 	: 	: 	: 	: 	: 
S,E7000,MWH2000-19999,KWH,X_VAT,EUR,LT	: 	0.0627 	0.0701 	0.0704 	0.0781 	0.0666 	0.0917 	0.1023 	0.1021 	0.1026 	0.1075 	0.1074 	0.1188 	0.1134 	0.1164 	0.117 	0.0906 	0.0903 	0.0836 	0.0791 	0.0749 	0.0744 	0.0758 	0.0808 	0.0845 	0.0844 	0.0802 	0.0895 	0.0923 	0.1262 	0.1436 	0.2463 	0.1481 	0.1485 	0.1441 	0.1429 	0.1347 
S,E7000,MWH2000-19999,KWH,X_VAT,EUR,LU	: 	: 	: 	: 	0.0935 	0.0936 	0.0781 	0.0795 	0.0731 	0.0732 	0.0734 	0.079 	0.0746 	0.0723 	0.0655 	0.0673 	0.0639 	0.0584 	0.0539 	0.0544 	0.0651 	0.0662 	0.0674 	0.0686 	0.0716 	0.0734 	0.0554 	0.0758 	0.0755 	0.0826 	0.1202 	0.1384 	0.2272 	0.2043 	0.1725 	0.1727 	0.1476 
S,E7000,MWH2000-19999,KWH,X_VAT,EUR,LV	: 	0.0499 	0.0586 	0.0712 	0.0849 	0.0835 	0.0826 	0.085 	0.0905 	0.0989 	0.099 	0.1 	0.1044 	0.1065 	0.1075 	0.1068 	0.1081 	0.1072 	0.1074 	0.1072 	0.1033 	0.1027 	0.0864 	0.0904 	0.0915 	0.0922 	0.0845 	0.0888 	0.0861 	0.1237 	0.1282 	0.2322 	0.1334 	0.1342 	0.1220 	0.1222 	0.1130 
S,E7000,MWH2000-19999,KWH,X_VAT,EUR,MD	: 	: 	: 	: 	: 	: 	: 	: 	: 	: 	: 	: 	: 	: 	: 	: 	0.0696 	0.0746 	0.0769 	0.0711 	0.0755 	0.0794 	0.0826 	0.0734 	0.0709 	0.0759 	0.0768 	0.0701 	0.0605 	0.0608 	0.0754 	0.1379 	0.1405 	0.1068 	0.0948 	0.0925 	0.1653 
S,E7000,MWH2000-19999,KWH,X_VAT,EUR,ME	: 	: 	: 	: 	: 	: 	: 	: 	0.0494 	0.0492 	0.0539 	0.059 	0.0625 	0.0618 	0.0635 	0.0617 	0.0615 	0.0618 	0.0639 	0.0646 	0.0649 	: 	0.0654 	0.0643 	0.0720 	0.0738 	0.0719 	0.0675 	0.0714 	: @C	0.0742 	0.0743 	0.0712 	0.0683 	0.0722 	0.0670 	0.0685 p
S,E7000,MWH2000-19999,KWH,X_VAT,EUR,MK	: 	: 	: 	: 	: 	: 	: 	: 	: 	: 	: 	: @C	0.0764 	0.0698 	0.0643 	0.0633 	0.0674 	0.0654 	0.064 	0.0596 	0.052 	0.0553 	0.0609 	0.0644 	0.0692 	0.0735 	0.0745 	0.0696 	0.0676 	0.0978 	0.1673 	0.2892 	0.1676 	0.1164 	0.0981 	0.1347 	0.1176 
S,E7000,MWH2000-19999,KWH,X_VAT,EUR,MT	: 	0.0918 	0.0918 	0.1323 	0.123 	0.086 	0.149 	0.16 	0.158 	0.157 	0.159 	0.158 	0.159 	0.155 	0.157 	0.158 	0.1412 	0.1239 	0.1221 	0.1233 	0.1203 	0.1199 	0.1198 	0.1195 	0.1190 	0.1185 	0.1183 	0.1184 	0.1186 	0.1225 	0.1188 	0.1186 	0.1225 	0.1224 	0.1224 	0.1183 	0.1176 p
S,E7000,MWH2000-19999,KWH,X_VAT,EUR,NL	0.089 	0.0873 	0.0903 	0.0915 	0.0988 	0.0973 	0.089 	0.0891 	0.0868 	0.0872 	0.0849 	0.0867 	0.0883 	0.0865 	0.0844 	0.0822 	0.0817 	0.0797 	0.0774 	0.0766 	0.0740 	0.0720 	0.0760 	0.0780 	0.0870 	0.0870 	0.0992 	0.0988 	0.1058 	0.1275 	0.1732 	0.2094 	0.2481 	0.2264 	0.1920 	0.1924 	0.1806 
S,E7000,MWH2000-19999,KWH,X_VAT,EUR,NO	: 	0.0641 	0.0657 	0.0678 	0.0687 	0.0672 	0.0887 	0.079 	0.096 	0.0762 	0.0743 	0.0696 	0.0789 	0.0713 	0.0645 	0.0654 	0.0619 	0.0543 	0.0614 	0.0682 	0.0591 	0.0584 	0.0661 	0.0754 	0.0714 	0.0640 	0.0409 	0.0377 	0.0691 	0.1096 	0.1354 	0.1984 	0.1036 	0.0717 	0.0767 	0.0576 	0.0709 
S,E7000,MWH2000-19999,KWH,X_VAT,EUR,PL	: 	0.0693 	0.0834 	0.0794 	0.0805 	0.0842 	0.0853 	0.0859 	0.0862 	0.0789 	0.0814 	0.0845 	0.0796 	0.0753 	0.0704 	0.0713 	0.0768 	0.0752 	0.0717 	0.071 	0.0762 	0.0756 	0.0777 	0.0781 	0.0925 	0.0767 	0.0981 	0.0962 	0.0958 	0.0992 	0.1462 	0.1649 	0.2089 	0.1995 	0.1805 	0.1878 	0.1722 
S,E7000,MWH2000-19999,KWH,X_VAT,EUR,PT	: 	0.0687 	0.0807 	0.0817 	0.0844 	0.0827 	0.0801 	0.0805 	0.0903 	0.0927 	0.1055 	0.104 	0.1041 	0.1025 	0.101 	0.1009 	0.1032 	0.1039 	0.102 	0.1027 	0.1031 	0.1043 	0.1048 	0.1090 	0.1012 	0.1063 	0.1023 	0.1010 	0.0973 	0.1193 	0.1326 	0.1355 	0.0874 	0.1104 	0.1055 	0.1248 	0.1230 
S,E7000,MWH2000-19999,KWH,X_VAT,EUR,RO	: 	0.079 	0.0783 	0.0799 	0.0734 	0.0714 	0.0716 	0.0694 	0.0703 	0.0703 	0.073 	0.067 	0.0761 	0.0706 	0.0787 	0.073 	0.0748 	0.0718 	0.0683 	0.0721 	0.0713 	0.073 	0.0772 	0.0812 	0.0906 	0.0945 	0.0999 	0.0953 	0.0919 	0.1294 	0.2472 d	0.3163 d	0.1746 	0.1662 	0.1540 	0.1636 	0.1633 
S,E7000,MWH2000-19999,KWH,X_VAT,EUR,RS	: 	: 	: 	: 	: 	: 	: 	: 	: 	: 	: 	: 	0.0491 	0.0508 	0.0461 	0.0602 	0.0562 	0.0622 	0.0604 	0.0456 	0.0581 	0.0617 	0.0641 	0.0656 	0.0751 	0.0742 	0.0746 	0.0734 	0.0738 	0.0792 	0.0923 	0.1084 	0.1323 	0.1409 	0.1349 	0.1244 	0.1295 
S,E7000,MWH2000-19999,KWH,X_VAT,EUR,SE	0.0524 	0.0582 	0.062 	0.0686 	0.0591 	0.0601 	0.0718 	0.0736 	0.0789 	0.0708 	0.0713 	0.0673 	0.069 	0.0672 	0.0635 	0.0598 	0.0545 	0.0515 	0.0531 	0.0557 	0.0553 	0.0556 	0.0566 	0.0616 	0.0664 	0.0596 	0.0476 	0.0555 	0.0605 	0.0884 	0.0981 	0.1347 	0.0982 	0.0778 	0.0837 	0.0725 	0.0838 
S,E7000,MWH2000-19999,KWH,X_VAT,EUR,SI	: 	0.0747 	0.0767 	0.0803 	0.081 	0.0798 	0.0846 	0.0865 	0.0849 	0.0844 	0.0841 	0.0845 	0.0864 	0.0842 	0.0764 	0.0755 	0.0723 	0.0753 	0.0712 	0.0717 	0.0671 	0.0675 	0.0718 	0.0731 	0.0802 	0.0812 	0.0859 	0.0854 	0.0809 	0.1002 	0.1502 	0.1907 	0.2228 	0.2084 	0.1552 	0.1679 	0.1456 
S,E7000,MWH2000-19999,KWH,X_VAT,EUR,SK	: 	0.0952 	0.1083 	0.117 	0.127 	0.1263 	0.1058 	0.1086 	0.1156 	0.1176 	0.1218 	0.1159 	0.1183 	0.1149 	0.1037 	0.1053 	0.101 	0.0986 	0.0968 	0.0997 	0.1037 	0.1043 	0.1098 	0.1087 	0.1219 	0.1247 	0.1213 	0.1267 	0.1177 	0.1292 	0.2144 	0.2538 	0.2460 	0.2171 	0.1661 	0.1882 	0.1782 
S,E7000,MWH2000-19999,KWH,X_VAT,EUR,TR	: 	0.062 	0.0643 	0.0796 	0.0724 	0.0721 	0.0824 	0.0844 	0.0699 	0.068 	0.0768 	0.0871 	0.0886 	0.0759 	0.0689 	0.0726 	0.0788 	0.0696 	0.0668 	0.0658 	0.0585 	0.0568 	0.0551 	0.0598 	0.0661 	0.0801 	0.0717 	0.0584 	0.0615 	0.0740 	0.1146 	0.1871 	0.1277 	0.0923 	0.0837 	0.0897 	0.0839 
S,E7000,MWH2000-19999,KWH,X_VAT,EUR,UA	: 	: 	: 	: 	: 	: 	: 	: 	: 	: 	: 	: 	: 	: 	: 	: 	: 	: 	0.0488 	0.0583 	0.0545 	0.0508 d	0.0580 	0.0602 	0.0634 	0.0693 	0.0575 	0.0537 	0.0586 	: 	: 	: 	: 	: 	: 	: 	: 
S,E7000,MWH2000-19999,KWH,X_VAT,EUR,UK	0.102 	0.0944 	0.088 	0.101 	0.1018 	0.09 	0.0874 	0.0887 	0.0893 	0.093 	0.1033 	0.1088 	0.1061 	0.1103 	0.1173 	0.1214 	0.1371 	0.1395 	0.1268 	0.1179 	0.1207 	0.1185 	0.1271 	0.1336 	0.1407 	0.1456 	0.1521 	: 	: 	: 	: 	: 	: 	: 	: 	: 	: 
S,E7000,MWH2000-19999,KWH,X_VAT,EUR,XK	: 	: 	: 	: 	: 	: 	: 	: 	: 	: 	: 	: 	0.0689 	0.0681 	0.0683 	0.0706 	0.0718 	0.0731 	0.0706 	0.0702 	0.076 	0.0682 	0.0663 	0.0647 	0.0611 	0.0612 	0.0616 	0.0615 	0.0614 	0.0612 	0.0609 	0.0609 	0.0654 	0.0709 	0.0700 	0.0688 	: 
S,E7000,MWH2000-19999,KWH,X_VAT,NAC,AL	: 	: 	: 	: 	: 	: 	: 	: 	: 	: 	: 	: 	: 	: 	: 	: 	: 	: 	: 	: 	: 	: 	: 	: 	12.8800 e	: 	12.8300 e	12.8300 e	12.8100 e	12.8100 e	12.8100 	12.8100 	12.8100 e	12.8100 e	12.8100 	12.8100 e	14.0000 
S,E7000,MWH2000-19999,KWH,X_VAT,NAC,AT	: 	0.0812 	0.0926 	0.0965 	0.1086 	0.1081 	0.1032 	0.1032 	0.1012 	0.1014 	0.0983 	0.0985 	0.0984 	0.098 	0.096 	0.0937 	0.0897 	0.0909 	0.0857 	0.0795 	0.0814 	0.0843 	0.0846 	0.0884 	0.0948 	0.0958 	0.0964 	0.1032 	0.1079 	0.1195 	0.1740 	0.1944 e	0.2323 e	0.2219 e	0.1722 e	0.1790 e	0.1803 e
S,E7000,MWH2000-19999,KWH,X_VAT,NAC,BA	: 	: 	: 	: 	: 	: 	: 	: 	: 	: 	0.1293 	0.1299 	0.1269 	0.1288 	0.1304 	0.1284 	0.1275 	0.1267 	0.1228 	0.1187 	0.1153 	0.1177 	0.1209 	0.1220 	0.1288 	0.1328 	0.1369 	0.1372 	0.1339 	0.1361 	0.1494 	0.1609 	0.1843 	0.1788 	0.1910 	0.1911 	0.2043 
S,E7000,MWH2000-19999,KWH,X_VAT,NAC,BE	: 	0.0841 	0.0934 	0.0962 	0.1009 	0.0988 	0.0941 	0.0939 	0.0971 	0.102 	0.1 	0.097 	0.0932 	0.1 	0.0958 	0.0973 	0.0956 	0.0972 	0.0947 	0.0979 	0.0915 	0.091 	0.0888 	0.0954 	0.0988 	0.0989 	0.0988 	0.0995 	0.1010 	0.1161 	0.1596 	0.1975 	0.2193 	0.2088 	0.1622 	0.1608 	0.1659 
S,E7000,MWH2000-19999,KWH,X_VAT,NAC,BG	: 	0.099 	0.097 	0.116 	0.117 	0.114 	0.113 	0.117 	0.1142 	0.1159 	0.124 	0.1366 	0.1371 	0.1233 	0.1328 	0.1331 	0.1212 	0.137 	0.1495 	0.1371 	0.1331 	0.1379 	0.1459 	0.1498 	0.1597 	0.1615 	0.1528 	0.1543 	0.1767 	0.2880 	0.3240 	0.3156 	0.2755 	0.2587 	0.2113 	0.2521 	0.2359 
S,E7000,MWH2000-19999,KWH,X_VAT,NAC,CY	: 	0.075 	0.1317 	0.1716 	0.1083 	0.1362 	0.14 	0.162 	0.1515 	0.1973 	0.2094 	0.221 	0.1952 	0.1897 	0.1637 	0.1742 	0.1256 	0.1244 	0.0912 	0.1207 	0.1295 	0.1339 	0.1335 	0.1720 	0.1553 	0.1726 	0.1411 	0.1317 	0.1483 	0.1913 	0.2405 	0.3106 	0.2725 	0.2691 	0.2399 	0.2500 	0.2267 
S,E7000,MWH2000-19999,KWH,X_VAT,NAC,CZ	: 	2.13 	2.33 	2.32 	2.55 	2.52 	2.419 	2.408 	2.425 	2.4012 	2.4396 	2.4433 	2.4974 	2.5063 	2.1536 	2.1308 	1.9738 	1.9474 	1.7274 	1.6997 	1.6607 	1.6308 	1.6260 	1.6407 	1.8760 	1.9379 	2.1401 	2.1718 	2.2808 	2.5241 	4.0625 	4.2070 	4.3387 	4.2025 	4.3327 	4.4186 	4.1386 
S,E7000,MWH2000-19999,KWH,X_VAT,NAC,DE	0.0838 	0.0902 	0.0959 	0.0957 	0.1002 	0.1007 	0.0993 	0.1058 	0.1121 	0.1139 	0.1145 	0.1169 	0.1278 	0.1273 	0.1376 	0.1326 	0.1316 	0.13 	0.1285 	0.1262 	0.1268 	0.127 	0.1220 	0.1244 	0.1310 	0.1361 	0.1509 	0.1534 	0.1501 	0.1642 	0.1928 	0.1949 	0.2055 	0.2017 	0.2017 	0.2076 	0.1932 
S,E7000,MWH2000-19999,KWH,X_VAT,NAC,DK	: 	0.6536 	0.6694 	0.748 	0.6299 	0.6719 	0.6823 	0.6975 	0.7206 	0.6712 	0.6993 	0.7209 	0.7468 	0.7251 	0.6982 	0.7171 	0.6692 	0.6692 	0.7008 	0.6767 	0.6141 	0.6179 	0.5924 	0.5734 	0.5208 	0.5003 	0.4707 	0.5241 	0.5850 	0.8766 	1.1418 	1.6481 	1.0061 	0.8307 	0.8080 	0.9452 	0.9399 
S,E7000,MWH2000-19999,KWH,X_VAT,NAC,EA	: 	0.0837 	0.0892 	0.0931 	0.097 	0.0934 	0.0931 	0.0948 	0.0995 	0.1016 	0.1089 	0.1083 	0.1118 	0.1112 	0.1138 	0.1125 	0.1109 	0.109 	0.1049 	0.1036 	: 	: 	: 	: 	: 	: 	: 	: 	: 	: 	: 	: 	: 	: 	: 	: 	: 
S,E7000,MWH2000-19999,KWH,X_VAT,NAC,EE	: 	0.7 	0.756 	0.818 	0.881 	0.895 	1.045 	1.129 	0.0718 	0.0727 	0.077 	0.0806 	0.0905 	0.0898 	0.084 	0.0851 	0.0819 	0.0888 	0.0808 	0.0806 	0.0774 	0.0755 	0.0749 	0.0795 	0.0810 	0.0818 	0.0739 	0.0767 	0.0845 	0.1269 	0.1550 	0.2262 	0.1516 	0.1473 	0.1319 	0.1404 	0.1302 
S,E7000,MWH2000-19999,KWH,X_VAT,NAC,EL	: 	0.0673 	0.0737 	0.0798 	0.0829 	0.0811 	0.0825 	0.0895 	0.0885 	0.092 	0.1022 	0.1059 	0.1068 	0.107 	0.1088 	0.1064 	0.1002 	0.0897 	0.0929 	0.0862 	0.0902 	0.0999 	0.0873 	0.0885 	0.0926 	0.0950 	0.0939 	0.0901 	0.1029 	0.1927 	0.2206 	0.2289 	0.1755 	0.1694 	0.1398 	0.1864 	0.1822 
S,E7000,MWH2000-19999,KWH,X_VAT,NAC,ES	: 	0.0832 	0.0838 	0.0891 	0.0953 	0.0934 	0.0927 	0.0897 	0.0916 	0.0937 	0.1015 	0.1003 	0.1046 	0.108 	0.1039 	0.1029 	0.0968 	0.0955 	0.0902 	0.0863 	0.0881 	0.0859 	0.0992 	0.0950 	0.0967 	0.0928 	0.0841 	0.0840 	0.0877 	0.1528 	0.1902 	0.2395 	0.1442 	0.1344 	0.1157 	0.1294 	0.1256 
S,E7000,MWH2000-19999,KWH,X_VAT,NAC,FI	0.0556 	0.0561 	0.061 	0.0642 	0.0657 	0.0664 	0.0679 	0.0668 	0.0733 	0.0723 	0.072 	0.0718 	0.0712 	0.0717 	0.0697 	0.0701 	0.0663 	0.0681 	0.065 	0.0667 	0.0638 	0.0651 	0.0650 	0.0679 	0.0674 	0.0676 	0.0651 	0.0721 	0.0637 	0.0782 	0.0864 	0.1301 	0.0944 	0.0854 	0.0813 	0.0678 	0.0711 
S,E7000,MWH2000-19999,KWH,X_VAT,NAC,FR	: 	0.0529 	0.0584 	0.0561 	0.0686 	0.0612 	0.0696 	0.0626 	0.0742 	0.07 	0.0811 	0.07 	0.0834 	0.0743 	0.0845 	0.0807 	0.0895 	0.0847 	0.079 	0.0756 	0.0784 	0.0741 	0.0773 	0.0724 	0.0835 	0.0789 	0.0851 	0.0807 	0.0870 	0.0882 	0.1253 	0.1142 	0.2235 	0.2032 	0.1409 	0.1446 	0.1305 
S,E7000,MWH2000-19999,KWH,X_VAT,NAC,GE	: 	: 	: 	: 	: 	: 	: 	: 	: 	: 	: 	: 	: 	: 	: 	: 	: 	: 	: 	: 	: 	: 	0.1337 	0.1536 	0.1635 	0.1391 	0.1528 	0.1488 	0.2797 	0.2258 	: 	0.2575 	0.2584 	0.2631 	0.2312 	0.2315 	0.2526 
S,E7000,MWH2000-19999,KWH,X_VAT,NAC,HR	0.31 	0.46 	0.45 	0.58 	0.54 	0.57 	0.581 	0.568 	0.573 	0.57 	0.5705 	0.6027 	0.6143 	0.6059 	0.6215 	0.5977 	0.6031 	0.6118 	0.5883 	0.5764 	0.5666 	0.6037 	0.6443 	0.6646 	0.6910 	0.7057 	0.7155 	0.7084 	0.6981 	0.7645 	1.0016 	1.4500 	0.2347 	0.2010 	0.1998 	0.1979 	0.1984 
S,E7000,MWH2000-19999,KWH,X_VAT,NAC,HU	: 	25.06 	25.34 	27.17 	31.9807 	31.06 	25.59 	26.275 	25.2692 	27.0389 	27.0638 	27.3297 	27.7275 	28.6189 	27.2761 	27.1668 	26.1847 	26.6924 	23.8609 	23.2306 	22.5135 e	22.8768 	24.1113 	24.5756 	28.9585 	28.6806 	31.3472 	31.6845 	30.5424 	36.3219 	65.9290 	97.9419 	104.0088 	89.6567 	74.2953 	84.3303 	74.9629 
S,E7000,MWH2000-19999,KWH,X_VAT,NAC,IE	: 	0.1086 	0.1201 	0.1276 	0.107 	0.0971 	0.0838 	0.0866 	0.0873 	0.0977 	0.1038 	0.1196 	0.1159 	0.1164 	0.1158 	0.1136 	0.1164 	0.1115 	0.1018 	0.1019 	0.1032 	0.1006 	0.1081 	0.1108 	0.1061 	0.1036 	0.1018 	0.1062 	0.1215 	0.1676 	0.1939 	0.2490 	0.2405 	0.2183 	0.2178 	0.2236 	0.2283 
S,E7000,MWH2000-19999,KWH,X_VAT,NAC,IS	: 	: 	: 	: 	: 	: 	: 	: 	: 	: 	: 	: 	: 	: 	: 	: 	: 	: 	8.1738 	5.9221 	6.7054 p	: 	8.2961 e	5.8323 	6.4149 	6.4195 	7.4100 e	7.9100 	7.4063 e	8.5800 e	8.9276 e	9.2100 e	9.4900 e	9.2900 e	11.8200 e	13.4100 e	: 
S,E7000,MWH2000-19999,KWH,X_VAT,NAC,IT	: 	: 	0.1248 	0.1421 	0.1333 	0.1224 	0.1209 	0.1298 	0.1295 	0.1393 	0.1629 	0.1678 	0.1537 	0.1591 	0.1523 	0.1591 	0.1489 	0.1485 	0.1406 	0.1435 	0.1344 	0.1324 	0.1190 	0.1216 	0.1417 	0.1399 	0.1280 	0.1309 	0.1340 	0.1607 	0.2344 	0.3151 	0.2420 	0.2088 	0.1839 	0.2006 	0.2030 
S,E7000,MWH2000-19999,KWH,X_VAT,NAC,LI	: 	: 	: 	: 	: 	: 	: 	: 	: 	: 	: 	: 	: 	: 	: 	: 	: 	: 	: 	: 	0 	: 	: 	: 	: 	: 	: 	: 	: 	: 	: 	: 	: 	: 	: 	: 	: 
S,E7000,MWH2000-19999,KWH,X_VAT,NAC,LT	: 	0.2166 	0.242 	0.243 	0.2698 	0.23 	0.3167 	0.3533 	0.3524 	0.3544 	0.3712 	0.3709 	0.4102 	0.3914 	0.4019 	0.404 	0.0906 	0.0903 	0.0836 	0.0791 	0.0749 	0.0744 	0.0758 	0.0808 	0.0845 	0.0844 	0.0802 	0.0895 	0.0923 	0.1262 	0.1436 	0.2463 	0.1481 	0.1485 	0.1441 	0.1429 	0.1347 
S,E7000,MWH2000-19999,KWH,X_VAT,NAC,LU	: 	: 	: 	: 	0.0935 	0.0936 	0.0781 	0.0795 	0.0731 	0.0732 	0.0734 	0.079 	0.0746 	0.0723 	0.0655 	0.0673 	0.0639 	0.0584 	0.0539 	0.0544 	0.0651 	0.0662 	0.0674 	0.0686 	0.0716 	0.0734 	0.0554 	0.0758 	0.0755 	0.0826 	0.1202 	0.1384 	0.2272 	0.2043 	0.1725 	0.1727 	0.1476 
S,E7000,MWH2000-19999,KWH,X_VAT,NAC,LV	: 	0.0349 	0.0409 	0.0503 	0.06 	0.0589 	0.0585 	0.0603 	0.064 	0.0698 	0.0691 	0.0696 	0.0731 	0.0748 	0.1075 	0.1068 	0.1081 	0.1072 	0.1074 	0.1072 	0.1033 	0.1027 	0.0864 	0.0904 	0.0915 	0.0922 	0.0845 	0.0888 	0.0861 	0.1237 	0.1282 	0.2322 	0.1334 	0.1342 	0.1220 	0.1222 	0.1130 
S,E7000,MWH2000-19999,KWH,X_VAT,NAC,MD	: 	: 	: 	: 	: 	: 	: 	: 	: 	: 	: 	: 	: 	: 	: 	: 	1.4054 	1.6106 	1.71 	1.5544 	1.58 	1.6475 	1.6696 	1.4291 	1.4050 	1.4825 	1.4951 	1.4032 	1.2887 	1.2511 	1.5238 	2.7037 	2.7947 	2.0716 	1.8200 	1.7854 	3.2237 
S,E7000,MWH2000-19999,KWH,X_VAT,NAC,ME	: 	: 	: 	: 	: 	: 	: 	: 	0.0494 	0.0492 	0.0539 	0.059 	0.0625 	0.0618 	0.0635 	0.0617 	0.0615 	0.0618 	0.0639 	0.0646 	0.0649 	: 	0.0654 	0.0643 	0.0720 	0.0738 	0.0719 	0.0675 	0.0714 	: @C	0.0742 	0.0743 	0.0712 	0.0683 	0.0722 	0.0670 	0.0685 p
S,E7000,MWH2000-19999,KWH,X_VAT,NAC,MK	: 	: 	: 	: 	: 	: 	: 	: 	: 	: 	: 	: @C	4.7103 	4.2963 	3.962 	3.899 	4.1494 	4.0291 	3.9452 	3.666 	3.2035 	3.4056 	3.7490 	3.9625 	4.2579 	4.5174 	4.5926 	4.2927 	4.1674 	6.0287 	10.3165 	17.8051 	10.3272 	7.1590 	6.0372 	8.2834 	7.2450 
S,E7000,MWH2000-19999,KWH,X_VAT,NAC,MT	: 	0.0394 	0.0918 	0.1323 	0.123 	0.086 	0.149 	0.16 	0.158 	0.157 	0.159 	0.158 	0.159 	0.155 	0.157 	0.158 	0.1412 	0.1239 	0.1221 	0.1233 	0.1203 	0.1199 	0.1198 	0.1195 	0.1190 	0.1185 	0.1183 	0.1184 	0.1186 	0.1225 	0.1188 	0.1186 	0.1225 	0.1224 	0.1224 	0.1183 	0.1176 p
S,E7000,MWH2000-19999,KWH,X_VAT,NAC,NL	0.089 	0.0873 	0.0903 	0.0915 	0.0988 	0.0973 	0.089 	0.0891 	0.0868 	0.0872 	0.0849 	0.0867 	0.0883 	0.0865 	0.0844 	0.0822 	0.0817 	0.0797 	0.0774 	0.0766 	0.0740 	0.0720 	0.0760 	0.0780 	0.0870 	0.0870 	0.0992 	0.0988 	0.1058 	0.1275 	0.1732 	0.2094 	0.2481 	0.2264 	0.1920 	0.1924 	0.1806 
S,E7000,MWH2000-19999,KWH,X_VAT,NAC,NO	: 	0.506 	0.522 	0.5759 	0.611 	0.5758 	0.71 	0.632 	0.7512 	0.5919 	0.5628 	0.5138 	0.593 	0.5767 	0.5334 	0.5517 	0.5351 	0.502 	0.5783 	0.6249 	0.5423 	0.5538 	0.6340 	0.7241 	0.6943 	0.6380 	0.4388 	0.4040 	0.7031 	1.1129 	1.3520 	2.0284 	1.1738 	0.8269 	0.8818 	0.6771 	0.8265 
S,E7000,MWH2000-19999,KWH,X_VAT,NAC,PL	: 	0.2582 	0.2913 	0.281 	0.3604 	0.3524 	0.3413 	0.3425 	0.3406 	0.3381 	0.3455 	0.3487 	0.3323 	0.3175 	0.2941 	0.2988 	0.3179 	0.3179 	0.3133 	0.3093 	0.3251 	0.3208 	0.3278 	0.3358 	0.3970 	0.3301 	0.4330 	0.4301 	0.4346 	0.4556 	0.6775 	0.7808 	0.9658 	0.8898 	0.7793 	0.8065 	0.7288 
S,E7000,MWH2000-19999,KWH,X_VAT,NAC,PT	: 	0.0687 	0.0807 	0.0817 	0.0844 	0.0827 	0.0801 	0.0805 	0.0903 	0.0927 	0.1055 	0.104 	0.1041 	0.1025 	0.101 	0.1009 	0.1032 	0.1039 	0.102 	0.1027 	0.1031 	0.1043 	0.1048 	0.1090 	0.1012 	0.1063 	0.1023 	0.1010 	0.0973 	0.1193 	0.1326 	0.1355 	0.0874 	0.1104 	0.1055 	0.1248 	0.1230 
S,E7000,MWH2000-19999,KWH,X_VAT,NAC,RO	: 	0.264 	0.2874 	0.2954 	0.3108 	0.3032 	0.2969 	0.2965 	0.2938 	0.302 	0.3205 	0.3035 	0.334 	0.314 	0.3514 	0.3228 	0.3327 	0.3189 	0.3069 	0.3236 	0.3233 	0.3358 	0.3592 	0.3780 	0.4295 	0.4487 	0.4813 	0.4631 	0.4506 	0.6391 	1.2227 d	1.5554 d	0.8614 	0.8240 	0.7662 	0.8137 	0.8173 
S,E7000,MWH2000-19999,KWH,X_VAT,NAC,RS	: 	: 	: 	: 	: 	: 	: 	: 	: 	: 	: 	: 	5.4984 	5.8069 	5.3304 	7.156 	6.8039 	7.4942 	7.4269 	5.6177 	7.1698 	7.3691 	7.5865 	7.7513 	8.8666 	8.7234 	8.7720 	8.6267 	8.6814 	9.3111 	10.8529 	12.7161 	15.5193 	16.5163 	15.8057 	14.5577 	15.1707 
S,E7000,MWH2000-19999,KWH,X_VAT,NAC,SE	0.483 	0.54 	0.581 	0.676 	0.642 	0.624 	0.703 	0.684 	0.705 	0.6458 	0.6333 	0.5742 	0.5885 	0.5895 	0.5689 	0.5524 	0.5093 	0.482 	0.4938 	0.537 	0.5307 	0.5379 	0.5744 	0.6381 	0.6987 	0.6349 	0.5078 	0.5722 	0.6125 	0.8986 	1.0277 	1.4517 	1.1129 	0.9045 	0.9530 	0.8322 	0.9302 
S,E7000,MWH2000-19999,KWH,X_VAT,NAC,SI	: 	0.0747 	0.0767 	0.0803 	0.081 	0.0798 	0.0846 	0.0865 	0.0849 	0.0844 	0.0841 	0.0845 	0.0864 	0.0842 	0.0764 	0.0755 	0.0723 	0.0753 	0.0712 	0.0717 	0.0671 	0.0675 	0.0718 	0.0731 	0.0802 	0.0812 	0.0859 	0.0854 	0.0809 	0.1002 	0.1502 	0.1907 	0.2228 	0.2084 	0.1552 	0.1679 	0.1456 
S,E7000,MWH2000-19999,KWH,X_VAT,NAC,SK	: 	3.19 	3.49 	3.55 	0.127 	0.1263 	0.1058 	0.1086 	0.1156 	0.1176 	0.1218 	0.1159 	0.1183 	0.1149 	0.1037 	0.1053 	0.101 	0.0986 	0.0968 	0.0997 	0.1037 	0.1043 	0.1098 	0.1087 	0.1219 	0.1247 	0.1213 	0.1267 	0.1177 	0.1292 	0.2144 	0.2538 	0.2460 	0.2171 	0.1661 	0.1882 	0.1782 
S,E7000,MWH2000-19999,KWH,X_VAT,NAC,TR	: 	0.1084 	0.1214 	0.1533 	0.1558 	0.1567 	0.1666 	0.1666 	0.1544 	0.1677 	0.1794 	0.1996 	0.211 	0.2034 	0.2045 	0.2067 	0.2255 	0.2213 	0.2178 	0.2254 	0.2306 	0.2445 	0.2729 	0.3849 	0.4202 	0.5093 	0.5132 	0.5215 	0.5860 	0.8476 	1.8634 	3.4683 	2.7590 	2.7624 	2.8663 	3.3077 	3.4509 
S,E7000,MWH2000-19999,KWH,X_VAT,NAC,UA	: 	: 	: 	: 	: 	: 	: 	: 	: 	: 	: 	: 	: 	: 	: 	: 	: 	: 	1.39 	1.64 	1.58 	1.58 d	1.8800 	1.9155 	1.9304 	1.9038 	1.6444 	1.7691 	1.9640 	: 	: 	: 	: 	: 	: 	: 	: 
S,E7000,MWH2000-19999,KWH,X_VAT,NAC,UK	0.0688 	0.0655 	0.0682 	0.0825 	0.091 	0.0799 	0.076 	0.0751 	0.0775 	0.0807 	0.0849 	0.087 	0.0903 	0.0935 	0.0963 	0.0961 	0.1004 	0.1004 	0.0987 	0.1013 	0.1039 	0.1058 	0.1118 	0.1188 	0.1229 	0.1283 	0.1331 	: 	: 	: 	: 	: 	: 	: 	: 	: 	: 
S,E7000,MWH2000-19999,KWH,X_VAT,NAC,XK	: 	: 	: 	: 	: 	: 	: 	: 	: 	: 	: 	: 	0.0689 	0.0681 	0.0683 	0.0706 	0.0718 	0.0731 	0.0706 	0.0702 	0.076 	0.0682 	0.0663 	0.0647 	0.0611 	0.0612 	0.0616 	0.0615 	0.0614 	0.0612 	0.0609 	0.0609 	0.0654 	0.0709 	0.0700 	0.0688 	: 
S,E7000,MWH2000-19999,KWH,X_VAT,PPS,AL	: 	: 	: 	: 	: 	: 	: 	: 	: 	: 	: 	: 	: 	: 	: 	: 	: 	: 	: 	: 	: 	: 	: 	: 	0.2092 e	: 	0.2017 e	0.2017 e	0.1990 e	0.1990 e	0.1998 	0.1998 	0.2010 e	0.2014 e	0.2036 	0.2048 e	0.2253 
S,E7000,MWH2000-19999,KWH,X_VAT,PPS,AT	: 	0.076 	0.0849 	0.0884 	0.0968 	0.0963 	0.0936 	0.0936 	0.0914 	0.0916 	0.0892 	0.0894 	0.0881 	0.0877 	0.0869 	0.0848 	0.0812 	0.0837 	0.0803 	0.0745 	0.0721 	0.0747 	0.0751 	0.0784 	0.0834 	0.0843 	0.0843 	0.0903 	0.0944 	0.1035 	0.1507 	0.1704 e	0.2069 e	0.1976 e	0.1520 e	0.1580 e	0.1570 e
S,E7000,MWH2000-19999,KWH,X_VAT,PPS,BA	: 	: 	: 	: 	: 	: 	: 	: 	: 	: 	0.137 	0.1377 	0.1331 	0.1351 	0.138 	0.1358 	0.1349 	0.1374 	0.1329 	0.1283 	0.1163 	0.1187 	0.1215 	0.1226 	0.1282 	0.1322 	0.1367 	0.1370 	0.1337 	0.1338 	0.1469 	0.1580 	0.1732 	0.1652 	0.1790 	0.1781 	0.1770 
S,E7000,MWH2000-19999,KWH,X_VAT,PPS,BE	: 	0.0769 	0.0835 	0.086 	0.0884 	0.0866 	0.0849 	0.0847 	0.0875 	0.0919 	0.0903 	0.0876 	0.0828 	0.0888 	0.0863 	0.0877 	0.0861 	0.0881 	0.0875 	0.0916 	0.081 	0.0806 	0.0787 	0.0845 	0.0876 	0.0877 	0.0886 	0.0892 	0.0905 	0.1043 	0.1436 	0.1777 	0.1970 	0.1866 	0.1445 	0.1424 	0.1478 
S,E7000,MWH2000-19999,KWH,X_VAT,PPS,BG	: 	0.1262 	0.116 	0.1387 	0.1338 	0.1304 	0.1303 	0.1349 	0.1233 	0.1252 	0.1349 	0.1486 	0.1474 	0.1326 	0.144 	0.1443 	0.1314 	0.1516 	0.1658 	0.1512 	0.1352 	0.14 	0.1451 	0.1490 	0.1535 	0.1553 	0.1450 	0.1464 	0.1677 	0.2668 	0.3001 	0.2910 	0.2337 	0.2194 	0.1790 	0.2135 	0.1966 
S,E7000,MWH2000-19999,KWH,X_VAT,PPS,CY	: 	0.147 	0.1502 	0.1957 	0.1218 	0.1532 	0.1578 	0.1826 	0.1646 	0.2144 	0.2307 	0.2434 	0.2188 	0.2126 	0.1862 	0.1982 	0.1429 	0.1366 	0.1032 	0.1365 	0.1451 	0.1501 	0.1487 	0.1916 	0.1714 	0.1904 	0.1540 	0.1438 	0.1619 	0.2087 	0.2623 	0.3428 	0.2979 	0.2952 	0.2670 	0.2745 	0.2482 
S,E7000,MWH2000-19999,KWH,X_VAT,PPS,CZ	: 	0.1239 	0.1276 	0.1271 	0.138 	0.1364 	0.1323 	0.1317 	0.1366 	0.1352 	0.1381 	0.1383 	0.1408 	0.1413 	0.122 	0.1207 	0.1118 	0.1116 	0.0999 	0.0991 	0.0918 	0.0901 	0.0891 	0.0899 	0.1006 	0.1039 	0.1118 	0.1134 	0.1191 	0.1304 	0.2099 	0.2189 	0.2183 	0.2121 	0.2160 	0.2176 	0.2039 
S,E7000,MWH2000-19999,KWH,X_VAT,PPS,DE	0.0819 	0.0881 	0.0923 	0.0921 	0.0931 	0.0936 	0.0952 	0.1014 	0.1079 	0.1096 	0.1108 	0.1131 	0.1216 	0.1211 	0.1321 	0.1273 	0.1263 	0.1247 	0.1245 	0.1218 	0.1169 	0.1171 	0.1123 	0.1145 	0.1185 	0.1231 	0.1366 	0.1388 	0.1358 	0.1478 	0.1736 	0.1755 	0.1835 	0.1803 	0.1794 	0.1855 	0.1730 
S,E7000,MWH2000-19999,KWH,X_VAT,PPS,DK	: 	0.0644 	0.0653 	0.0729 	0.0605 	0.0645 	0.0672 	0.0687 	0.0716 	0.0667 	0.0694 	0.0716 	0.0743 	0.0721 	0.0694 	0.0713 	0.069 	0.069 	0.0701 	0.0677 	0.0614 	0.0617 	0.0593 	0.0574 	0.0526 	0.0505 	0.0474 	0.0528 	0.0589 	0.0887 	0.1149 	0.1658 	0.1022 	0.0838 	0.0820 	0.0959 	0.0963 
S,E7000,MWH2000-19999,KWH,X_VAT,PPS,EA	: 	0.0833 	0.0868 	0.0906 	0.0925 	0.0891 	0.0894 	0.0911 	0.0958 	0.0979 	0.1059 	0.1053 	0.1083 	0.1077 	0.1112 	0.1099 	0.1104 	0.1085 	0.1022 	0.101 	0.1010 	0.0999 	0.0983 	0.0987 	0.1065 	0.1064 	0.1085 	0.1092 	0.1115 	0.1350 	0.1758 	0.2026 	0.2001 	0.1860 	0.1598 	0.1702 	0.1635 
S,E7000,MWH2000-19999,KWH,X_VAT,PPS,EE	: 	0.0659 	0.0681 	0.0737 	0.0804 	0.0817 	0.0985 	0.1064 	0.1034 	0.1047 	0.1086 	0.1137 	0.1241 	0.1232 	0.1125 	0.114 	0.1097 	0.1224 	0.1109 	0.1131 	0.0994 	0.0969 	0.0940 	0.0998 	0.0997 	0.1007 	0.0921 	0.0956 	0.1053 	0.1549 	0.1892 	0.2760 	0.1712 	0.1642 	0.1466 	0.1529 	0.1424 
S,E7000,MWH2000-19999,KWH,X_VAT,PPS,EL	: 	0.076 	0.0821 	0.0889 	0.0894 	0.0875 	0.0897 	0.0973 	0.0954 	0.0991 	0.1143 	0.1184 	0.1251 	0.1254 	0.1312 	0.1283 	0.1209 	0.1121 	0.1126 	0.1045 	0.1077 	0.1193 	0.1049 	0.1064 	0.1122 	0.1151 	0.1135 	0.1089 	0.1244 	0.2348 	0.2681 	0.2782 	0.2140 	0.2065 	0.1726 	0.2301 	0.2242 
S,E7000,MWH2000-19999,KWH,X_VAT,PPS,ES	: 	0.0927 	0.0909 	0.0967 	0.101 	0.099 	0.0986 	0.0954 	0.0982 	0.1004 	0.1121 	0.1108 	0.1162 	0.1199 	0.1162 	0.115 	0.1082 	0.1067 	0.1019 	0.0965 	0.0959 	0.0935 	0.1064 	0.1019 	0.1037 	0.0996 	0.0896 	0.0895 	0.0934 	0.1633 	0.2033 	0.2537 	0.1546 	0.1441 	0.1264 	0.1442 	0.1400 
S,E7000,MWH2000-19999,KWH,X_VAT,PPS,EU27_2020	: 	: 	: 	: 	: 	: 	: 	: 	: 	: 	: 	: 	: 	: 	: 	: 	: 	: 	: 	: 	0.1006 	0.0998 	0.0990 	0.1000 	0.1088 	0.1070 	0.1109 	0.1116 	0.1140 	0.1375 	0.1833 	0.2143 	0.2101 	0.1942 	0.1675 	0.1775 	0.1689 
S,E7000,MWH2000-19999,KWH,X_VAT,PPS,FI	0.048 	0.0484 	0.0519 	0.0547 	0.0547 	0.0553 	0.0569 	0.056 	0.0609 	0.0601 	0.0597 	0.0595 	0.0577 	0.0581 	0.056 	0.0564 	0.0533 	0.0549 	0.0532 	0.0551 	0.0513 	0.0524 	0.0518 	0.0541 	0.0536 	0.0538 	0.0515 	0.0570 	0.0504 	0.0629 	0.0693 	0.1043 	0.0761 	0.0689 	0.0677 	0.0564 	0.0592 
S,E7000,MWH2000-19999,KWH,X_VAT,PPS,FR	: 	0.0481 	0.0517 	0.0497 	0.0599 	0.0535 	0.062 	0.0558 	0.0663 	0.0626 	0.0723 	0.0624 	0.0737 	0.067 	0.0768 	0.0736 	0.0835 	0.0791 	0.0719 	0.0688 	0.0699 	0.0661 	0.0694 	0.0650 	0.0768 	0.0725 	0.0782 	0.0741 	0.0799 	0.0812 	0.1156 	0.1054 	0.2058 	0.1860 	0.1290 	0.1324 	0.1198 
S,E7000,MWH2000-19999,KWH,X_VAT,PPS,HR	0.0655 	0.0972 	0.0918 	0.1183 	0.1054 	0.1113 	0.1133 	0.1108 	0.1145 	0.1139 	0.1183 	0.1249 	0.1277 	0.1259 	0.1285 	0.1236 	0.1247 	0.1271 	0.124 	0.1217 	0.117 	0.1247 	0.1323 	0.1365 	0.1418 	0.1448 	0.1472 	0.1457 	0.1436 	0.1559 	0.2042 	0.2953 	0.3525 	0.2983 	0.2891 	0.2895 	0.2783 
S,E7000,MWH2000-19999,KWH,X_VAT,PPS,HU	: 	0.1548 	0.1529 	0.164 	0.1916 	0.1861 	0.1557 	0.1599 	0.1528 	0.1635 	0.1608 	0.1624 	0.162 	0.1672 	0.1561 	0.1554 	0.1498 	0.1526 	0.1358 	0.1327 	0.1136 e	0.1155 	0.1173 	0.1196 	0.1358 	0.1345 	0.1408 	0.1423 	0.1309 	0.1566 	0.2607 	0.3873 	0.4113 	0.3546 	0.2731 	0.3151 	0.2675 
S,E7000,MWH2000-19999,KWH,X_VAT,PPS,IE	: 	0.0919 	0.0986 	0.1048 	0.0902 	0.0819 	0.0759 	0.0784 	0.0792 	0.0886 	0.0947 	0.1091 	0.1052 	0.1056 	0.104 	0.1021 	0.1046 	0.1001 	0.0917 	0.0945 	0.0892 	0.087 	0.0925 	0.0949 	0.0883 	0.0862 	0.0849 	0.0874 	0.1013 	0.1398 	0.1643 	0.2095 	0.2009 	0.1836 	0.1814 	0.1889 	0.1929 
S,E7000,MWH2000-19999,KWH,X_VAT,PPS,IS	: 	: 	: 	: 	: 	: 	: 	: 	: 	: 	: 	: 	: 	: 	: 	: 	: 	: 	0.0438 	0.0315 	0.0346 p	: 	0.0407 e	0.0286 	0.0307 	0.0307 	0.0331 e	0.0353 	0.0331 e	0.0380 e	0.0396 e	0.0408 e	0.0432 e	0.0417 e	0.0528 e	0.0587 e	: 
S,E7000,MWH2000-19999,KWH,X_VAT,PPS,IT	: 	: 	0.1236 	0.1407 	0.1287 	0.1181 	0.1183 	0.127 	0.1271 	0.1367 	0.1622 	0.1671 	0.1524 	0.1577 	0.1517 	0.1585 	0.1483 	0.1476 	0.1432 	0.1462 	0.1338 	0.1318 	0.1187 	0.1213 	0.1424 	0.1405 	0.1289 	0.1318 	0.1349 	0.1639 	0.2391 	0.3226 	0.2517 	0.2176 	0.1904 	0.2086 	0.2123 
S,E7000,MWH2000-19999,KWH,X_VAT,PPS,LT	: 	0.1091 	0.1113 	0.1117 	0.1261 	0.1075 	0.1551 	0.173 	0.1691 	0.17 	0.1783 	0.1782 	0.1937 	0.1849 	0.1898 	0.1908 	0.1471 	0.1497 	0.1382 	0.1329 	0.1162 	0.1154 	0.1150 	0.1226 	0.1259 	0.1258 	0.1176 	0.1313 	0.1354 	0.1814 	0.2064 	0.3567 	0.1968 	0.1974 	0.1866 	0.1837 	0.1723 
S,E7000,MWH2000-19999,KWH,X_VAT,PPS,LU	: 	: 	: 	: 	0.0775 	0.0776 	0.0646 	0.0658 	0.0617 	0.0617 	0.0621 	0.0669 	0.0615 	0.0596 	0.0549 	0.0565 	0.0536 	0.0487 	0.0458 	0.0461 	0.0527 	0.0536 	0.0540 	0.0549 	0.0568 	0.0582 	0.0428 	0.0586 	0.0584 	0.0648 	0.0942 	0.1068 	0.1751 	0.1544 	0.1304 	0.1313 	0.1118 
S,E7000,MWH2000-19999,KWH,X_VAT,PPS,LV	: 	0.0748 	0.081 	0.0996 	0.1247 	0.1224 	0.1263 	0.1302 	0.1355 	0.1478 	0.1439 	0.145 	0.1504 	0.1539 	0.1567 	0.1557 	0.1576 	0.1588 	0.1613 	0.1617 	0.1464 	0.1455 	0.1193 	0.1248 	0.1237 	0.1247 	0.1145 	0.1203 	0.1166 	0.1631 	0.1670 	0.3025 	0.1671 	0.1676 	0.1513 	0.1581 	0.1466 
S,E7000,MWH2000-19999,KWH,X_VAT,PPS,ME	: 	: 	: 	: 	: 	: 	: 	: 	0.1006 	0.1002 	0.1098 	0.1201 	0.1246 	0.1232 	0.1237 	0.1201 	0.1274 	0.128 	0.1304 	0.1338 	0.1302 	: 	0.1275 	0.1253 	0.1418 	0.1454 	0.1426 	0.1338 	0.1416 	: @C	0.1425 	0.1443 	0.1328 	0.1251 	0.1269 	0.1191 	0.1222 p
S,E7000,MWH2000-19999,KWH,X_VAT,PPS,MK	: 	: 	: 	: 	: 	: 	: 	: 	: 	: 	: 	: @C	0.184 	0.1678 	0.1552 	0.1528 	0.1648 	0.16 	0.1552 	0.1428 	0.116 	0.1233 	0.1336 	0.1412 	0.1520 	0.1612 	0.1621 	0.1515 	0.1471 	0.2059 	0.3523 	0.6207 	0.3506 	0.2451 	0.2025 	0.2656 	0.2323 
S,E7000,MWH2000-19999,KWH,X_VAT,PPS,MT	: 	0.1312 	0.128 	0.1845 	0.1691 	0.1182 	0.204 	0.2191 	0.209 	0.2076 	0.2074 	0.2061 	0.2039 	0.1987 	0.1959 	0.1971 	0.1761 	0.1545 	0.1523 	0.1536 	0.1447 	0.1442 	0.1391 	0.1388 	0.1386 	0.1380 	0.1349 	0.1350 	0.1352 	0.1387 	0.1360 	0.1339 	0.1366 	0.1365 	0.1348 	0.1303 	0.1293 p
S,E7000,MWH2000-19999,KWH,X_VAT,PPS,NL	0.0842 	0.0826 	0.0837 	0.0849 	0.0883 	0.087 	0.08 	0.08 	0.0789 	0.0792 	0.0775 	0.0791 	0.0807 	0.079 	0.0771 	0.0751 	0.0753 	0.0735 	0.0713 	0.0709 	0.0650 	0.0632 	0.0663 	0.0681 	0.0737 	0.0737 	0.0851 	0.0848 	0.0911 	0.1098 	0.1480 	0.1789 	0.2111 	0.1926 	0.1638 	0.1642 	0.1541 
S,E7000,MWH2000-19999,KWH,X_VAT,PPS,NO	: 	0.0468 	0.0466 	0.0514 	0.0513 	0.0484 	0.0601 	0.0535 	0.0631 	0.0497 	0.048 	0.0438 	0.0487 	0.0473 	0.0426 	0.0441 	0.0427 	0.04 	0.045 	0.0482 	0.0388 	0.0396 	0.0448 	0.0512 	0.0478 	0.0439 	0.0290 	0.0267 	0.0464 	0.0768 	0.0933 	0.1414 	0.0860 	0.0610 	0.0620 	0.0477 	0.0572 
S,E7000,MWH2000-19999,KWH,X_VAT,PPS,PL	: 	0.1137 	0.1226 	0.1182 	0.1454 	0.1422 	0.1431 	0.1436 	0.1406 	0.1396 	0.1432 	0.1446 	0.1378 	0.1316 	0.1215 	0.1234 	0.1313 	0.1321 	0.1325 	0.1309 	0.1281 	0.1264 	0.1272 	0.1303 	0.1511 	0.1257 	0.1616 	0.1605 	0.1622 	0.1655 	0.2335 	0.2691 	0.3354 	0.3090 	0.2540 	0.2628 	0.2353 
S,E7000,MWH2000-19999,KWH,X_VAT,PPS,PT	: 	0.0845 	0.0971 	0.0983 	0.1003 	0.0982 	0.0967 	0.0972 	0.11 	0.1129 	0.1324 	0.1305 	0.1335 	0.1315 	0.1298 	0.1297 	0.1327 	0.1333 	0.131 	0.1313 	0.123 	0.1244 	0.1244 	0.1294 	0.1205 	0.1266 	0.1202 	0.1187 	0.1144 	0.1393 	0.1548 	0.1583 	0.1022 	0.1309 	0.1276 	0.1517 	0.1492 
S,E7000,MWH2000-19999,KWH,X_VAT,PPS,RO	: 	0.1416 	0.1406 	0.1445 	0.1475 	0.1439 	0.1424 	0.1422 	0.1393 	0.1432 	0.1509 	0.1429 	0.1515 	0.1425 	0.1538 	0.1413 	0.1456 	0.1447 	0.1393 	0.1484 	0.1376 	0.1429 	0.1458 	0.1534 	0.1706 	0.1782 	0.1883 	0.1812 	0.1763 	0.2443 	0.4433 d	0.5640 d	0.3123 	0.2988 	0.2725 	0.2871 	0.2754 
S,E7000,MWH2000-19999,KWH,X_VAT,PPS,RS	: 	: 	: 	: 	: 	: 	: 	: 	: 	: 	: 	: 	0.0999 	0.1055 	0.0937 	0.1258 	0.1196 	0.1394 	0.1363 	0.1038 	0.1206 	0.124 	0.1256 	0.1283 	0.1445 	0.1422 	0.1403 	0.1380 	0.1389 	0.1454 	0.1695 	0.1989 	0.2301 	0.2412 	0.2200 	0.2040 	0.2110 
S,E7000,MWH2000-19999,KWH,X_VAT,PPS,SE	0.0441 	0.0493 	0.0517 	0.0602 	0.0542 	0.0526 	0.0597 	0.058 	0.0601 	0.055 	0.0546 	0.0495 	0.0505 	0.0505 	0.048 	0.0466 	0.043 	0.0402 	0.0412 	0.0449 	0.0412 	0.0417 	0.0440 	0.0488 	0.0529 	0.0480 	0.0384 	0.0432 	0.0466 	0.0683 	0.0781 	0.1104 	0.0826 	0.0669 	0.0701 	0.0616 	0.0692 
S,E7000,MWH2000-19999,KWH,X_VAT,PPS,SI	: 	0.0963 	0.0945 	0.0989 	0.0945 	0.0931 	0.1007 	0.1029 	0.1016 	0.101 	0.1039 	0.1044 	0.1073 	0.1046 	0.0956 	0.0945 	0.0905 	0.0942 	0.0904 	0.0915 	0.0808 	0.0813 	0.0857 	0.0872 	0.0958 	0.0970 	0.1022 	0.1016 	0.0962 	0.1182 	0.1771 	0.2245 	0.2592 	0.2456 	0.1793 	0.1949 	0.1669 
S,E7000,MWH2000-19999,KWH,X_VAT,PPS,SK	: 	0.1405 	0.1633 	0.1661 	0.1869 	0.1859 	0.1583 	0.1625 	0.1682 	0.1711 	0.1784 	0.1697 	0.1741 	0.1691 	0.1556 	0.158 	0.1516 	0.1517 	0.148 	0.1534 	0.1379 	0.1387 	0.1430 	0.1415 	0.1548 	0.1584 	0.1507 	0.1574 	0.1462 	0.1596 	0.2649 	0.3155 	0.2969 	0.2738 	0.2050 	0.2352 	0.2222 
S,E7000,MWH2000-19999,KWH,X_VAT,PPS,TR	: 	0.1018 	0.1066 	0.1346 	0.1285 	0.1292 	0.1352 	0.1352 	0.1175 	0.1276 	0.1297 	0.1443 	0.1433 	0.1381 	0.1289 	0.1303 	0.1421 	0.1416 	0.1311 	0.1355 	0.1144 	0.1213 	0.1133 	0.1598 	0.1489 	0.1805 	0.1561 	0.1586 	0.1782 	0.2034 	0.4471 	0.4782 	0.3718 	0.3723 	0.2571 	0.1828 	0.1907 
S,E7000,MWH2000-19999,KWH,X_VAT,PPS,UK	0.0865 	0.0824 	0.0819 	0.099 	0.1044 	0.0916 	0.0839 	0.0829 	0.0836 	0.087 	0.0929 	0.0952 	0.0976 	0.1011 	0.1027 	0.1025 	0.1089 	0.1089 	0.107 	0.1098 	0.1042 	0.1061 	0.1109 	0.1178 	0.1207 	0.1260 	0.1291 	: 	: 	: 	: 	: 	: 	: 	: 	: 	: 
S,E7000,MWH20000-69999,KWH,I_TAX,EUR,AL	: 	: 	: 	: 	: 	: 	: 	: 	: 	: 	: 	: 	: 	: 	: 	: 	: 	: 	: 	: 	: 	: 	: 	: 	0.1248 e	: 	0.1245 e	0.1243 e	0.1247 e	0.1263 e	0.1268 	0.1316 	0.1362 e	0.1468 e	0.1503 	0.1551 e	0.1703 
S,E7000,MWH20000-69999,KWH,I_TAX,EUR,AT	: 	0.0967 	0.1011 	0.1135 	0.12 	0.1202 	0.1134 	0.1145 	0.1123 	0.1111 	0.1056 	0.1059 	0.1027 	0.1024 	0.1 	0.0969 	0.0917 	0.0943 	0.0891 	0.0909 	0.0839 	0.0875 	0.0888 	0.0946 	0.1001 	0.1012 	0.1062 	0.1103 	0.1167 	0.1423 	0.2078 	0.2378 e	0.2753 e	0.2537 e	0.1808 e	0.1902 e	0.1901 e
S,E7000,MWH20000-69999,KWH,I_TAX,EUR,BA	: 	: 	: 	: 	: 	: 	: 	: 	: 	: 	0.0552 	0.0551 	0.0534 	0.0535 	0.0506 	0.0504 	0.0522 	0.0524 	0.0528 	0.0521 	0.0541 	0.0539 	0.0586 	0.0617 	0.0613 	0.0681 	0.0681 	0.0682 	0.0718 	0.0707 	0.0818 	0.1092 	0.0995 	0.0995 	0.1036 	0.1030 	0.1102 
S,E7000,MWH20000-69999,KWH,I_TAX,EUR,BE	: 	0.0882 	0.0975 	0.0986 	0.1121 	0.1101 	0.0971 	0.0967 	0.1016 	0.1082 	0.0972 	0.0981 	0.0845 	0.099 	0.0892 	0.0935 	0.0918 	0.093 	0.0876 	0.0937 	0.0873 	0.085 	0.0821 	0.0936 	0.0976 	0.0972 	0.0905 	0.0938 	0.1005 	0.1396 	0.1765 	0.2213 	0.2314 	0.1993 	0.1530 	0.1613 	0.1632 
S,E7000,MWH20000-69999,KWH,I_TAX,EUR,BG	: 	0.0516 	0.0491 	0.0624 	0.0649 	0.0619 	0.0644 	0.0625 	0.0617 	0.0612 	0.0677 	0.0748 	0.0745 	0.0661 	0.0692 	0.0696 	0.066 	0.0774 	0.0848 	0.0749 	0.0659 	0.0768 	0.0819 	0.0813 	0.0901 	0.0932 	0.0862 	0.0886 	0.1002 	0.1690 	0.1824 	0.2082 	0.1815 	0.1521 	0.1275 	0.1513 	0.1415 
S,E7000,MWH20000-69999,KWH,I_TAX,EUR,CY	: 	0.1285 	0.1397 	0.1768 	0.1153 	0.1401 	0.1494 	0.1705 	0.1663 	0.2133 	0.2356 	0.2493 	: 	0.2066 	0.187 	0.1934 	0.1397 	0.1442 	0.1003 	0.1281 	0.1429 	0.1451 	0.1492 	0.1922 	0.1701 	0.1946 	0.1573 	0.1427 	0.1677 	0.2136 	0.2596 	0.3500 	0.3147 	0.3000 	0.2678 	0.2724 	0.2524 
S,E7000,MWH20000-69999,KWH,I_TAX,EUR,CZ	: 	0.0796 	0.0976 	0.0995 	0.1035 	0.1087 	0.1086 	0.1122 	0.1224 	0.1192 	0.1132 	0.1122 	0.116 	0.1132 	0.097 	0.0964 	0.0896 	0.0902 	0.0799 	0.0785 	0.0733 	0.0752 	0.0764 	0.0787 	0.0893 	0.0907 	0.0929 	0.0917 	0.0965 	0.0941 	0.1978 	0.2254 	0.2301 	0.2158 	0.2045 	0.2166 	0.2008 
S,E7000,MWH20000-69999,KWH,I_TAX,EUR,DE	0.1032 	0.1084 	0.1217 	0.117 	0.1249 	0.1217 	0.1205 	0.1285 	0.1376 	0.1482 	0.1421 	0.1432 	0.152 	0.1514 	0.1561 	0.1512 	0.1505 	0.152 	0.1398 	0.1331 	0.134 	0.1238 	0.1206 	0.1229 	0.1259 	0.1479 	0.1591 	0.1628 	0.1661 	0.1759 	0.2256 	0.2460 	0.2418 	0.2263 	0.2125 	0.2156 	0.2002 
S,E7000,MWH20000-69999,KWH,I_TAX,EUR,DK	: 	0.2002 	0.2049 	0.218 	0.1981 	0.2055 	0.2182 	0.2205 	0.2321 	0.2241 	0.228 	0.2315 	0.2384 	0.2345 	0.2407 	0.2447 	0.2437 	0.2435 	0.2502 	0.2491 	0.2382 	0.2381 	0.2396 	0.2407 	0.2238 	0.2203 	0.2145 	0.2265 	0.2430 	0.2966 	0.3352 	0.4008 	0.1611 	0.2556 	0.2580 	0.2770 	0.2696 
S,E7000,MWH20000-69999,KWH,I_TAX,EUR,EA	0.0962 	0.0858 	0.1005 	0.1015 	0.106 	0.1014 	0.1003 	0.1024 	0.1085 	0.1134 	0.1143 	0.1169 	0.1181 	0.1187 	0.1191 	0.1172 	0.1153 	0.1141 	0.1062 	0.1054 	0.1054 	0.1012 	0.0989 	0.0995 	0.1067 	0.1102 	0.1112 	0.1114 	0.1182 	0.1461 	0.2026 	0.2316 	0.2151 	0.1920 	0.1653 	0.1713 	0.1652 
S,E7000,MWH20000-69999,KWH,I_TAX,EUR,EE	: 	0.0409 	0.0467 	0.0516 	0.0552 	0.0552 	0.0713 	0.0792 	0.0793 	0.084 	0.0839 	0.0856 	0.1 	0.096 	0.09 	0.0905 	0.0891 	0.0873 	0.0856 	0.0868 	0.0859 	0.0828 	0.0850 	0.0907 	0.0908 	0.0910 	0.0785 	0.0832 	0.0944 	0.1592 	0.1778 	0.2920 	0.1643 	0.1627 	0.1660 	0.1734 	0.1423 
S,E7000,MWH20000-69999,KWH,I_TAX,EUR,EL	: 	0.0664 	0.0716 	0.0792 	0.0808 	0.0795 	0.0821 	0.0885 	0.0881 	0.0899 	0.1023 	0.1064 	0.1075 	0.1068 	0.0965 	0.0863 	0.0824 	0.0833 	0.0867 	0.0817 	0.0876 	0.105 	0.0811 	0.0907 	0.0935 	0.0912 	0.0883 	0.0817 	0.0866 	0.1552 	0.2067 	0.1975 	0.1696 	0.1533 	0.1239 	0.1714 	0.1710 
S,E7000,MWH20000-69999,KWH,I_TAX,EUR,ES	: 	0.08 	0.0825 	0.0906 	0.0968 	0.0955 	0.0881 	0.0901 	0.0932 	0.0958 	0.1034 	0.1061 	0.1044 	0.1052 	0.0951 	0.1007 	0.1005 	0.0987 	0.0888 	0.0918 	0.0952 	0.0931 	0.1101 	0.1026 	0.1045 	0.0974 	0.0853 	0.0881 	0.0942 	0.1598 	0.2397 	0.2683 	0.1577 	0.1412 	0.1201 	0.1374 	0.1333 
S,E7000,MWH20000-69999,KWH,I_TAX,EUR,EU27_2020	0.0902 	0.0844 	0.0987 	0.1005 	0.1038 	0.1006 	0.1003 	0.1022 	0.1081 	0.111 	0.1117 	0.114 	0.1152 	0.1148 	0.1139 	0.1122 	0.1104 	0.1092 	0.1022 	0.1017 	0.1011 	0.0982 	0.0968 	0.0982 	0.1055 	0.1071 	0.1081 	0.1088 	0.1151 	0.1419 	0.1950 	0.2279 	0.2137 	0.1928 	0.1670 	0.1737 	0.1670 
S,E7000,MWH20000-69999,KWH,I_TAX,EUR,FI	0.0507 	0.0522 	0.0644 	0.0694 	0.0667 	0.0674 	0.076 	0.0726 	0.0801 	0.074 	0.0719 	0.0737 	0.073 	0.0752 	0.0698 	0.0695 	0.0663 	0.0654 	0.0644 	0.067 	0.0641 	0.0655 	0.0665 	0.0729 	0.0703 	0.0727 	0.0629 	0.0701 	0.0667 	0.0906 	0.1081 	0.1579 	0.1004 	0.0849 	0.0947 	0.0653 	0.0680 
S,E7000,MWH20000-69999,KWH,I_TAX,EUR,FR	: 	0.0661 	0.0755 	0.0707 	0.0852 	0.0752 	0.0823 	0.0714 	0.0851 	0.0749 	0.0862 	0.0797 	0.0873 	0.082 	0.0897 	0.0846 	0.0938 	0.0861 	0.0771 	0.0774 	0.0751 	0.073 	0.0757 	0.0733 	0.0838 	0.0762 	0.0848 	0.0809 	0.0891 	0.1012 	0.1278 	0.1352 	0.1958 	0.1690 	0.1310 	0.1224 	0.1201 
S,E7000,MWH20000-69999,KWH,I_TAX,EUR,GE	: 	: 	: 	: 	: 	: 	: 	: 	: 	: 	: 	: 	: 	: 	: 	: 	: 	: 	: 	: 	: 	: 	0.0494 	0.0594 	0.0589 	0.0477 	0.0542 	0.0421 	0.0850 	0.0851 	: 	0.1096 	0.1100 	0.1072 	0.0000 	0.0907 	0.0000 
S,E7000,MWH20000-69999,KWH,I_TAX,EUR,HR	0.0489 	0.0574 	0.0646 	0.071 	0.0759 	0.0753 	0.0806 	0.0829 	0.075 	0.0722 	0.0739 	0.0751 	0.0791 	0.0802 	0.0806 	0.0815 	0.0789 	0.0827 	0.0796 	0.08 	0.0718 	0.0762 	0.0808 	0.0823 	0.0941 	0.0970 	0.0978 	0.0949 	0.0934 	0.1016 	0.1225 	0.2147 	0.2597 	0.2300 	0.2255 	0.2288 	0.2276 
S,E7000,MWH20000-69999,KWH,I_TAX,EUR,HU	: 	0.1025 	0.1066 	0.1185 	0.1351 	0.1316 	0.1034 	0.1078 	0.1292 	0.1307 	0.1181 	0.1207 	0.1199 	0.122 	0.1101 	0.1098 	0.1054 	0.1047 	0.0928 	0.0896 	0.0842 e	0.0856 	0.0865 	0.0884 	0.1018 	0.1009 	0.1011 	0.0958 	0.0961 	0.1112 	0.2218 	0.3171 	0.3334 	0.2783 	0.2086 	0.2336 	0.2115 
S,E7000,MWH20000-69999,KWH,I_TAX,EUR,IE	: 	0.1202 	0.1326 	0.1305 	0.1047 	0.0977 	0.0818 	0.086 	0.0849 	0.0909 	0.1017 	0.1156 	0.1125 	0.1119 	0.1095 	0.1048 	0.109 	0.1067 	0.0976 	0.0948 	0.0981 	0.1033 	0.1117 	0.1131 	0.1058 	0.1031 	0.1019 	0.1052 	0.1185 	0.1596 	0.2031 	0.2477 	0.2434 	0.2204 	0.2195 	0.2251 	0.2297 
S,E7000,MWH20000-69999,KWH,I_TAX,EUR,IS	: 	: 	: 	: 	: 	: 	: 	: 	: 	: 	: 	: 	: 	: 	: 	: 	: 	: 	: 	: 	: 	: 	: 	: 	: 	: @C	: 	: 	: 	: 	: 	: 	: 	: 	: 	: 	: 
S,E7000,MWH20000-69999,KWH,I_TAX,EUR,IT	: 	: 	0.1293 	0.136 	0.1248 	0.1185 	0.1149 	0.1278 	0.1231 	0.1451 	0.1373 	0.1564 	0.1442 	0.151 	0.1525 	0.1551 	0.1366 	0.1402 	0.1336 	0.138 	0.1313 	0.1283 	0.1025 	0.1060 	0.1228 	0.1285 	0.1068 	0.1096 	0.1167 	0.1622 	0.2482 	0.3264 	0.2291 	0.1954 	0.1677 	0.1869 	0.1822 
S,E7000,MWH20000-69999,KWH,I_TAX,EUR,LI	: 	: 	: 	: 	: 	: 	: 	: 	: 	: 	: 	: 	: 	: 	: 	: 	: 	: 	: 	: 	0 	: 	: 	: 	: 	: 	: 	: 	: 	: 	: 	: 	: 	: 	: 	: 	: 
S,E7000,MWH20000-69999,KWH,I_TAX,EUR,LT	: 	0.0647 	0.0788 	0.078 	0.0882 	0.0751 	0.1052 	0.1064 	0.1219 	: 	0.141 	0.1413 	0.1536 	: 	0.1449 	0.1397 	0.1015 	0.102 	0.0921 	0.0876 	0.0829 	0.0817 	0.0821 	0.0922 	0.0914 	0.0906 	0.0901 	0.0981 	0.0972 	0.1210 	0.1888 	0.3372 	0.1597 	0.1493 	0.1959 	0.1535 	0.1450 
S,E7000,MWH20000-69999,KWH,I_TAX,EUR,LU	: 	: 	: 	: 	0.0693 	0.0694 	0.0708 	0.0719 	0.0655 	0.0655 	0.0682 	0.0681 	0.0651 	0.0653 	0.0631 	0.0633 	0.0638 	0.0542 	0.0482 	0.0506 	0.0434 	0.0424 	0.0445 	0.0464 	0.0483 	0.0490 	0.0480 	0.0553 	0.0550 	0.0732 	0.0989 	0.0956 	0.1742 	0.1721 	0.1676 	0.1269 	0.1275 
S,E7000,MWH20000-69999,KWH,I_TAX,EUR,LV	: 	0.0527 	0.0614 	0.0809 	0.0995 	0.0927 	0.098 	0.1005 	0.1089 	0.1213 	0.1157 	0.1181 	0.1244 	0.1294 	0.131 	0.1191 	0.1216 	0.1172 	0.1211 	0.1212 	0.1196 	0.1161 	0.0904 	0.0909 	0.0950 	0.0970 	0.0926 	0.0914 	0.0890 	0.1285 	0.1663 	0.3400 	0.2304 	0.2185 	0.1342 	0.1282 	0.1239 
S,E7000,MWH20000-69999,KWH,I_TAX,EUR,MD	: 	: 	: 	: 	: 	: 	: 	: 	: 	: 	: 	: 	: 	: 	: 	: 	: 	: 	: 	: 	: 	: 	: 	: 	: 	0.0814 	0.0827 	0.0714 	0.0646 	0.0600 	0.0896 	0.1673 	0.1571 	0.1242 	0.1036 	0.1016 	0.1964 
S,E7000,MWH20000-69999,KWH,I_TAX,EUR,ME	: 	: 	: 	: 	: 	: 	: 	: 	: @C	: @C	0.0582 	0.0681 	0.0708 	0.0726 	0.0673 	0.0625 	0.0611 	0.0605 	0.0591 	0.0646 	0.0567 	: 	0.0536 	0.0470 	0.0625 	0.0586 	0.0559 	0.0447 	0.0699 	: 	0.0705 	0.0689 	0.0642 	0.0639 	0.0640 	0.0600 	0.0644 p
S,E7000,MWH20000-69999,KWH,I_TAX,EUR,MK	: 	: 	: 	: 	: 	: 	: 	: 	: 	: 	: 	0.0694 	0.0835 	0.0778 	: @C	: @C	0.0721 	0.0706 	0.0608 	0.0693 	0.0642 	0.0638 	0.0739 	0.0779 	0.0807 	0.0816 	0.0762 	0.0766 	0.0789 	0.1192 	0.2252 	0.3795 	0.1763 	0.1384 	0.0971 	0.1518 	0.1417 
S,E7000,MWH20000-69999,KWH,I_TAX,EUR,MT	: 	0.061 	0.061 	0.1389 	0.1292 	0.0903 	0.1413 	0.1444 	0.1437 	0.143 	0.1451 	0.1448 	0.1455 	0.1434 	0.1431 	0.1508 	0.1339 	0.1177 	0.1169 	0.1191 	0.1054 	0.1075 	0.1054 	0.0893 	0.1131 	0.1133 	0.1080 	0.1117 	0.1125 	0.1153 	0.0936 	0.1067 	0.1110 	0.1150 	0.1103 	0.1067 	0.1099 p
S,E7000,MWH20000-69999,KWH,I_TAX,EUR,NL	0.0981 	0.0935 	0.1002 	0.1003 	0.1085 	0.0994 	0.0902 	0.0852 	0.0887 	0.0837 	0.0873 	0.0857 	0.094 	0.0931 	0.0897 	0.0816 	0.0855 	0.0767 	0.0799 	0.071 	0.0660 	0.0540 	0.0690 	0.0610 	0.0770 	0.0640 	0.0824 	0.0672 	0.0885 	0.0953 	0.1757 	0.1681 	0.2497 	0.2015 	0.1807 	0.1568 	0.1615 
S,E7000,MWH20000-69999,KWH,I_TAX,EUR,NO	: 	0.0666 	0.0659 	0.0794 	0.0745 	0.0705 	0.1018 	0.0885 	0.1067 	0.0791 	0.0759 	0.0741 	0.0834 	0.0753 	0.0655 	0.0678 	0.062 	0.0564 	0.0646 	0.072 	0.0625 	0.0627 	0.0732 	0.0870 	0.0803 	0.0700 	0.0428 	0.0367 	0.0763 	0.1188 	0.1570 	0.2286 	0.1182 	0.0799 	0.0829 	0.0647 	0.0803 
S,E7000,MWH20000-69999,KWH,I_TAX,EUR,PL	: 	0.0652 	0.0902 	0.0929 	0.0919 	0.098 	0.0966 	0.0982 	0.0999 	0.0918 	0.0952 	0.0992 	0.0905 	0.0855 	0.079 	0.081 	0.0868 	0.084 	0.0804 	0.0791 	0.0839 	0.0865 	0.0891 	0.0920 	0.1054 	0.0919 	0.1084 	0.1087 	0.1092 	0.1139 	0.1402 	0.1601 	0.2503 	0.2402 	0.1985 	0.2148 	0.1988 
S,E7000,MWH20000-69999,KWH,I_TAX,EUR,PT	: 	0.0664 	0.0715 	0.0729 	0.0713 	0.0722 	0.0705 	0.0718 	0.0779 	0.0903 	0.1151 	0.113 	0.1126 	0.1118 	0.1035 	0.1082 	0.1075 	0.1092 	0.1043 	0.1069 	0.1078 	0.1068 	0.1095 	0.1185 	0.1097 	0.1061 	0.1036 	0.1019 	0.1083 	0.1527 	0.1872 	0.1649 	0.0911 	0.1183 	0.0983 	0.1437 	0.1300 
S,E7000,MWH20000-69999,KWH,I_TAX,EUR,RO	: 	0.0763 	0.0833 	0.0816 	0.0794 	0.0748 	0.0775 	0.0769 	0.0806 	0.0853 	0.0845 	0.0896 	0.1048 	0.0936 	0.0899 	0.078 	0.081 	0.079 	0.0723 	0.076 	0.0752 	0.0775 	0.0833 	0.0901 	0.1018 	0.1053 	0.1087 	0.1033 	0.1004 	0.1569 	0.2101 d	0.3276 d	0.1945 	0.1852 	0.1765 	0.1907 	0.1847 
S,E7000,MWH20000-69999,KWH,I_TAX,EUR,RS	: 	: 	: 	: 	: 	: 	: 	: 	: 	: 	: 	: 	0.058 	0.0597 	0.0538 	0.0671 	0.0635 	0.0735 	0.0708 	0.055 	0.0665 	0.065 	0.0717 	0.0717 	0.0812 	0.0798 	0.0852 	0.0850 	0.0861 	0.0887 	0.0996 	0.1096 	0.1526 	0.1669 	0.1674 	0.1481 	0.1496 
S,E7000,MWH20000-69999,KWH,I_TAX,EUR,SE	0.0589 	0.0656 	0.0692 	0.0773 	0.0656 	0.0699 	0.087 	0.0867 	0.0897 	0.0769 	0.0784 	0.0729 	0.0781 	0.0736 	0.0691 	0.0667 	0.06 	0.0558 	0.0578 	0.0643 	0.0581 	0.0595 	0.0602 	0.0694 	0.0701 	0.0632 	0.0480 	0.0597 	0.0671 	0.1002 	0.1128 	0.1609 	0.1146 	0.0902 	0.0906 	0.0747 	0.0833 
S,E7000,MWH20000-69999,KWH,I_TAX,EUR,SI	: 	0.0777 	0.0774 	0.0787 	0.0766 	0.0898 	0.087 	0.09 	0.0904 	0.0922 	0.093 	0.0937 	0.0925 	0.0915 	0.0834 	0.0836 	0.078 	0.0808 	0.0753 	0.0771 	0.0713 	0.0737 	0.0738 	0.0776 	0.0827 	0.0850 	0.0881 	0.0899 	0.0871 	0.1149 	0.1885 	0.2129 	0.2196 	0.2086 	0.1721 	0.1850 	0.1622 
S,E7000,MWH20000-69999,KWH,I_TAX,EUR,SK	: 	0.1009 	0.1151 	0.118 	0.1314 	0.1302 	0.1165 	0.1157 	0.128 	0.1254 	0.1312 	0.1325 	0.1271 	0.1252 	0.1127 	0.1139 	0.1122 	0.111 	0.1028 	0.1104 	0.1156 	0.1172 	0.1218 	0.1195 	0.1327 	0.1322 	0.1363 	0.1343 	0.1367 	0.1604 	0.2492 	0.3079 	0.2972 	0.2639 	0.1944 	0.2174 	0.2044 
S,E7000,MWH20000-69999,KWH,I_TAX,EUR,TR	: 	0.0669 	0.0665 	0.0834 	0.0762 	0.0777 	0.0875 	0.0897 	0.0739 	0.0674 	0.0814 	0.0909 	0.0939 	0.0818 	0.0783 	0.0813 	0.0823 	0.0735 	0.0764 	0.0727 	0.0626 	0.0586 	0.0587 	0.0653 	0.0716 	0.0833 	0.0765 	0.0623 	0.0664 	0.0860 	0.1346 	0.2260 	0.1430 	0.1023 	0.0950 	0.0981 	0.0922 
S,E7000,MWH20000-69999,KWH,I_TAX,EUR,UA	: 	: 	: 	: 	: 	: 	: 	: 	: 	: 	: 	: 	: 	: 	: 	: 	: 	: 	0.0597 	0.07 p	0.0656 	0.0611 d	0.0648 	0.0656 	0.0745 	0.0791 	0.0615 	0.0596 	0.0659 	: 	: 	: 	: 	: 	: 	: 	: 
S,E7000,MWH20000-69999,KWH,I_TAX,EUR,UK	0.1122 	0.1039 	0.1003 	0.1148 	0.1148 	0.0998 	0.098 	0.0932 	0.101 	0.1034 	0.1211 	0.1271 	0.1265 	0.1288 	0.1403 	0.1442 	0.1603 	0.163 	0.15 	0.1381 	0.142 	0.1395 	0.1441 	0.1488 	0.1591 	0.1646 	0.1725 	: 	: 	: 	: 	: 	: 	: 	: 	: 	: 
S,E7000,MWH20000-69999,KWH,I_TAX,EUR,XK	: 	: 	: 	: 	: 	: 	: 	: 	: 	: 	: 	: 	0.0521 	0.0566 	0.055 	0.0583 	0.0571 	0.058 	0.0534 	0.0531 	: @C	: @C	: @C	: @C	: @C	: @C	: @C	: @C	: @C	: @C	: @C	: @C	: @C	: 	: @C	: @C	: 
S,E7000,MWH20000-69999,KWH,I_TAX,NAC,AL	: 	: 	: 	: 	: 	: 	: 	: 	: 	: 	: 	: 	: 	: 	: 	: 	: 	: 	: 	: 	: 	: 	: 	: 	15.4560 e	: 	15.3960 e	15.3960 e	15.3720 e	15.3720 e	15.3700 	15.3700 	15.3720 e	15.3720 e	15.3720 	15.3720 e	16.8000 
S,E7000,MWH20000-69999,KWH,I_TAX,NAC,AT	: 	0.0967 	0.1011 	0.1135 	0.12 	0.1202 	0.1134 	0.1145 	0.1123 	0.1111 	0.1056 	0.1059 	0.1027 	0.1024 	0.1 	0.0969 	0.0917 	0.0943 	0.0891 	0.0909 	0.0839 	0.0875 	0.0888 	0.0946 	0.1001 	0.1012 	0.1062 	0.1103 	0.1167 	0.1423 	0.2078 	0.2378 e	0.2753 e	0.2537 e	0.1808 e	0.1902 e	0.1901 e
S,E7000,MWH20000-69999,KWH,I_TAX,NAC,BA	: 	: 	: 	: 	: 	: 	: 	: 	: 	: 	0.1082 	0.1079 	0.1047 	0.1048 	0.0992 	0.0987 	0.102 	0.1024 	0.1032 	0.1019 	0.1059 	0.1055 	0.1147 	0.1207 	0.1198 	0.1331 	0.1332 	0.1334 	0.1405 	0.1382 	0.1600 	0.2135 	0.1947 	0.1946 	0.2027 	0.2015 	0.2155 
S,E7000,MWH20000-69999,KWH,I_TAX,NAC,BE	: 	0.0882 	0.0975 	0.0986 	0.1121 	0.1101 	0.0971 	0.0967 	0.1016 	0.1082 	0.0972 	0.0981 	0.0845 	0.099 	0.0892 	0.0935 	0.0918 	0.093 	0.0876 	0.0937 	0.0873 	0.085 	0.0821 	0.0936 	0.0976 	0.0972 	0.0905 	0.0938 	0.1005 	0.1396 	0.1765 	0.2213 	0.2314 	0.1993 	0.1530 	0.1613 	0.1632 
S,E7000,MWH20000-69999,KWH,I_TAX,NAC,BG	: 	0.101 	0.096 	0.122 	0.127 	0.121 	0.126 	0.1223 	0.1207 	0.1197 	0.1324 	0.1462 	0.1458 	0.1293 	0.1354 	0.1361 	0.1291 	0.1514 	0.1659 	0.1464 	0.1289 	0.1503 	0.1602 	0.1590 	0.1762 	0.1822 	0.1685 	0.1732 	0.1960 	0.3306 	0.3567 	0.4071 	0.3549 	0.2975 	0.2493 	0.2959 	0.2767 
S,E7000,MWH20000-69999,KWH,I_TAX,NAC,CY	: 	0.0751 	0.1397 	0.1768 	0.1153 	0.1401 	0.1494 	0.1705 	0.1663 	0.2133 	0.2356 	0.2493 	: 	0.2066 	0.187 	0.1934 	0.1397 	0.1442 	0.1003 	0.1281 	0.1429 	0.1451 	0.1492 	0.1922 	0.1701 	0.1946 	0.1573 	0.1427 	0.1677 	0.2136 	0.2596 	0.3500 	0.3147 	0.3000 	0.2678 	0.2724 	0.2524 
S,E7000,MWH20000-69999,KWH,I_TAX,NAC,CZ	: 	2.18 	2.46 	2.46 	2.81 	2.8 	2.793 	2.788 	2.98 	2.9605 	2.8511 	2.8194 	2.9808 	2.9726 	2.6619 	2.6636 	2.4654 	2.4419 	2.1602 	2.1205 	1.9632 	1.9453 	1.9486 	2.0286 	2.2933 	2.3262 	2.4469 	2.4377 	2.4951 	2.3934 	4.8764 	5.5195 	5.4501 	5.2485 	5.1155 	5.4623 	5.0194 
S,E7000,MWH20000-69999,KWH,I_TAX,NAC,DE	0.1032 	0.1084 	0.1217 	0.117 	0.1249 	0.1217 	0.1205 	0.1285 	0.1376 	0.1482 	0.1421 	0.1432 	0.152 	0.1514 	0.1561 	0.1512 	0.1505 	0.152 	0.1398 	0.1331 	0.134 	0.1238 	0.1206 	0.1229 	0.1259 	0.1479 	0.1591 	0.1628 	0.1661 	0.1759 	0.2256 	0.2460 	0.2418 	0.2263 	0.2125 	0.2156 	0.2002 
S,E7000,MWH20000-69999,KWH,I_TAX,NAC,DK	: 	1.4914 	1.5275 	1.6253 	1.4755 	1.5294 	1.6241 	1.6431 	1.7308 	1.6686 	1.6954 	1.725 	1.7779 	1.7491 	1.7964 	1.8225 	1.8168 	1.8168 	1.864 	1.8537 	1.7713 	1.7713 	1.7845 	1.7950 	1.6708 	1.6452 	1.6010 	1.6864 	1.8071 	2.2056 	2.4940 	2.9817 	1.1993 	1.9053 	1.9238 	2.0664 	2.0117 
S,E7000,MWH20000-69999,KWH,I_TAX,NAC,EA	: 	0.0926 	0.101 	0.1019 	0.1065 	0.1019 	0.1005 	0.1027 	0.1085 	0.1134 	0.1143 	0.1169 	0.118 	0.1188 	0.119 	0.1172 	0.1153 	0.1142 	0.1063 	0.1056 	: 	: 	: 	: 	: 	: 	: 	: 	: 	: 	: 	: 	: 	: 	: 	: 	: 
S,E7000,MWH20000-69999,KWH,I_TAX,NAC,EE	: 	0.64 	0.731 	0.808 	0.864 	0.863 	1.116 	1.239 	0.0793 	0.084 	0.0839 	0.0856 	0.1 	0.096 	0.09 	0.0905 	0.0891 	0.0873 	0.0856 	0.0868 	0.0859 	0.0828 	0.0850 	0.0907 	0.0908 	0.0910 	0.0785 	0.0832 	0.0944 	0.1592 	0.1778 	0.2920 	0.1643 	0.1627 	0.1660 	0.1734 	0.1423 
S,E7000,MWH20000-69999,KWH,I_TAX,NAC,EL	: 	0.0664 	0.0716 	0.0792 	0.0808 	0.0795 	0.0821 	0.0885 	0.0881 	0.0899 	0.1023 	0.1064 	0.1075 	0.1068 	0.0965 	0.0863 	0.0824 	0.0833 	0.0867 	0.0817 	0.0876 	0.105 	0.0811 	0.0907 	0.0935 	0.0912 	0.0883 	0.0817 	0.0866 	0.1552 	0.2067 	0.1975 	0.1696 	0.1533 	0.1239 	0.1714 	0.1710 
S,E7000,MWH20000-69999,KWH,I_TAX,NAC,ES	: 	0.08 	0.0825 	0.0906 	0.0968 	0.0955 	0.0881 	0.0901 	0.0932 	0.0958 	0.1034 	0.1061 	0.1044 	0.1052 	0.0951 	0.1007 	0.1005 	0.0987 	0.0888 	0.0918 	0.0952 	0.0931 	0.1101 	0.1026 	0.1045 	0.0974 	0.0853 	0.0881 	0.0942 	0.1598 	0.2397 	0.2683 	0.1577 	0.1412 	0.1201 	0.1374 	0.1333 
S,E7000,MWH20000-69999,KWH,I_TAX,NAC,FI	0.0507 	0.0522 	0.0644 	0.0694 	0.0667 	0.0674 	0.076 	0.0726 	0.0801 	0.074 	0.0719 	0.0737 	0.073 	0.0752 	0.0698 	0.0695 	0.0663 	0.0654 	0.0644 	0.067 	0.0641 	0.0655 	0.0665 	0.0729 	0.0703 	0.0727 	0.0629 	0.0701 	0.0667 	0.0906 	0.1081 	0.1579 	0.1004 	0.0849 	0.0947 	0.0653 	0.0680 
S,E7000,MWH20000-69999,KWH,I_TAX,NAC,FR	: 	0.0661 	0.0755 	0.0707 	0.0852 	0.0752 	0.0823 	0.0714 	0.0851 	0.0749 	0.0862 	0.0797 	0.0873 	0.082 	0.0897 	0.0846 	0.0938 	0.0861 	0.0771 	0.0774 	0.0751 	0.073 	0.0757 	0.0733 	0.0838 	0.0762 	0.0848 	0.0809 	0.0891 	0.1012 	0.1278 	0.1352 	0.1958 	0.1690 	0.1310 	0.1224 	0.1201 
S,E7000,MWH20000-69999,KWH,I_TAX,NAC,GE	: 	: 	: 	: 	: 	: 	: 	: 	: 	: 	: 	: 	: 	: 	: 	: 	: 	: 	: 	: 	: 	: 	0.1476 	0.1779 	0.1800 	0.1552 	0.1812 	0.1583 	0.3402 	0.3088 	: 	0.3088 	0.3089 	0.3082 	0.0000 	0.2688 	0.0000 
S,E7000,MWH20000-69999,KWH,I_TAX,NAC,HR	0.36 	0.42 	0.47 	0.51 	0.56 	0.55 	0.586 	0.606 	0.555 	0.54 	0.5573 	0.5634 	0.5987 	0.6083 	0.6146 	0.6233 	0.6021 	0.6285 	0.6021 	0.6009 	0.5351 	0.57 	0.5992 	0.6108 	0.6981 	0.7195 	0.7371 	0.7158 	0.7051 	0.7629 	0.9235 	1.6176 	0.2597 	0.2300 	0.2255 	0.2288 	0.2276 
S,E7000,MWH20000-69999,KWH,I_TAX,NAC,HU	: 	25.86 	27.04 	29.6 	39.1838 	35.68 	28.08 	30.0815 	34.8226 	37.8117 	34.8978 	34.182 	35.4847 	36.3211 	33.7858 	34.0728 	32.3966 	32.7188 	29.0199 	27.7989 	26.0541 e	26.4645 	27.1776 	28.6134 	32.6145 	33.2885 	34.9006 	34.1954 	34.3791 	39.9354 	83.2323 	129.1077 	126.9224 	106.5354 	81.3016 	93.6268 	85.5614 
S,E7000,MWH20000-69999,KWH,I_TAX,NAC,IE	: 	0.1202 	0.1326 	0.1305 	0.1047 	0.0977 	0.0818 	0.086 	0.0849 	0.0909 	0.1017 	0.1156 	0.1125 	0.1119 	0.1095 	0.1048 	0.109 	0.1067 	0.0976 	0.0948 	0.0981 	0.1033 	0.1117 	0.1131 	0.1058 	0.1031 	0.1019 	0.1052 	0.1185 	0.1596 	0.2031 	0.2477 	0.2434 	0.2204 	0.2195 	0.2251 	0.2297 
S,E7000,MWH20000-69999,KWH,I_TAX,NAC,IS	: 	: 	: 	: 	: 	: 	: 	: 	: 	: 	: 	: 	: 	: 	: 	: 	: 	: 	: 	: 	: 	: 	: 	: 	: 	: @C	: 	: 	: 	: 	: 	: 	: 	: 	: 	: 	: 
S,E7000,MWH20000-69999,KWH,I_TAX,NAC,IT	: 	: 	0.1293 	0.136 	0.1248 	0.1185 	0.1149 	0.1278 	0.1231 	0.1451 	0.1373 	0.1564 	0.1442 	0.151 	0.1525 	0.1551 	0.1366 	0.1402 	0.1336 	0.138 	0.1313 	0.1283 	0.1025 	0.1060 	0.1228 	0.1285 	0.1068 	0.1096 	0.1167 	0.1622 	0.2482 	0.3264 	0.2291 	0.1954 	0.1677 	0.1869 	0.1822 
S,E7000,MWH20000-69999,KWH,I_TAX,NAC,LI	: 	: 	: 	: 	: 	: 	: 	: 	: 	: 	: 	: 	: 	: 	: 	: 	: 	: 	: 	: 	0 	: 	: 	: 	: 	: 	: 	: 	: 	: 	: 	: 	: 	: 	: 	: 	: 
S,E7000,MWH20000-69999,KWH,I_TAX,NAC,LT	: 	0.2234 	0.2721 	0.2694 	0.3044 	0.2593 	0.3633 	0.3675 	0.421 	: 	0.4867 	0.4878 	0.5305 	: 	0.5003 	0.4822 	0.1015 	0.102 	0.0921 	0.0876 	0.0829 	0.0817 	0.0821 	0.0922 	0.0914 	0.0906 	0.0901 	0.0981 	0.0972 	0.1210 	0.1888 	0.3372 	0.1597 	0.1493 	0.1959 	0.1535 	0.1450 
S,E7000,MWH20000-69999,KWH,I_TAX,NAC,LU	: 	: 	: 	: 	0.0693 	0.0694 	0.0708 	0.0719 	0.0655 	0.0655 	0.0682 	0.0681 	0.0651 	0.0653 	0.0631 	0.0633 	0.0638 	0.0542 	0.0482 	0.0506 	0.0434 	0.0424 	0.0445 	0.0464 	0.0483 	0.0490 	0.0480 	0.0553 	0.0550 	0.0732 	0.0989 	0.0956 	0.1742 	0.1721 	0.1676 	0.1269 	0.1275 
S,E7000,MWH20000-69999,KWH,I_TAX,NAC,LV	: 	0.0369 	0.0429 	0.0572 	0.0703 	0.0654 	0.0694 	0.0713 	0.077 	0.0856 	0.0808 	0.0822 	0.0871 	0.0909 	0.131 	0.1191 	0.1216 	0.1172 	0.1211 	0.1212 	0.1196 	0.1161 	0.0904 	0.0909 	0.0950 	0.0970 	0.0926 	0.0914 	0.0890 	0.1285 	0.1663 	0.3400 	0.2304 	0.2185 	0.1342 	0.1282 	0.1239 
S,E7000,MWH20000-69999,KWH,I_TAX,NAC,MD	: 	: 	: 	: 	: 	: 	: 	: 	: 	: 	: 	: 	: 	: 	: 	: 	: 	: 	: 	: 	: 	: 	: 	: 	: 	1.5900 	1.6100 	1.4300 	1.3753 	1.2329 	1.8100 	3.2800 	3.1246 	2.4100 	1.9900 	1.9600 	3.8300 
S,E7000,MWH20000-69999,KWH,I_TAX,NAC,ME	: 	: 	: 	: 	: 	: 	: 	: 	: @C	: @C	0.0582 	0.0681 	0.0708 	0.0726 	0.0673 	0.0625 	0.0611 	0.0605 	0.0591 	0.0646 	0.0567 	: 	0.0536 	0.0470 	0.0625 	0.0586 	0.0559 	0.0447 	0.0699 	: 	0.0705 	0.0689 	0.0642 	0.0639 	0.0640 	0.0600 	0.0644 p
S,E7000,MWH20000-69999,KWH,I_TAX,NAC,MK	: 	: 	: 	: 	: 	: 	: 	: 	: 	: 	: 	4.2688 	5.1479 	4.7871 	: @C	: @C	4.4389 	4.3535 	3.7503 	4.2594 	3.9578 	3.9277 	4.5446 	4.7916 	4.9618 	5.0208 	4.6971 	4.7257 	4.8671 	7.3440 	13.8895 	23.3662 	10.8620 	8.5099 	5.9751 	9.3342 	8.7299 
S,E7000,MWH20000-69999,KWH,I_TAX,NAC,MT	: 	0.0262 	0.061 	0.1389 	0.1292 	0.0903 	0.1413 	0.1444 	0.1437 	0.143 	0.1451 	0.1448 	0.1455 	0.1434 	0.1431 	0.1508 	0.1339 	0.1177 	0.1169 	0.1191 	0.1054 	0.1075 	0.1054 	0.0893 	0.1131 	0.1133 	0.1080 	0.1117 	0.1125 	0.1153 	0.0936 	0.1067 	0.1110 	0.1150 	0.1103 	0.1067 	0.1099 p
S,E7000,MWH20000-69999,KWH,I_TAX,NAC,NL	0.0981 	0.0935 	0.1002 	0.1003 	0.1085 	0.0994 	0.0902 	0.0852 	0.0887 	0.0837 	0.0873 	0.0857 	0.094 	0.0931 	0.0897 	0.0816 	0.0855 	0.0767 	0.0799 	0.071 	0.0660 	0.0540 	0.0690 	0.0610 	0.0770 	0.0640 	0.0824 	0.0672 	0.0885 	0.0953 	0.1757 	0.1681 	0.2497 	0.2015 	0.1807 	0.1568 	0.1615 
S,E7000,MWH20000-69999,KWH,I_TAX,NAC,NO	: 	0.526 	0.524 	0.6748 	0.663 	0.6036 	0.8149 	0.708 	0.8351 	0.6138 	0.5748 	0.5465 	0.6269 	0.6091 	0.5418 	0.572 	0.5365 	0.5212 	0.6083 	0.6596 	0.5736 	0.5941 	0.7026 	0.8353 	0.7811 	0.6974 	0.4594 	0.3927 	0.7763 	1.2057 	1.5669 	2.3370 	1.3391 	0.9216 	0.9523 	0.7606 	0.9369 
S,E7000,MWH20000-69999,KWH,I_TAX,NAC,PL	: 	0.2427 	0.3148 	0.3285 	0.4113 	0.4103 	0.3866 	0.3917 	0.3948 	0.3934 	0.4043 	0.4092 	0.3781 	0.3603 	0.3299 	0.3397 	0.3594 	0.3549 	0.3514 	0.3446 	0.3579 	0.367 	0.3759 	0.3959 	0.4524 	0.3953 	0.4786 	0.4863 	0.4957 	0.5232 	0.6498 	0.7580 	1.1568 	1.0711 	0.8571 	0.9225 	0.8413 
S,E7000,MWH20000-69999,KWH,I_TAX,NAC,PT	: 	0.0664 	0.0715 	0.0729 	0.0713 	0.0722 	0.0705 	0.0718 	0.0779 	0.0903 	0.1151 	0.113 	0.1126 	0.1118 	0.1035 	0.1082 	0.1075 	0.1092 	0.1043 	0.1069 	0.1078 	0.1068 	0.1095 	0.1185 	0.1097 	0.1061 	0.1036 	0.1019 	0.1083 	0.1527 	0.1872 	0.1649 	0.0911 	0.1183 	0.0983 	0.1437 	0.1300 
S,E7000,MWH20000-69999,KWH,I_TAX,NAC,RO	: 	0.2548 	0.3056 	0.3015 	0.3359 	0.3177 	0.3214 	0.3284 	0.3368 	0.3666 	0.3712 	0.4055 	0.4603 	0.4161 	0.4014 	0.3452 	0.3602 	0.3509 	0.3252 	0.341 	0.3411 	0.3564 	0.3878 	0.4193 	0.4826 	0.5002 	0.5238 	0.5021 	0.4919 	0.7751 	1.0393 d	1.6107 d	0.9599 	0.9187 	0.8780 	0.9485 	0.9243 
S,E7000,MWH20000-69999,KWH,I_TAX,NAC,RS	: 	: 	: 	: 	: 	: 	: 	: 	: 	: 	: 	: 	6.4967 	6.8214 	6.2278 	7.97 	7.6882 	8.8584 	8.7005 	6.7864 	8.2076 	7.767 	8.4779 	8.4838 	9.5906 	9.3859 	10.0159 	9.9961 	10.1186 	10.4271 	11.7071 	12.8575 	17.8961 	19.5549 	19.6114 	17.3310 	17.5321 
S,E7000,MWH20000-69999,KWH,I_TAX,NAC,SE	0.543 	0.609 	0.649 	0.762 	0.713 	0.726 	0.852 	0.806 	0.802 	0.7013 	0.6966 	0.6216 	0.666 	0.6456 	0.6189 	0.616 	0.5608 	0.5227 	0.538 	0.6197 	0.5577 	0.5755 	0.6106 	0.7189 	0.7374 	0.6736 	0.5115 	0.6155 	0.6794 	1.0180 	1.1824 	1.7341 	1.2994 	1.0480 	1.0324 	0.8575 	0.9245 
S,E7000,MWH20000-69999,KWH,I_TAX,NAC,SI	: 	0.0777 	0.0774 	0.0787 	0.0766 	0.0898 	0.087 	0.09 	0.0904 	0.0922 	0.093 	0.0937 	0.0925 	0.0915 	0.0834 	0.0836 	0.078 	0.0808 	0.0753 	0.0771 	0.0713 	0.0737 	0.0738 	0.0776 	0.0827 	0.0850 	0.0881 	0.0899 	0.0871 	0.1149 	0.1885 	0.2129 	0.2196 	0.2086 	0.1721 	0.1850 	0.1622 
S,E7000,MWH20000-69999,KWH,I_TAX,NAC,SK	: 	3.38 	3.71 	3.58 	0.1314 	0.1302 	0.1165 	0.1157 	0.128 	0.1254 	0.1312 	0.1325 	0.1271 	0.1252 	0.1127 	0.1139 	0.1122 	0.111 	0.1028 	0.1104 	0.1156 	0.1172 	0.1218 	0.1195 	0.1327 	0.1322 	0.1363 	0.1343 	0.1367 	0.1604 	0.2492 	0.3079 	0.2972 	0.2639 	0.1944 	0.2174 	0.2044 
S,E7000,MWH20000-69999,KWH,I_TAX,NAC,TR	: 	0.1169 	0.1255 	0.1606 	0.1639 	0.1688 	0.1769 	0.1769 	0.1631 	0.1661 	0.1901 	0.2082 	0.2235 	0.2193 	0.2323 	0.2315 	0.2356 	0.2338 	0.249 	0.2493 	0.2466 	0.2523 	0.2911 	0.4204 	0.4554 	0.5298 	0.5471 	0.5563 	0.6324 	0.9857 	2.1896 	4.1904 	3.0888 	3.0629 	3.2532 	3.6183 	3.7905 
S,E7000,MWH20000-69999,KWH,I_TAX,NAC,UA	: 	: 	: 	: 	: 	: 	: 	: 	: 	: 	: 	: 	: 	: 	: 	: 	: 	: 	1.7 	1.97 p	1.9 	1.9 d	2.1000 	2.0906 	2.2657 	2.1734 	1.7596 	1.9649 	2.2069 	: 	: 	: 	: 	: 	: 	: 	: 
S,E7000,MWH20000-69999,KWH,I_TAX,NAC,UK	0.0757 	0.0721 	0.0777 	0.0938 	0.1026 	0.0886 	0.0853 	0.0789 	0.0877 	0.0897 	0.0996 	0.1016 	0.1076 	0.1092 	0.1152 	0.1141 	0.1174 	0.1173 	0.1168 	0.1187 	0.1222 	0.1245 	0.1268 	0.1324 	0.1390 	0.1451 	0.1509 	: 	: 	: 	: 	: 	: 	: 	: 	: 	: 
S,E7000,MWH20000-69999,KWH,I_TAX,NAC,XK	: 	: 	: 	: 	: 	: 	: 	: 	: 	: 	: 	: 	0.0521 	0.0566 	0.055 	0.0583 	0.0571 	0.058 	0.0534 	0.0531 	: @C	: @C	: @C	: @C	: @C	: @C	: @C	: @C	: @C	: @C	: @C	: @C	: @C	: 	: @C	: @C	: 
S,E7000,MWH20000-69999,KWH,I_TAX,PPS,AL	: 	: 	: 	: 	: 	: 	: 	: 	: 	: 	: 	: 	: 	: 	: 	: 	: 	: 	: 	: 	: 	: 	: 	: 	0.2511 e	: 	0.2421 e	0.2421 e	0.2388 e	0.2388 e	0.2398 	0.2398 	0.2412 e	0.2416 e	0.2443 	0.2457 e	0.2703 
S,E7000,MWH20000-69999,KWH,I_TAX,PPS,AT	: 	0.0905 	0.0926 	0.104 	0.1069 	0.1071 	0.1029 	0.1039 	0.1014 	0.1003 	0.0958 	0.0961 	0.0919 	0.0916 	0.0905 	0.0877 	0.083 	0.0868 	0.0835 	0.0852 	0.0743 	0.0775 	0.0788 	0.0839 	0.0881 	0.0890 	0.0929 	0.0965 	0.1021 	0.1232 	0.1799 	0.2085 e	0.2452 e	0.2260 e	0.1596 e	0.1678 e	0.1656 e
S,E7000,MWH20000-69999,KWH,I_TAX,PPS,BA	: 	: 	: 	: 	: 	: 	: 	: 	: 	: 	0.1147 	0.1143 	0.1098 	0.1099 	0.1049 	0.1044 	0.1079 	0.1111 	0.1117 	0.1101 	0.1068 	0.1064 	0.1153 	0.1213 	0.1193 	0.1325 	0.1330 	0.1332 	0.1403 	0.1359 	0.1573 	0.2096 	0.1830 	0.1798 	0.1900 	0.1878 	0.1868 
S,E7000,MWH20000-69999,KWH,I_TAX,PPS,BE	: 	0.0807 	0.0872 	0.0882 	0.0982 	0.0965 	0.0876 	0.0872 	0.0915 	0.0975 	0.0877 	0.0885 	0.0751 	0.0879 	0.0804 	0.0842 	0.0827 	0.0843 	0.081 	0.0877 	0.0773 	0.0753 	0.0728 	0.0830 	0.0865 	0.0861 	0.0811 	0.0841 	0.0901 	0.1254 	0.1588 	0.1992 	0.2079 	0.1781 	0.1363 	0.1429 	0.1453 
S,E7000,MWH20000-69999,KWH,I_TAX,PPS,BG	: 	0.1288 	0.1148 	0.1459 	0.1452 	0.1384 	0.1453 	0.1411 	0.1304 	0.1293 	0.144 	0.159 	0.1567 	0.139 	0.1468 	0.1476 	0.14 	0.1675 	0.184 	0.1615 	0.1309 	0.1526 	0.1593 	0.1581 	0.1694 	0.1752 	0.1599 	0.1643 	0.1860 	0.3063 	0.3304 	0.3754 	0.3010 	0.2523 	0.2111 	0.2506 	0.2306 
S,E7000,MWH20000-69999,KWH,I_TAX,PPS,CY	: 	0.1472 	0.1593 	0.2016 	0.1297 	0.1576 	0.1684 	0.1922 	0.1807 	0.2318 	0.2595 	0.2746 	: 	0.2315 	0.2127 	0.22 	0.1589 	0.1583 	0.1135 	0.1448 	0.1602 	0.1626 	0.1662 	0.2141 	0.1877 	0.2147 	0.1717 	0.1558 	0.1831 	0.2330 	0.2832 	0.3862 	0.3441 	0.3291 	0.2981 	0.2992 	0.2763 
S,E7000,MWH20000-69999,KWH,I_TAX,PPS,CZ	: 	0.1269 	0.1347 	0.1347 	0.1521 	0.1515 	0.1528 	0.1525 	0.1678 	0.1667 	0.1614 	0.1596 	0.1681 	0.1676 	0.1508 	0.1509 	0.1397 	0.14 	0.1249 	0.1237 	0.1085 	0.1075 	0.1068 	0.1112 	0.1230 	0.1247 	0.1278 	0.1273 	0.1303 	0.1236 	0.2519 	0.2872 	0.2743 	0.2648 	0.2550 	0.2690 	0.2473 
S,E7000,MWH20000-69999,KWH,I_TAX,PPS,DE	0.1008 	0.1059 	0.1171 	0.1126 	0.1161 	0.1131 	0.1155 	0.1231 	0.1324 	0.1426 	0.1375 	0.1386 	0.1446 	0.144 	0.1498 	0.1451 	0.1444 	0.1457 	0.1355 	0.1285 	0.1236 	0.1141 	0.1110 	0.1131 	0.1139 	0.1338 	0.1440 	0.1473 	0.1503 	0.1583 	0.2031 	0.2215 	0.2160 	0.2023 	0.1889 	0.1926 	0.1793 
S,E7000,MWH20000-69999,KWH,I_TAX,PPS,DK	: 	0.147 	0.1489 	0.1585 	0.1417 	0.1469 	0.1599 	0.1617 	0.1719 	0.1657 	0.1683 	0.1712 	0.1768 	0.1739 	0.1786 	0.1812 	0.1872 	0.1872 	0.1865 	0.1855 	0.177 	0.177 	0.1787 	0.1798 	0.1686 	0.1660 	0.1613 	0.1699 	0.1821 	0.2233 	0.2509 	0.3000 	0.1218 	0.1922 	0.1952 	0.2096 	0.2062 
S,E7000,MWH20000-69999,KWH,I_TAX,PPS,EA	: 	0.0921 	0.0982 	0.0991 	0.1015 	0.0972 	0.0966 	0.0987 	0.1045 	0.1092 	0.1112 	0.1137 	0.1143 	0.1151 	0.1163 	0.1145 	0.1147 	0.1136 	0.1036 	0.1029 	0.1025 	0.0987 	0.0961 	0.0968 	0.1033 	0.1064 	0.1064 	0.1067 	0.1132 	0.1417 	0.1974 	0.2266 	0.2059 	0.1840 	0.1579 	0.1659 	0.1601 
S,E7000,MWH20000-69999,KWH,I_TAX,PPS,EE	: 	0.0602 	0.0658 	0.0728 	0.0788 	0.0787 	0.1052 	0.1168 	0.1142 	0.1209 	0.1183 	0.1207 	0.1372 	0.1317 	0.1205 	0.1212 	0.1193 	0.1204 	0.1175 	0.1218 	0.1103 	0.1063 	0.1067 	0.1139 	0.1117 	0.1120 	0.0978 	0.1037 	0.1176 	0.1944 	0.2171 	0.3562 	0.1855 	0.1813 	0.1845 	0.1889 	0.1556 
S,E7000,MWH20000-69999,KWH,I_TAX,PPS,EL	: 	0.075 	0.0798 	0.0883 	0.0871 	0.0857 	0.0893 	0.0963 	0.0949 	0.0969 	0.1144 	0.119 	0.1259 	0.1251 	0.1164 	0.1041 	0.0994 	0.1041 	0.1051 	0.099 	0.1046 	0.1254 	0.0975 	0.1090 	0.1133 	0.1105 	0.1067 	0.0988 	0.1047 	0.1891 	0.2512 	0.2400 	0.2068 	0.1869 	0.1530 	0.2116 	0.2104 
S,E7000,MWH20000-69999,KWH,I_TAX,PPS,ES	: 	0.0891 	0.0895 	0.0983 	0.1026 	0.1013 	0.0937 	0.0959 	0.0999 	0.1027 	0.1142 	0.1172 	0.1159 	0.1168 	0.1063 	0.1126 	0.1124 	0.1103 	0.1003 	0.1027 	0.1036 	0.1013 	0.1181 	0.1101 	0.1121 	0.1045 	0.0909 	0.0938 	0.1003 	0.1708 	0.2562 	0.2842 	0.1691 	0.1514 	0.1312 	0.1531 	0.1486 
S,E7000,MWH20000-69999,KWH,I_TAX,PPS,EU27_2020	: 	: 	: 	: 	: 	: 	: 	: 	: 	: 	: 	: 	: 	: 	: 	: 	: 	: 	: 	: 	0.1050 	0.1026 	0.1011 	0.1030 	0.1107 	0.1118 	0.1131 	0.1138 	0.1199 	0.1483 	0.2032 	0.2409 	0.2250 	0.2029 	0.1723 	0.1818 	0.1734 
S,E7000,MWH20000-69999,KWH,I_TAX,PPS,FI	0.0437 	0.045 	0.0548 	0.0591 	0.0556 	0.0561 	0.0637 	0.0608 	0.0666 	0.0615 	0.0596 	0.0611 	0.0592 	0.061 	0.0561 	0.0559 	0.0533 	0.0527 	0.0527 	0.0553 	0.0516 	0.0527 	0.0529 	0.0580 	0.0559 	0.0579 	0.0497 	0.0554 	0.0527 	0.0729 	0.0867 	0.1266 	0.0810 	0.0685 	0.0789 	0.0543 	0.0566 
S,E7000,MWH20000-69999,KWH,I_TAX,PPS,FR	: 	0.0601 	0.0669 	0.0626 	0.0744 	0.0657 	0.0733 	0.0636 	0.0761 	0.0669 	0.0768 	0.071 	0.0772 	0.0739 	0.0815 	0.0772 	0.0875 	0.0804 	0.0702 	0.0705 	0.067 	0.0651 	0.0679 	0.0658 	0.0770 	0.0701 	0.0779 	0.0743 	0.0819 	0.0931 	0.1179 	0.1247 	0.1803 	0.1547 	0.1199 	0.1120 	0.1103 
S,E7000,MWH20000-69999,KWH,I_TAX,PPS,HR	0.0761 	0.0888 	0.0958 	0.104 	0.1094 	0.1074 	0.1143 	0.1182 	0.1109 	0.1079 	0.1155 	0.1168 	0.1244 	0.1264 	0.1271 	0.1289 	0.1245 	0.1306 	0.1269 	0.1269 	0.1105 	0.1177 	0.1231 	0.1254 	0.1433 	0.1477 	0.1517 	0.1473 	0.1451 	0.1555 	0.1883 	0.3295 	0.3901 	0.3414 	0.3263 	0.3347 	0.3193 
S,E7000,MWH20000-69999,KWH,I_TAX,PPS,HU	: 	0.1598 	0.1632 	0.1787 	0.2347 	0.2138 	0.1708 	0.183 	0.2105 	0.2286 	0.2074 	0.2031 	0.2073 	0.2122 	0.1933 	0.195 	0.1854 	0.1871 	0.1652 	0.1588 	0.1315 e	0.1336 	0.1323 	0.1393 	0.1529 	0.1561 	0.1567 	0.1536 	0.1473 	0.1721 	0.3292 	0.5106 	0.5019 	0.4213 	0.2988 	0.3498 	0.3053 
S,E7000,MWH20000-69999,KWH,I_TAX,PPS,IE	: 	0.1018 	0.1089 	0.1071 	0.0883 	0.0824 	0.0741 	0.0779 	0.077 	0.0824 	0.0928 	0.1054 	0.1021 	0.1015 	0.0984 	0.0942 	0.0979 	0.0958 	0.0879 	0.0879 	0.0848 	0.0893 	0.0956 	0.0969 	0.0881 	0.0858 	0.0850 	0.0866 	0.0988 	0.1331 	0.1721 	0.2084 	0.2034 	0.1854 	0.1827 	0.1901 	0.1940 
S,E7000,MWH20000-69999,KWH,I_TAX,PPS,IS	: 	: 	: 	: 	: 	: 	: 	: 	: 	: 	: 	: 	: 	: 	: 	: 	: 	: 	: 	: 	: 	: 	: 	: 	: 	: @C	: 	: 	: 	: 	: 	: 	: 	: 	: 	: 	: 
S,E7000,MWH20000-69999,KWH,I_TAX,PPS,IT	: 	: 	0.128 	0.1347 	0.1205 	0.1144 	0.1124 	0.125 	0.1208 	0.1424 	0.1367 	0.1557 	0.1429 	0.1497 	0.1519 	0.1545 	0.1361 	0.1394 	0.1361 	0.1406 	0.1307 	0.1277 	0.1022 	0.1057 	0.1234 	0.1291 	0.1075 	0.1103 	0.1175 	0.1654 	0.2532 	0.3342 	0.2383 	0.2036 	0.1737 	0.1943 	0.1905 
S,E7000,MWH20000-69999,KWH,I_TAX,PPS,LT	: 	0.1125 	0.1251 	0.1239 	0.1423 	0.1212 	0.1779 	0.18 	0.202 	: 	0.2338 	0.2343 	0.2506 	: 	0.2363 	0.2277 	0.1648 	0.1691 	0.1523 	0.1471 	0.1286 	0.1267 	0.1246 	0.1399 	0.1362 	0.1350 	0.1322 	0.1439 	0.1426 	0.1739 	0.2713 	0.4884 	0.2123 	0.1984 	0.2536 	0.1973 	0.1855 
S,E7000,MWH20000-69999,KWH,I_TAX,PPS,LU	: 	: 	: 	: 	0.0575 	0.0576 	0.0586 	0.0595 	0.0553 	0.0553 	0.0577 	0.0577 	0.0537 	0.0539 	0.0529 	0.0531 	0.0535 	0.0452 	0.0409 	0.0428 	0.0351 	0.0343 	0.0356 	0.0371 	0.0383 	0.0389 	0.0371 	0.0427 	0.0425 	0.0574 	0.0775 	0.0738 	0.1342 	0.1301 	0.1267 	0.0965 	0.0966 
S,E7000,MWH20000-69999,KWH,I_TAX,PPS,LV	: 	0.0791 	0.0849 	0.1132 	0.1461 	0.1359 	0.1498 	0.1539 	0.163 	0.1812 	0.1683 	0.1712 	0.1792 	0.187 	0.191 	0.1737 	0.1773 	0.1736 	0.1819 	0.1828 	0.1695 	0.1645 	0.1248 	0.1255 	0.1285 	0.1312 	0.1255 	0.1238 	0.1206 	0.1694 	0.2166 	0.4429 	0.2886 	0.2729 	0.1664 	0.1658 	0.1607 
S,E7000,MWH20000-69999,KWH,I_TAX,PPS,ME	: 	: 	: 	: 	: 	: 	: 	: 	: @C	: @C	0.1185 	0.1387 	0.1411 	0.1447 	0.1311 	0.1217 	0.1266 	0.1253 	0.1206 	0.1338 	0.1137 	: 	0.1045 	0.0916 	0.1231 	0.1154 	0.1108 	0.0886 	0.1386 	: 	0.1354 	0.1338 	0.1198 	0.1170 	0.1125 	0.1067 	0.1148 p
S,E7000,MWH20000-69999,KWH,I_TAX,PPS,MK	: 	: 	: 	: 	: 	: 	: 	: 	: 	: 	: 	0.1709 	0.2011 	0.187 	: @C	: @C	0.1763 	0.1729 	0.1475 	0.1659 	0.1433 	0.1422 	0.1619 	0.1707 	0.1771 	0.1792 	0.1658 	0.1668 	0.1718 	0.2508 	0.4743 	0.8146 	0.3688 	0.2913 	0.2004 	0.2993 	0.2799 
S,E7000,MWH20000-69999,KWH,I_TAX,PPS,MT	: 	0.0873 	0.0851 	0.1937 	0.1776 	0.1242 	0.1935 	0.1977 	0.19 	0.1891 	0.1893 	0.1889 	0.1866 	0.1839 	0.1785 	0.1881 	0.167 	0.1468 	0.1458 	0.1484 	0.1268 	0.1293 	0.1224 	0.1037 	0.1317 	0.1320 	0.1231 	0.1274 	0.1283 	0.1306 	0.1072 	0.1204 	0.1238 	0.1282 	0.1215 	0.1175 	0.1208 p
S,E7000,MWH20000-69999,KWH,I_TAX,PPS,NL	0.0928 	0.0885 	0.0929 	0.093 	0.097 	0.0889 	0.081 	0.0765 	0.0806 	0.0761 	0.0796 	0.0782 	0.0859 	0.0851 	0.082 	0.0746 	0.0788 	0.0707 	0.0736 	0.0658 	0.0580 	0.0474 	0.0602 	0.0533 	0.0653 	0.0542 	0.0707 	0.0577 	0.0762 	0.0821 	0.1501 	0.1436 	0.2124 	0.1714 	0.1542 	0.1338 	0.1378 
S,E7000,MWH20000-69999,KWH,I_TAX,PPS,NO	: 	0.0486 	0.0468 	0.0602 	0.0557 	0.0507 	0.069 	0.06 	0.0701 	0.0515 	0.049 	0.0466 	0.0514 	0.05 	0.0433 	0.0457 	0.0429 	0.0415 	0.0473 	0.0509 	0.041 	0.0425 	0.0496 	0.0590 	0.0537 	0.0480 	0.0303 	0.0259 	0.0513 	0.0832 	0.1081 	0.1629 	0.0981 	0.0679 	0.0670 	0.0536 	0.0648 
S,E7000,MWH20000-69999,KWH,I_TAX,PPS,PL	: 	0.1068 	0.1325 	0.1382 	0.1659 	0.1655 	0.1621 	0.1643 	0.163 	0.1624 	0.1676 	0.1696 	0.1567 	0.1494 	0.1363 	0.1403 	0.1485 	0.1475 	0.1486 	0.1458 	0.141 	0.1446 	0.1459 	0.1536 	0.1722 	0.1505 	0.1786 	0.1815 	0.1850 	0.1901 	0.2239 	0.2612 	0.4017 	0.3720 	0.2793 	0.3006 	0.2717 
S,E7000,MWH20000-69999,KWH,I_TAX,PPS,PT	: 	0.0817 	0.086 	0.0877 	0.0847 	0.0858 	0.0851 	0.0867 	0.0949 	0.11 	0.1444 	0.1418 	0.1444 	0.1434 	0.133 	0.1391 	0.1382 	0.1401 	0.134 	0.1367 	0.1286 	0.1274 	0.1300 	0.1407 	0.1306 	0.1263 	0.1218 	0.1198 	0.1273 	0.1783 	0.2186 	0.1926 	0.1066 	0.1403 	0.1188 	0.1746 	0.1576 
S,E7000,MWH20000-69999,KWH,I_TAX,PPS,RO	: 	0.1367 	0.1495 	0.1475 	0.1595 	0.1508 	0.1541 	0.1575 	0.1597 	0.1738 	0.1748 	0.1909 	0.2088 	0.1888 	0.1757 	0.1511 	0.1576 	0.1592 	0.1476 	0.1564 	0.1452 	0.1517 	0.1574 	0.1701 	0.1917 	0.1986 	0.2050 	0.1965 	0.1925 	0.2963 	0.3768 d	0.5840 d	0.3481 	0.3331 	0.3123 	0.3346 	0.3114 
S,E7000,MWH20000-69999,KWH,I_TAX,PPS,RS	: 	: 	: 	: 	: 	: 	: 	: 	: 	: 	: 	: 	0.1181 	0.124 	0.1095 	0.1401 	0.1351 	0.1647 	0.1597 	0.1254 	0.1381 	0.1307 	0.1403 	0.1404 	0.1563 	0.1530 	0.1602 	0.1599 	0.1619 	0.1628 	0.1828 	0.2011 	0.2654 	0.2856 	0.2730 	0.2428 	0.2438 
S,E7000,MWH20000-69999,KWH,I_TAX,PPS,SE	0.0496 	0.0556 	0.0578 	0.0679 	0.0602 	0.0613 	0.0723 	0.0684 	0.0684 	0.0598 	0.06 	0.0536 	0.0571 	0.0554 	0.0522 	0.052 	0.0473 	0.0436 	0.0449 	0.0518 	0.0433 	0.0446 	0.0467 	0.0550 	0.0558 	0.0510 	0.0387 	0.0465 	0.0516 	0.0774 	0.0899 	0.1318 	0.0964 	0.0776 	0.0759 	0.0635 	0.0687 
S,E7000,MWH20000-69999,KWH,I_TAX,PPS,SI	: 	0.1002 	0.0953 	0.0969 	0.0894 	0.1048 	0.1035 	0.1071 	0.1082 	0.1104 	0.1149 	0.1158 	0.1149 	0.1136 	0.1043 	0.1046 	0.0976 	0.101 	0.0956 	0.0984 	0.0859 	0.0888 	0.0881 	0.0926 	0.0987 	0.1015 	0.1048 	0.1069 	0.1036 	0.1355 	0.2223 	0.2506 	0.2555 	0.2459 	0.1989 	0.2148 	0.1858 
S,E7000,MWH20000-69999,KWH,I_TAX,PPS,SK	: 	0.1489 	0.1736 	0.1675 	0.1934 	0.1916 	0.1743 	0.1731 	0.1863 	0.1825 	0.1921 	0.194 	0.1871 	0.1843 	0.1692 	0.171 	0.1684 	0.1708 	0.1572 	0.1699 	0.1537 	0.1558 	0.1586 	0.1556 	0.1685 	0.1679 	0.1693 	0.1668 	0.1698 	0.1982 	0.3079 	0.3827 	0.3587 	0.3328 	0.2399 	0.2717 	0.2549 
S,E7000,MWH20000-69999,KWH,I_TAX,PPS,TR	: 	0.1098 	0.1102 	0.141 	0.1352 	0.1392 	0.1435 	0.1435 	0.1241 	0.1264 	0.1374 	0.1505 	0.1518 	0.1489 	0.1464 	0.1459 	0.1485 	0.1496 	0.1499 	0.1499 	0.1224 	0.1252 	0.1208 	0.1745 	0.1614 	0.1877 	0.1664 	0.1692 	0.1923 	0.2365 	0.5253 	0.5778 	0.4163 	0.4128 	0.2918 	0.1999 	0.2095 
S,E7000,MWH20000-69999,KWH,I_TAX,PPS,UK	0.0952 	0.0907 	0.0933 	0.1126 	0.1177 	0.1016 	0.0942 	0.0871 	0.0946 	0.0967 	0.1089 	0.1111 	0.1163 	0.1181 	0.1229 	0.1217 	0.1273 	0.1272 	0.1267 	0.1287 	0.1226 	0.1249 	0.1258 	0.1313 	0.1365 	0.1425 	0.1464 	: 	: 	: 	: 	: 	: 	: 	: 	: 	: 
S,E7000,MWH20000-69999,KWH,X_TAX,EUR,AL	: 	: 	: 	: 	: 	: 	: 	: 	: 	: 	: 	: 	: 	: 	: 	: 	: 	: 	: 	: 	: 	: 	: 	: 	0.1040 e	: 	0.1037 e	0.1036 e	0.1039 e	0.1053 e	0.1057 	0.1097 	0.1135 e	0.1223 e	0.1252 	0.1292 e	0.1420 
S,E7000,MWH20000-69999,KWH,X_TAX,EUR,AT	: 	0.0653 	0.0691 	0.0794 	0.0833 	0.0826 	0.0763 	0.0766 	0.075 	0.074 	0.0713 	0.0708 	0.0666 	0.0662 	0.0638 	0.0598 	0.0551 	0.0569 	0.0511 	0.0519 	0.0477 	0.0502 	0.0522 	0.0570 	0.0626 	0.0630 	0.0645 	0.0679 	0.0717 	0.0948 	0.1571 	0.1950 	0.2251 	0.2072 	0.1470 	0.1546 	0.1388 
S,E7000,MWH20000-69999,KWH,X_TAX,EUR,BA	: 	: 	: 	: 	: 	: 	: 	: 	: 	: 	0.0471 	0.047 	0.0456 	0.0457 	0.0433 	0.043 	0.0446 	0.0447 	0.0451 	0.0445 	0.0449 	0.0447 	0.0484 	0.0512 	0.0504 	0.0561 	0.0559 	0.0555 	0.0586 	0.0574 	0.0673 	0.0905 	0.0846 	0.0846 	0.0881 	0.0876 	0.0937 
S,E7000,MWH20000-69999,KWH,X_TAX,EUR,BE	: 	0.0662 	0.0727 	0.0732 	0.0856 	0.0841 	0.0716 	0.0714 	0.0741 	0.0784 	0.0706 	0.0706 	0.0603 	0.0714 	0.0656 	0.0669 	0.0644 	0.0661 	0.0587 	0.0646 	0.0583 	0.0513 	0.0496 	0.0581 	0.0603 	0.0623 	0.0548 	0.0575 	0.0604 	0.0952 	0.1257 	0.1636 	0.1741 	0.1476 	0.1097 	0.1144 	0.1160 
S,E7000,MWH20000-69999,KWH,X_TAX,EUR,BG	: 	0.0424 	0.0404 	0.0511 	0.0527 	0.0511 	0.0522 	0.051 	0.0504 	0.0501 	0.0554 	0.0613 	0.061 	0.054 	0.0567 	0.057 	0.054 	0.0635 	0.0697 	0.0614 	0.0539 	0.063 	0.0672 	0.0667 	0.0741 	0.0766 	0.0708 	0.0728 	0.0720 	0.1595 	0.2115 	0.3200 	0.1616 	0.1263 	0.1052 	0.1513 	0.1332 
S,E7000,MWH20000-69999,KWH,X_TAX,EUR,CY	: 	0.1099 	0.1196 	0.1518 	0.0983 	0.1199 	0.128 	0.1415 	0.1382 	0.1792 	0.1962 	0.2057 	: 	0.1677 	0.1503 	0.1561 	0.1105 	0.1129 	0.0757 	0.1 	0.1078 	0.1131 	0.1152 	0.1576 	0.1206 	0.1378 	0.1111 	0.0996 	0.1059 	0.1338 	0.1598 	0.2370 	0.1878 	0.1898 	0.1761 	0.1821 	0.1583 
S,E7000,MWH20000-69999,KWH,X_TAX,EUR,CZ	: 	0.0668 	0.081 	0.0825 	0.0862 	0.0901 	0.0894 	0.0923 	0.1008 	0.0982 	0.0932 	0.0924 	0.0948 	0.0925 	0.0791 	0.0787 	0.0731 	0.0735 	0.065 	0.0638 	0.0595 	0.0611 	0.0620 	0.0639 	0.0661 	0.0672 	0.0689 	0.0681 	0.0710 	0.0736 	0.1562 	0.1878 	0.1889 	0.1771 	0.1549 	0.1650 	0.1521 
S,E7000,MWH20000-69999,KWH,X_TAX,EUR,DE	0.0667 	0.0724 	0.0791 	0.0798 	0.0788 	0.0754 	0.07 	0.0714 	0.0707 	0.0716 	0.072 	0.0711 	0.0702 	0.0695 	0.0637 	0.0627 	0.0595 	0.0639 	0.0546 	0.0528 	0.0493 	0.0459 	0.0501 	0.0516 	0.0582 	0.0513 	0.0531 	0.0602 	0.0644 	0.0786 	0.1391 	0.1744 	0.1702 	0.1573 	0.1482 	0.1509 	0.1346 
S,E7000,MWH20000-69999,KWH,X_TAX,EUR,DK	: 	0.0708 	0.0655 	0.0778 	0.0541 	0.0563 	0.065 	0.0693 	0.0703 	0.0613 	0.0557 	0.0537 	0.0571 	0.0547 	0.053 	0.0539 	0.0469 	0.0447 	0.0459 	0.0505 	0.0473 	0.0488 	0.0497 	0.0576 	0.0540 	0.0521 	0.0456 	0.0549 	0.0667 	0.1154 	0.1460 	0.2200 	0.1270 	0.1102 	0.1035 	0.1188 	0.1192 
S,E7000,MWH20000-69999,KWH,X_TAX,EUR,EA	0.0649 	0.0634 	0.0691 	0.0706 	0.0745 	0.0713 	0.0688 	0.0719 	0.0733 	0.074 	0.0752 	0.0755 	0.0731 	0.0731 	0.0689 	0.069 	0.0659 	0.0667 	0.0602 	0.0613 	0.0582 	0.0568 	0.0604 	0.0620 	0.0668 	0.0627 	0.0610 	0.0636 	0.0689 	0.0950 	0.1566 	0.1918 	0.1712 	0.1510 	0.1254 	0.1317 	0.1219 
S,E7000,MWH20000-69999,KWH,X_TAX,EUR,EE	: 	0.0332 	0.0353 	0.0394 	0.0419 	0.0397 	0.049 	0.055 	0.0585 	0.0618 	0.061 	0.0609 	0.0703 	0.0672 	0.063 	0.0637 	0.0612 	0.06 	0.0579 	0.0589 	0.0574 	0.0543 	0.0576 	0.0624 	0.0610 	0.0616 	0.0512 	0.0571 	0.0665 	0.1203 	0.1358 	0.2311 	0.1236 	0.1234 	0.1246 	0.1302 	0.1068 
S,E7000,MWH20000-69999,KWH,X_TAX,EUR,EL	: 	0.0606 	0.0654 	0.0724 	0.0739 	0.0651 	0.0664 	0.0658 	0.0672 	0.0684 	0.0749 	0.0773 	0.078 	0.0774 	0.0722 	0.0658 	0.0625 	0.0685 	0.0663 	0.0619 	0.0646 	0.0759 	0.0623 	0.0697 	0.0725 	0.0746 	0.0730 	0.0669 	0.0716 	0.1386 	0.2467 	0.3192 	0.1502 	0.1355 	0.1079 	0.1530 	0.1509 
S,E7000,MWH20000-69999,KWH,X_TAX,EUR,ES	: 	0.0662 	0.0682 	0.0743 	0.0794 	0.0783 	0.0722 	0.0727 	0.0751 	0.0773 	0.0834 	0.0835 	0.0821 	0.0827 	0.0748 	0.0792 	0.079 	0.0776 	0.0698 	0.0722 	0.0748 	0.0732 	0.0866 	0.0807 	0.0755 d	0.0685 	0.0598 	0.0624 	0.0695 	0.1060 	0.1905 	0.2075 	0.1260 	0.1134 	0.0905 	0.1064 	0.1017 
S,E7000,MWH20000-69999,KWH,X_TAX,EUR,EU27_2020	0.062 	0.0618 	0.0683 	0.0706 	0.0732 	0.071 	0.0695 	0.0721 	0.0738 	0.0733 	0.0744 	0.0745 	0.0726 	0.0719 	0.0675 	0.0675 	0.0647 	0.0651 	0.0595 	0.0605 	0.0569 	0.0560 	0.0590 	0.0610 	0.0662 	0.0621 	0.0607 	0.0631 	0.0673 	0.0921 	0.1484 	0.1857 	0.1655 	0.1462 	0.1219 	0.1289 	0.1200 
S,E7000,MWH20000-69999,KWH,X_TAX,EUR,FI	0.0392 	0.0405 	0.0502 	0.0543 	0.052 	0.0526 	0.0596 	0.0564 	0.0581 	0.0531 	0.0514 	0.0529 	0.0519 	0.0536 	0.0493 	0.0491 	0.0464 	0.0457 	0.0449 	0.047 	0.0447 	0.0458 	0.0466 	0.0517 	0.0497 	0.0516 	0.0437 	0.0495 	0.0532 	0.0724 	0.0866 	0.1301 	0.0804 	0.0678 	0.0757 d	0.0516 d	0.0535 
S,E7000,MWH20000-69999,KWH,X_TAX,EUR,FR	: 	0.0481 	0.0554 	0.0516 	0.0624 	0.0558 	0.0629 	0.0549 	0.0638 	0.0541 	0.0633 	0.0571 	0.0608 	0.0567 	0.0601 	0.0577 	0.0609 	0.0591 	0.0565 	0.0567 	0.0536 	0.0516 	0.0552 	0.0541 	0.0633 	0.0571 	0.0627 	0.0596 	0.0670 	0.0778 	0.1051 	0.1143 	0.1662 	0.1413 	0.1083 	0.1004 	0.0881 
S,E7000,MWH20000-69999,KWH,X_TAX,EUR,GE	: 	: 	: 	: 	: 	: 	: 	: 	: 	: 	: 	: 	: 	: 	: 	: 	: 	: 	: 	: 	: 	: 	0.0419 	0.0503 	0.0499 	0.0404 	0.0460 	0.0357 	0.0720 	0.0721 	: 	0.0929 	0.0933 	0.0908 	0.0000 	0.0769 	0.0000 
S,E7000,MWH20000-69999,KWH,X_TAX,EUR,HR	0.0408 	0.0451 	0.0523 	0.0585 	0.061 	0.0603 	0.0661 	0.0669 	0.0603 	0.0586 	0.0585 	0.0594 	0.0626 	0.0611 	0.0614 	0.0621 	0.0604 	0.0631 	0.0614 	0.0614 	0.0605 	0.0608 	0.0647 	0.0644 	0.0699 	0.0725 	0.0740 	0.0727 	0.0722 	0.0795 	0.0976 	0.1776 	0.2164 	0.1905 	0.1866 	0.1897 	0.1887 
S,E7000,MWH20000-69999,KWH,X_TAX,EUR,HU	: 	0.0723 	0.0865 	0.0964 	0.1108 	0.1034 	0.0808 	0.0844 	0.0995 	0.0926 	0.0881 	0.09 	0.0895 	0.0907 	0.0804 	0.0802 	0.0758 	0.0754 	0.0669 	0.0643 	0.0555 e	0.057 	0.0598 	0.0627 	0.0713 	0.0715 	0.0679 	0.0668 	0.0675 	0.0847 	0.1813 	0.2460 	0.2562 	0.2121 	0.1463 	0.1725 	0.1511 
S,E7000,MWH20000-69999,KWH,X_TAX,EUR,IE	: 	0.1094 	0.1191 	0.115 	0.0957 	0.0883 	0.0757 	0.0794 	0.0755 	0.0835 	0.0911 	0.107 	0.1024 	0.0998 	0.098 	0.0919 	0.0939 	0.0918 	0.0826 	0.0796 	0.0788 	0.0824 	0.0888 	0.0951 	0.0931 	0.0906 	0.0895 	0.0903 	0.1023 	0.1403 	0.1832 	0.2312 	0.2358 	0.2153 	0.2051 	0.2086 	0.2109 
S,E7000,MWH20000-69999,KWH,X_TAX,EUR,IS	: 	: 	: 	: 	: 	: 	: 	: 	: 	: 	: 	: 	: 	: 	: 	: 	: 	: 	: 	: 	: 	: 	: 	: 	: 	: @C	: 	: 	: 	: 	: 	: 	: 	: 	: 	: 	: 
S,E7000,MWH20000-69999,KWH,X_TAX,EUR,IT	: 	: 	: 	: 	: 	: 	: 	0.0958 	0.0905 	0.1022 	0.0931 	0.101 	0.0912 	0.0926 	0.0853 	0.0893 	0.0767 	0.0765 	0.0692 	0.0746 	0.0705 	0.0712 	0.0722 	0.0781 	0.0835 	0.0826 	0.0720 	0.0760 	0.0821 	0.1299 	0.2212 	0.2959 	0.1944 	0.1631 	0.1347 	0.1499 	0.1482 
S,E7000,MWH20000-69999,KWH,X_TAX,EUR,LI	: 	: 	: 	: 	: 	: 	: 	: 	: 	: 	: 	: 	: 	: 	: 	: 	: 	: 	: 	: 	0 	: 	: 	: 	: 	: 	: 	: 	: 	: 	: 	: 	: 	: 	: 	: 	: 
S,E7000,MWH20000-69999,KWH,X_TAX,EUR,LT	: 	0.0548 	0.0668 	0.0661 	0.0741 	0.0622 	0.0865 	0.082 	0.1002 	: 	0.116 	0.1162 	0.0993 	: 	0.0986 	0.0942 	0.0669 	0.0674 	0.0603 	0.0572 	0.0544 	0.0535 	0.0541 	0.0622 	0.0663 	0.0657 	0.0676 	0.0687 	0.0689 	0.0898 	0.1528 	0.2786 	0.1395 	0.1310 	0.1615 	0.1266 	0.1200 
S,E7000,MWH20000-69999,KWH,X_TAX,EUR,LU	: 	: 	: 	: 	0.0653 	0.0654 	0.066 	0.0668 	0.0609 	0.0609 	0.0635 	0.0634 	0.0606 	0.0607 	0.0586 	0.0588 	0.0509 	0.0493 	0.0437 	0.0462 	0.0396 	0.0389 	0.0408 	0.0425 	0.0438 	0.0450 	0.0440 	0.0475 	0.0506 	0.0672 	0.0910 	0.0879 	0.1621 	0.1602 	0.1546 	0.1172 	0.1177 
S,E7000,MWH20000-69999,KWH,X_TAX,EUR,LV	: 	0.0447 	0.052 	0.0686 	0.0823 	0.0767 	0.0809 	0.0831 	0.0892 	0.0995 	0.0948 	0.08 	0.0853 	0.08 	0.0818 	0.0762 	0.0737 	0.0701 	0.0733 	0.0734 	0.072 	0.0692 	0.0558 	0.0570 	0.0604 	0.0619 	0.0584 	0.0574 	0.0608 	0.0934 	0.1450 	0.2856 	0.1988 	0.1790 	0.1092 	0.1046 	0.0976 
S,E7000,MWH20000-69999,KWH,X_TAX,EUR,MD	: 	: 	: 	: 	: 	: 	: 	: 	: 	: 	: 	: 	: 	: 	: 	: 	: 	: 	: 	: 	: 	: 	: 	: 	: 	0.0681 	0.0688 	0.0594 	0.0538 	0.0500 	0.0748 	0.1393 	0.1310 	0.1036 	0.0864 	0.0845 	0.1636 
S,E7000,MWH20000-69999,KWH,X_TAX,EUR,ME	: 	: 	: 	: 	: 	: 	: 	: 	: @C	: @C	0.0497 	0.0581 	0.0605 	0.061 	0.0565 	0.0518 	0.0513 	0.0506 	0.0496 	0.0539 	0.045 	: 	0.0421 	0.0375 	0.0483 	0.0444 	0.0421 	0.0359 	0.0497 	: 	0.0504 	0.0545 	0.0510 	0.0481 	0.0482 	0.0449 	0.0485 p
S,E7000,MWH20000-69999,KWH,X_TAX,EUR,MK	: 	: 	: 	: 	: 	: 	: 	: 	: 	: 	: 	0.0561 	0.0526 	0.0466 	: @C	: @C	0.0611 	0.0599 	0.0515 	0.0587 	0.0544 	0.0541 	0.0626 	0.0660 	0.0684 	0.0692 	0.0646 	0.0649 	0.0669 	0.1010 	0.1908 	0.3216 	0.1494 	0.1173 	0.0823 	0.1286 	0.1201 
S,E7000,MWH20000-69999,KWH,X_TAX,EUR,MT	: 	0.058 	0.0581 	0.1323 	0.123 	0.086 	0.135 	0.138 	0.137 	0.136 	0.138 	0.138 	0.139 	0.137 	0.136 	0.144 	0.1275 	0.1121 	0.1113 	0.1135 	0.0989 	0.1009 	0.0989 	0.0835 	0.1062 	0.1064 	0.1014 	0.1049 	0.1056 	0.1083 	0.0876 	0.1001 	0.1042 	0.1080 	0.1035 	0.1001 	0.1032 p
S,E7000,MWH20000-69999,KWH,X_TAX,EUR,NL	0.076 	0.0753 	0.0755 	0.0802 	0.0842 	0.0831 	0.0693 	0.0711 	0.0683 	0.0699 	0.0671 	0.0709 	0.071 	0.0742 	0.0672 	0.0669 	0.0636 	0.0628 	0.0567 	0.0581 	0.0450 	0.0440 	0.0470 	0.0500 	0.0530 	0.0520 	0.0529 	0.0546 	0.0545 	0.0778 	0.1258 	0.1532 	0.1854 	0.1641 	0.1242 	0.1276 	0.1109 
S,E7000,MWH20000-69999,KWH,X_TAX,EUR,NO	: 	0.0406 	0.0395 	0.0512 	0.0474 	0.0437 	0.0677 	0.057 	0.0711 	0.0488 	0.0457 	0.0439 	0.0512 	0.0459 	0.0374 	0.0396 	0.0338 	0.0298 	0.0347 	0.0401 	0.0395 	0.04 	0.0486 	0.0596 	0.0543 	0.0463 	0.0252 	0.0203 	0.0516 	0.0855 	0.1159 	0.1734 	0.0861 	0.0556 	0.0579 	0.0435 	0.0560 
S,E7000,MWH20000-69999,KWH,X_TAX,EUR,PL	: 	0.047 	0.0669 	0.0705 	0.0709 	0.0756 	0.0742 	0.0755 	0.0761 	0.0699 	0.0727 	0.0758 	0.0688 	0.0647 	0.0594 	0.0611 	0.0657 	0.0635 	0.0608 	0.0597 	0.0513 	0.0516 	0.0516 	0.0532 	0.0659 	0.0565 	0.0636 	0.0629 	0.0567 	0.0552 	0.0803 	0.0971 	0.1335 	0.1264 	0.0992 	0.1127 	0.1058 
S,E7000,MWH20000-69999,KWH,X_TAX,EUR,PT	: 	0.0554 	0.0566 	0.0579 	0.0667 	0.0684 	0.065 	0.0648 	0.0656 	0.0682 	0.0815 	0.0802 	0.0802 	0.0818 	0.0734 	0.0767 	0.0738 	0.0749 	0.0683 	0.07 	0.0672 	0.0666 	0.0641 	0.0693 	0.0706 	0.0660 	0.0607 	0.0602 	0.0661 	0.1016 	0.1795 	0.1613 	0.1282 	0.1154 	0.0780 	0.1059 	0.0945 
S,E7000,MWH20000-69999,KWH,X_TAX,EUR,RO	: 	0.0638 	0.0699 	0.0683 	0.0663 	0.0625 	0.0646 	0.0615 	0.0628 	0.064 	0.0675 	0.0607 	0.0674 	0.062 	0.0606 	0.0533 	0.0533 	0.0526 	0.0484 	0.0516 	0.0518 	0.0533 	0.0591 	0.0635 	0.0716 	0.0741 	0.0756 	0.0713 	0.0690 	0.1172 	0.1595 d	0.2597 d	0.1513 	0.1424 	0.1318 	0.1455 	0.1422 
S,E7000,MWH20000-69999,KWH,X_TAX,EUR,RS	: 	: 	: 	: 	: 	: 	: 	: 	: 	: 	: 	: 	0.048 	0.0494 	0.0442 	0.0552 	0.0522 	0.0568 	0.0542 	0.0411 	0.0508 	0.0496 	0.0548 	0.0548 	0.0622 	0.0609 	0.0651 	0.0650 	0.0631 	0.0649 	0.0734 	0.0801 	0.1140 	0.1248 	0.1261 	0.1104 	0.1106 
S,E7000,MWH20000-69999,KWH,X_TAX,EUR,SE	0.0466 	0.0521 	0.0549 	0.0615 	0.0522 	0.0555 	0.0693 	0.0689 	0.0713 	0.061 	0.0622 	0.0577 	0.0619 	0.0583 	0.0547 	0.0528 	0.0475 	0.0441 	0.0457 	0.0509 	0.046 	0.0471 	0.0441 	0.0515 	0.0522 	0.0467 	0.0379 	0.0472 	0.0531 	0.0796 	0.0897 	0.1282 	0.0912 	0.0716 	0.0720 	0.0593 	0.0661 
S,E7000,MWH20000-69999,KWH,X_TAX,EUR,SI	: 	0.0616 	0.0619 	0.0627 	0.061 	0.0716 	0.0663 	0.0664 	0.0671 	0.0702 	0.0708 	0.0713 	0.0663 	0.0657 	0.0604 	0.0605 	0.0563 	0.0568 	0.0528 	0.0533 	0.0501 	0.0517 	0.0528 	0.0557 	0.0598 	0.0615 	0.0642 	0.0656 	0.0631 	0.0844 	0.1469 	0.1788 	0.1892 	0.1635 	0.1339 	0.1445 	0.1259 
S,E7000,MWH20000-69999,KWH,X_TAX,EUR,SK	: 	0.0848 	0.0968 	0.0986 	0.1097 	0.1087 	0.0966 	0.0959 	0.1024 	0.1002 	0.105 	0.106 	0.1015 	0.0998 	0.0894 	0.0904 	0.089 	0.088 	0.0812 	0.0875 	0.0586 	0.06 	0.0639 	0.0614 	0.0741 	0.0737 	0.0792 	0.0775 	0.0793 	0.0991 	0.1849 	0.2338 	0.2139 	0.1861 	0.1392 	0.1584 	0.1441 
S,E7000,MWH20000-69999,KWH,X_TAX,EUR,TR	: 	0.0545 	0.0542 	0.0682 	0.0622 	0.0633 	0.0714 	0.0732 	0.0605 	0.0553 	0.0664 	0.0741 	0.0766 	0.0669 	0.0643 	0.0664 	0.0673 	0.0601 	0.0626 	0.0596 	0.0512 	0.0479 	0.0480 	0.0534 	0.0585 	0.0680 	0.0626 	0.0509 	0.0542 	0.0714 	0.1134 	0.1908 	0.1204 	0.0848 	0.0783 	0.0816 	0.0766 
S,E7000,MWH20000-69999,KWH,X_TAX,EUR,UA	: 	: 	: 	: 	: 	: 	: 	: 	: 	: 	: 	: 	: 	: 	: 	: 	: 	: 	0.0488 	0.0583 	0.0545 	0.0508 d	0.0540 	0.0547 	0.0621 	0.0659 	0.0513 	0.0497 	0.0549 	: 	: 	: 	: 	: 	: 	: 	: 
S,E7000,MWH20000-69999,KWH,X_TAX,EUR,UK	0.0928 	0.0885 	0.083 	0.0953 	0.0974 	0.0843 	0.0809 	0.0772 	0.0815 	0.0833 	0.0977 	0.1027 	0.1034 	0.1052 	0.1147 	0.1176 	0.1073 	0.1084 	0.0931 	0.0856 	0.0995 	0.0958 	0.0954 	0.0979 	0.0868 	0.0876 	0.0910 	: 	: 	: 	: 	: 	: 	: 	: 	: 	: 
S,E7000,MWH20000-69999,KWH,X_TAX,EUR,XK	: 	: 	: 	: 	: 	: 	: 	: 	: 	: 	: 	: 	0.037 	0.0409 	0.0408 	0.0439 	0.0434 	0.0453 	0.0432 	0.0429 	: @C	: @C	: @C	: @C	: @C	: @C	: @C	: @C	: @C	: @C	: @C	: @C	: @C	: 	: @C	: @C	: 
S,E7000,MWH20000-69999,KWH,X_TAX,NAC,AL	: 	: 	: 	: 	: 	: 	: 	: 	: 	: 	: 	: 	: 	: 	: 	: 	: 	: 	: 	: 	: 	: 	: 	: 	12.8800 e	: 	12.8300 e	12.8300 e	12.8100 e	12.8100 e	12.8100 	12.8100 	12.8100 e	12.8100 e	12.8100 	12.8100 e	14.0000 
S,E7000,MWH20000-69999,KWH,X_TAX,NAC,AT	: 	0.0653 	0.0691 	0.0794 	0.0833 	0.0826 	0.0763 	0.0766 	0.075 	0.074 	0.0713 	0.0708 	0.0666 	0.0662 	0.0638 	0.0598 	0.0551 	0.0569 	0.0511 	0.0519 	0.0477 	0.0502 	0.0522 	0.0570 	0.0626 	0.0630 	0.0645 	0.0679 	0.0717 	0.0948 	0.1571 	0.1950 	0.2251 	0.2072 	0.1470 	0.1546 	0.1388 
S,E7000,MWH20000-69999,KWH,X_TAX,NAC,BA	: 	: 	: 	: 	: 	: 	: 	: 	: 	: 	0.0924 	0.0922 	0.0894 	0.0896 	0.0848 	0.0843 	0.0872 	0.0875 	0.0882 	0.0871 	0.0879 	0.0874 	0.0946 	0.1002 	0.0986 	0.1098 	0.1093 	0.1085 	0.1147 	0.1123 	0.1317 	0.1770 	0.1654 	0.1654 	0.1723 	0.1713 	0.1833 
S,E7000,MWH20000-69999,KWH,X_TAX,NAC,BE	: 	0.0662 	0.0727 	0.0732 	0.0856 	0.0841 	0.0716 	0.0714 	0.0741 	0.0784 	0.0706 	0.0706 	0.0603 	0.0714 	0.0656 	0.0669 	0.0644 	0.0661 	0.0587 	0.0646 	0.0583 	0.0513 	0.0496 	0.0581 	0.0603 	0.0623 	0.0548 	0.0575 	0.0604 	0.0952 	0.1257 	0.1636 	0.1741 	0.1476 	0.1097 	0.1144 	0.1160 
S,E7000,MWH20000-69999,KWH,X_TAX,NAC,BG	: 	0.083 	0.079 	0.1 	0.103 	0.1 	0.102 	0.0998 	0.0986 	0.0979 	0.1083 	0.1199 	0.1194 	0.1057 	0.1108 	0.1114 	0.1056 	0.1242 	0.1363 	0.12 	0.1055 	0.1232 	0.1315 	0.1305 	0.1449 	0.1498 	0.1384 	0.1423 	0.1409 	0.3120 	0.4137 	0.6259 	0.3161 	0.2470 	0.2057 	0.2960 	0.2606 
S,E7000,MWH20000-69999,KWH,X_TAX,NAC,CY	: 	0.0642 	0.1196 	0.1518 	0.0983 	0.1199 	0.128 	0.1415 	0.1382 	0.1792 	0.1962 	0.2057 	: 	0.1677 	0.1503 	0.1561 	0.1105 	0.1129 	0.0757 	0.1 	0.1078 	0.1131 	0.1152 	0.1576 	0.1206 	0.1378 	0.1111 	0.0996 	0.1059 	0.1338 	0.1598 	0.2370 	0.1878 	0.1898 	0.1761 	0.1821 	0.1583 
S,E7000,MWH20000-69999,KWH,X_TAX,NAC,CZ	: 	1.83 	2.04 	2.04 	2.34 	2.32 	2.299 	2.295 	2.455 	2.4388 	2.3476 	2.3212 	2.4352 	2.4284 	2.1716 	2.173 	2.0092 	1.9898 	1.757 	1.7242 	1.5942 	1.5794 	1.5821 	1.6482 	1.6973 	1.7245 	1.8159 	1.8083 	1.8350 	1.8724 	3.8500 	4.5972 	4.4749 	4.3083 	3.8758 	4.1611 	3.8017 
S,E7000,MWH20000-69999,KWH,X_TAX,NAC,DE	0.0667 	0.0724 	0.0791 	0.0798 	0.0788 	0.0754 	0.07 	0.0714 	0.0707 	0.0716 	0.072 	0.0711 	0.0702 	0.0695 	0.0637 	0.0627 	0.0595 	0.0639 	0.0546 	0.0528 	0.0493 	0.0459 	0.0501 	0.0516 	0.0582 	0.0513 	0.0531 	0.0602 	0.0644 	0.0786 	0.1391 	0.1744 	0.1702 	0.1573 	0.1482 	0.1509 	0.1346 
S,E7000,MWH20000-69999,KWH,X_TAX,NAC,DK	: 	0.5271 	0.4886 	0.5803 	0.4028 	0.4187 	0.4841 	0.5165 	0.5241 	0.4564 	0.4138 	0.4 	0.4259 	0.4083 	0.3956 	0.4015 	0.3499 	0.3338 	0.342 	0.3758 	0.352 	0.3631 	0.3705 	0.4293 	0.4032 	0.3891 	0.3407 	0.4089 	0.4963 	0.8586 	1.0863 	1.6365 	0.9456 	0.8214 	0.7722 	0.8862 	0.8893 
S,E7000,MWH20000-69999,KWH,X_TAX,NAC,EA	: 	0.0683 	0.0735 	0.0757 	0.0779 	0.0745 	0.0718 	0.072 	0.0731 	0.0739 	0.075 	0.0753 	0.073 	0.0731 	0.0687 	0.0689 	0.0659 	0.0667 	0.0602 	0.0613 	: 	: 	: 	: 	: 	: 	: 	: 	: 	: 	: 	: 	: 	: 	: 	: 	: 
S,E7000,MWH20000-69999,KWH,X_TAX,NAC,EE	: 	0.52 	0.552 	0.617 	0.656 	0.621 	0.766 	0.861 	0.0585 	0.0618 	0.061 	0.0609 	0.0703 	0.0672 	0.063 	0.0637 	0.0612 	0.06 	0.0579 	0.0589 	0.0574 	0.0543 	0.0576 	0.0624 	0.0610 	0.0616 	0.0512 	0.0571 	0.0665 	0.1203 	0.1358 	0.2311 	0.1236 	0.1234 	0.1246 	0.1302 	0.1068 
S,E7000,MWH20000-69999,KWH,X_TAX,NAC,EL	: 	0.0606 	0.0654 	0.0724 	0.0739 	0.0651 	0.0664 	0.0658 	0.0672 	0.0684 	0.0749 	0.0773 	0.078 	0.0774 	0.0722 	0.0658 	0.0625 	0.0685 	0.0663 	0.0619 	0.0646 	0.0759 	0.0623 	0.0697 	0.0725 	0.0746 	0.0730 	0.0669 	0.0716 	0.1386 	0.2467 	0.3192 	0.1502 	0.1355 	0.1079 	0.1530 	0.1509 
S,E7000,MWH20000-69999,KWH,X_TAX,NAC,ES	: 	0.0662 	0.0682 	0.0743 	0.0794 	0.0783 	0.0722 	0.0727 	0.0751 	0.0773 	0.0834 	0.0835 	0.0821 	0.0827 	0.0748 	0.0792 	0.079 	0.0776 	0.0698 	0.0722 	0.0748 	0.0732 	0.0866 	0.0807 	0.0755 d	0.0685 	0.0598 	0.0624 	0.0695 	0.1060 	0.1905 	0.2075 	0.1260 	0.1134 	0.0905 	0.1064 	0.1017 
S,E7000,MWH20000-69999,KWH,X_TAX,NAC,FI	0.0392 	0.0405 	0.0502 	0.0543 	0.052 	0.0526 	0.0596 	0.0564 	0.0581 	0.0531 	0.0514 	0.0529 	0.0519 	0.0536 	0.0493 	0.0491 	0.0464 	0.0457 	0.0449 	0.047 	0.0447 	0.0458 	0.0466 	0.0517 	0.0497 	0.0516 	0.0437 	0.0495 	0.0532 	0.0724 	0.0866 	0.1301 	0.0804 	0.0678 	0.0757 d	0.0516 d	0.0535 
S,E7000,MWH20000-69999,KWH,X_TAX,NAC,FR	: 	0.0481 	0.0554 	0.0516 	0.0624 	0.0558 	0.0629 	0.0549 	0.0638 	0.0541 	0.0633 	0.0571 	0.0608 	0.0567 	0.0601 	0.0577 	0.0609 	0.0591 	0.0565 	0.0567 	0.0536 	0.0516 	0.0552 	0.0541 	0.0633 	0.0571 	0.0627 	0.0596 	0.0670 	0.0778 	0.1051 	0.1143 	0.1662 	0.1413 	0.1083 	0.1004 	0.0881 
S,E7000,MWH20000-69999,KWH,X_TAX,NAC,GE	: 	: 	: 	: 	: 	: 	: 	: 	: 	: 	: 	: 	: 	: 	: 	: 	: 	: 	: 	: 	: 	: 	0.1251 	0.1508 	0.1525 	0.1315 	0.1536 	0.1341 	0.2883 	0.2617 	: 	0.2617 	0.2618 	0.2612 	0.0000 	0.2278 	0.0000 
S,E7000,MWH20000-69999,KWH,X_TAX,NAC,HR	0.3 	0.33 	0.38 	0.42 	0.45 	0.44 	0.48 	0.489 	0.446 	0.438 	0.4414 	0.4457 	0.4739 	0.4635 	0.4684 	0.475 	0.4607 	0.4797 	0.4641 	0.4609 	0.4509 	0.455 	0.4799 	0.4781 	0.5190 	0.5375 	0.5577 	0.5481 	0.5451 	0.5966 	0.7359 	1.3382 	0.2164 	0.1905 	0.1866 	0.1897 	0.1887 
S,E7000,MWH20000-69999,KWH,X_TAX,NAC,HU	: 	18.25 	21.94 	24.08 	32.1345 	28.04 	21.95 	23.56 	26.8071 	26.7984 	26.034 	25.4703 	26.4961 	26.9919 	24.6702 	24.8962 	23.2931 	23.5468 	20.9099 	19.9485 	17.1685 e	17.6115 	18.7978 	20.2993 	22.8633 	23.5968 	23.4508 	23.8651 	24.1476 	30.4077 	68.0255 	100.1443 	97.5061 	81.1990 	57.0159 	69.1368 	61.1443 
S,E7000,MWH20000-69999,KWH,X_TAX,NAC,IE	: 	0.1094 	0.1191 	0.115 	0.0957 	0.0883 	0.0757 	0.0794 	0.0755 	0.0835 	0.0911 	0.107 	0.1024 	0.0998 	0.098 	0.0919 	0.0939 	0.0918 	0.0826 	0.0796 	0.0788 	0.0824 	0.0888 	0.0951 	0.0931 	0.0906 	0.0895 	0.0903 	0.1023 	0.1403 	0.1832 	0.2312 	0.2358 	0.2153 	0.2051 	0.2086 	0.2109 
S,E7000,MWH20000-69999,KWH,X_TAX,NAC,IS	: 	: 	: 	: 	: 	: 	: 	: 	: 	: 	: 	: 	: 	: 	: 	: 	: 	: 	: 	: 	: 	: 	: 	: 	: 	: @C	: 	: 	: 	: 	: 	: 	: 	: 	: 	: 	: 
S,E7000,MWH20000-69999,KWH,X_TAX,NAC,IT	: 	: 	: 	: 	: 	: 	: 	0.0958 	0.0905 	0.1022 	0.0931 	0.101 	0.0912 	0.0926 	0.0853 	0.0893 	0.0767 	0.0765 	0.0692 	0.0746 	0.0705 	0.0712 	0.0722 	0.0781 	0.0835 	0.0826 	0.0720 	0.0760 	0.0821 	0.1299 	0.2212 	0.2959 	0.1944 	0.1631 	0.1347 	0.1499 	0.1482 
S,E7000,MWH20000-69999,KWH,X_TAX,NAC,LI	: 	: 	: 	: 	: 	: 	: 	: 	: 	: 	: 	: 	: 	: 	: 	: 	: 	: 	: 	: 	0 	: 	: 	: 	: 	: 	: 	: 	: 	: 	: 	: 	: 	: 	: 	: 	: 
S,E7000,MWH20000-69999,KWH,X_TAX,NAC,LT	: 	0.1893 	0.2306 	0.2283 	0.2558 	0.2149 	0.2985 	0.2832 	0.3461 	: 	0.4004 	0.4013 	0.3429 	: 	0.3403 	0.3253 	0.0669 	0.0674 	0.0603 	0.0572 	0.0544 	0.0535 	0.0541 	0.0622 	0.0663 	0.0657 	0.0676 	0.0687 	0.0689 	0.0898 	0.1528 	0.2786 	0.1395 	0.1310 	0.1615 	0.1266 	0.1200 
S,E7000,MWH20000-69999,KWH,X_TAX,NAC,LU	: 	: 	: 	: 	0.0653 	0.0654 	0.066 	0.0668 	0.0609 	0.0609 	0.0635 	0.0634 	0.0606 	0.0607 	0.0586 	0.0588 	0.0509 	0.0493 	0.0437 	0.0462 	0.0396 	0.0389 	0.0408 	0.0425 	0.0438 	0.0450 	0.0440 	0.0475 	0.0506 	0.0672 	0.0910 	0.0879 	0.1621 	0.1602 	0.1546 	0.1172 	0.1177 
S,E7000,MWH20000-69999,KWH,X_TAX,NAC,LV	: 	0.0313 	0.0363 	0.0485 	0.0581 	0.0541 	0.0573 	0.0589 	0.0631 	0.0702 	0.0662 	0.0557 	0.0597 	0.0562 	0.0818 	0.0762 	0.0737 	0.0701 	0.0733 	0.0734 	0.072 	0.0692 	0.0558 	0.0570 	0.0604 	0.0619 	0.0584 	0.0574 	0.0608 	0.0934 	0.1450 	0.2856 	0.1988 	0.1790 	0.1092 	0.1046 	0.0976 
S,E7000,MWH20000-69999,KWH,X_TAX,NAC,MD	: 	: 	: 	: 	: 	: 	: 	: 	: 	: 	: 	: 	: 	: 	: 	: 	: 	: 	: 	: 	: 	: 	: 	: 	: 	1.3300 	1.3400 	1.1900 	1.1465 	1.0274 	1.5100 	2.7300 	2.6044 	2.0100 	1.6600 	1.6300 	3.1900 
S,E7000,MWH20000-69999,KWH,X_TAX,NAC,ME	: 	: 	: 	: 	: 	: 	: 	: 	: @C	: @C	0.0497 	0.0581 	0.0605 	0.061 	0.0565 	0.0518 	0.0513 	0.0506 	0.0496 	0.0539 	0.045 	: 	0.0421 	0.0375 	0.0483 	0.0444 	0.0421 	0.0359 	0.0497 	: 	0.0504 	0.0545 	0.0510 	0.0481 	0.0482 	0.0449 	0.0485 p
S,E7000,MWH20000-69999,KWH,X_TAX,NAC,MK	: 	: 	: 	: 	: 	: 	: 	: 	: 	: 	: 	3.4535 	3.2437 	2.8658 	: @C	: @C	3.7618 	3.6894 	3.1782 	3.6097 	3.3541 	3.3285 	3.8514 	4.0607 	4.2049 	4.2549 	3.9806 	4.0048 	4.1247 	6.2237 	11.7708 	19.8018 	9.2050 	7.2118 	5.0636 	7.9103 	7.3982 
S,E7000,MWH20000-69999,KWH,X_TAX,NAC,MT	: 	0.0249 	0.0581 	0.1323 	0.123 	0.086 	0.135 	0.138 	0.137 	0.136 	0.138 	0.138 	0.139 	0.137 	0.136 	0.144 	0.1275 	0.1121 	0.1113 	0.1135 	0.0989 	0.1009 	0.0989 	0.0835 	0.1062 	0.1064 	0.1014 	0.1049 	0.1056 	0.1083 	0.0876 	0.1001 	0.1042 	0.1080 	0.1035 	0.1001 	0.1032 p
S,E7000,MWH20000-69999,KWH,X_TAX,NAC,NL	0.076 	0.0753 	0.0755 	0.0802 	0.0842 	0.0831 	0.0693 	0.0711 	0.0683 	0.0699 	0.0671 	0.0709 	0.071 	0.0742 	0.0672 	0.0669 	0.0636 	0.0628 	0.0567 	0.0581 	0.0450 	0.0440 	0.0470 	0.0500 	0.0530 	0.0520 	0.0529 	0.0546 	0.0545 	0.0778 	0.1258 	0.1532 	0.1854 	0.1641 	0.1242 	0.1276 	0.1109 
S,E7000,MWH20000-69999,KWH,X_TAX,NAC,NO	: 	0.321 	0.314 	0.4348 	0.422 	0.3746 	0.5418 	0.4563 	0.556 	0.3789 	0.3463 	0.3236 	0.3854 	0.3712 	0.3095 	0.3337 	0.2927 	0.2755 	0.3266 	0.3677 	0.3626 	0.379 	0.4658 	0.5719 	0.5286 	0.4614 	0.2710 	0.2177 	0.5246 	0.8680 	1.1570 	1.7730 	0.9748 	0.6408 	0.6653 	0.5119 	0.6530 
S,E7000,MWH20000-69999,KWH,X_TAX,NAC,PL	: 	0.175 	0.2337 	0.2493 	0.3171 	0.3163 	0.2969 	0.3011 	0.301 	0.2998 	0.3087 	0.3127 	0.2874 	0.2729 	0.2482 	0.2562 	0.2722 	0.2685 	0.2657 	0.2602 	0.2191 	0.219 	0.2180 	0.2289 	0.2830 	0.2430 	0.2805 	0.2815 	0.2574 	0.2535 	0.3724 	0.4598 	0.6169 	0.5638 	0.4284 	0.4843 	0.4479 
S,E7000,MWH20000-69999,KWH,X_TAX,NAC,PT	: 	0.0554 	0.0566 	0.0579 	0.0667 	0.0684 	0.065 	0.0648 	0.0656 	0.0682 	0.0815 	0.0802 	0.0802 	0.0818 	0.0734 	0.0767 	0.0738 	0.0749 	0.0683 	0.07 	0.0672 	0.0666 	0.0641 	0.0693 	0.0706 	0.0660 	0.0607 	0.0602 	0.0661 	0.1016 	0.1795 	0.1613 	0.1282 	0.1154 	0.0780 	0.1059 	0.0945 
S,E7000,MWH20000-69999,KWH,X_TAX,NAC,RO	: 	0.2132 	0.2566 	0.2523 	0.2807 	0.2654 	0.2679 	0.2629 	0.2623 	0.2751 	0.2966 	0.275 	0.2959 	0.2755 	0.2704 	0.2357 	0.2372 	0.2336 	0.2176 	0.2316 	0.2352 	0.2452 	0.2749 	0.2956 	0.3393 	0.3518 	0.3641 	0.3463 	0.3381 	0.5792 	0.7888 d	1.2769 d	0.7467 	0.7063 	0.6558 	0.7239 	0.7116 
S,E7000,MWH20000-69999,KWH,X_TAX,NAC,RS	: 	: 	: 	: 	: 	: 	: 	: 	: 	: 	: 	: 	5.3755 	5.6405 	5.1089 	6.5607 	6.3138 	6.8497 	6.6584 	5.0619 	6.2699 	5.9285 	6.4790 	6.4841 	7.3418 	7.1682 	7.6563 	7.6409 	7.4143 	7.6328 	8.6357 	9.3971 	13.3675 	14.6228 	14.7675 	12.9251 	12.9596 
S,E7000,MWH20000-69999,KWH,X_TAX,NAC,SE	0.43 	0.483 	0.515 	0.606 	0.567 	0.577 	0.678 	0.641 	0.637 	0.5561 	0.5523 	0.4923 	0.5278 	0.5115 	0.4901 	0.4878 	0.4436 	0.4131 	0.4254 	0.4908 	0.4412 	0.4554 	0.4475 	0.5341 	0.5489 	0.4979 	0.4042 	0.4874 	0.5375 	0.8084 	0.9399 	1.3813 	1.0335 	0.8324 	0.8199 	0.6800 	0.7336 
S,E7000,MWH20000-69999,KWH,X_TAX,NAC,SI	: 	0.0616 	0.0619 	0.0627 	0.061 	0.0716 	0.0663 	0.0664 	0.0671 	0.0702 	0.0708 	0.0713 	0.0663 	0.0657 	0.0604 	0.0605 	0.0563 	0.0568 	0.0528 	0.0533 	0.0501 	0.0517 	0.0528 	0.0557 	0.0598 	0.0615 	0.0642 	0.0656 	0.0631 	0.0844 	0.1469 	0.1788 	0.1892 	0.1635 	0.1339 	0.1445 	0.1259 
S,E7000,MWH20000-69999,KWH,X_TAX,NAC,SK	: 	2.84 	3.12 	2.99 	0.1097 	0.1087 	0.0966 	0.0959 	0.1024 	0.1002 	0.105 	0.106 	0.1015 	0.0998 	0.0894 	0.0904 	0.089 	0.088 	0.0812 	0.0875 	0.0586 	0.06 	0.0639 	0.0614 	0.0741 	0.0737 	0.0792 	0.0775 	0.0793 	0.0991 	0.1849 	0.2338 	0.2139 	0.1861 	0.1392 	0.1584 	0.1441 
S,E7000,MWH20000-69999,KWH,X_TAX,NAC,TR	: 	0.0953 	0.1023 	0.1312 	0.1338 	0.1377 	0.1444 	0.1444 	0.1336 	0.1363 	0.1551 	0.1699 	0.1824 	0.1795 	0.1907 	0.1891 	0.1927 	0.1911 	0.204 	0.2043 	0.2018 	0.206 	0.2381 	0.3438 	0.3717 	0.4328 	0.4477 	0.4543 	0.5165 	0.8180 	1.8438 	3.5368 	2.5995 	2.5390 	2.6822 	3.0071 	3.1490 
S,E7000,MWH20000-69999,KWH,X_TAX,NAC,UA	: 	: 	: 	: 	: 	: 	: 	: 	: 	: 	: 	: 	: 	: 	: 	: 	: 	: 	1.39 	1.64 	1.58 	1.58 d	1.7500 	1.7422 	1.8881 	1.8112 	1.4663 	1.6374 	1.8391 	: 	: 	: 	: 	: 	: 	: 	: 
S,E7000,MWH20000-69999,KWH,X_TAX,NAC,UK	0.0626 	0.0614 	0.0643 	0.0779 	0.0871 	0.0749 	0.0704 	0.0653 	0.0708 	0.0723 	0.0803 	0.0821 	0.088 	0.0892 	0.0942 	0.0931 	0.0786 	0.078 	0.0725 	0.0736 	0.0856 	0.0855 	0.0839 	0.0871 	0.0758 	0.0772 	0.0796 	: 	: 	: 	: 	: 	: 	: 	: 	: 	: 
S,E7000,MWH20000-69999,KWH,X_TAX,NAC,XK	: 	: 	: 	: 	: 	: 	: 	: 	: 	: 	: 	: 	0.037 	0.0409 	0.0408 	0.0439 	0.0434 	0.0453 	0.0432 	0.0429 	: @C	: @C	: @C	: @C	: @C	: @C	: @C	: @C	: @C	: @C	: @C	: @C	: @C	: 	: @C	: @C	: 
S,E7000,MWH20000-69999,KWH,X_TAX,PPS,AL	: 	: 	: 	: 	: 	: 	: 	: 	: 	: 	: 	: 	: 	: 	: 	: 	: 	: 	: 	: 	: 	: 	: 	: 	0.2092 e	: 	0.2017 e	0.2017 e	0.1990 e	0.1990 e	0.1998 	0.1998 	0.2010 e	0.2014 e	0.2036 	0.2048 e	0.2253 
S,E7000,MWH20000-69999,KWH,X_TAX,PPS,AT	: 	0.0611 	0.0633 	0.0728 	0.0742 	0.0736 	0.0692 	0.0695 	0.0677 	0.0668 	0.0647 	0.0642 	0.0596 	0.0592 	0.0577 	0.0541 	0.0499 	0.0524 	0.0479 	0.0486 	0.0423 	0.0445 	0.0463 	0.0506 	0.0551 	0.0554 	0.0564 	0.0594 	0.0627 	0.0821 	0.1360 	0.1709 	0.2005 	0.1845 	0.1298 	0.1364 	0.1209 
S,E7000,MWH20000-69999,KWH,X_TAX,PPS,BA	: 	: 	: 	: 	: 	: 	: 	: 	: 	: 	0.0979 	0.0977 	0.0937 	0.094 	0.0897 	0.0892 	0.0923 	0.0949 	0.0954 	0.0941 	0.0887 	0.0882 	0.0951 	0.1007 	0.0981 	0.1093 	0.1091 	0.1083 	0.1145 	0.1104 	0.1295 	0.1738 	0.1554 	0.1528 	0.1615 	0.1596 	0.1588 
S,E7000,MWH20000-69999,KWH,X_TAX,PPS,BE	: 	0.0606 	0.065 	0.0655 	0.075 	0.0737 	0.0646 	0.0644 	0.0668 	0.0706 	0.0637 	0.0637 	0.0536 	0.0634 	0.0591 	0.0603 	0.058 	0.0599 	0.0542 	0.0604 	0.0516 	0.0454 	0.0440 	0.0515 	0.0534 	0.0552 	0.0491 	0.0515 	0.0541 	0.0855 	0.1131 	0.1472 	0.1564 	0.1319 	0.0978 	0.1013 	0.1033 
S,E7000,MWH20000-69999,KWH,X_TAX,PPS,BG	: 	0.1058 	0.0945 	0.1196 	0.1178 	0.1143 	0.1176 	0.1151 	0.1065 	0.1057 	0.1178 	0.1304 	0.1284 	0.1136 	0.1201 	0.1208 	0.1145 	0.1374 	0.1512 	0.1324 	0.1071 	0.1251 	0.1308 	0.1298 	0.1393 	0.1440 	0.1313 	0.1350 	0.1337 	0.2890 	0.3832 	0.5772 	0.2681 	0.2095 	0.1742 	0.2507 	0.2172 
S,E7000,MWH20000-69999,KWH,X_TAX,PPS,CY	: 	0.1259 	0.1364 	0.1731 	0.1106 	0.1349 	0.1443 	0.1595 	0.1502 	0.1947 	0.2161 	0.2266 	: 	0.188 	0.171 	0.1776 	0.1257 	0.1239 	0.0857 	0.1131 	0.1208 	0.1268 	0.1283 	0.1756 	0.1331 	0.1520 	0.1213 	0.1087 	0.1156 	0.1459 	0.1743 	0.2615 	0.2053 	0.2082 	0.1960 	0.2000 	0.1733 
S,E7000,MWH20000-69999,KWH,X_TAX,PPS,CZ	: 	0.1065 	0.1117 	0.1117 	0.1266 	0.1256 	0.1258 	0.1255 	0.1383 	0.1373 	0.1329 	0.1314 	0.1373 	0.1369 	0.123 	0.1231 	0.1138 	0.1141 	0.1016 	0.1006 	0.0881 	0.0873 	0.0867 	0.0903 	0.0910 	0.0925 	0.0949 	0.0945 	0.0958 	0.0967 	0.1989 	0.2392 	0.2252 	0.2174 	0.1932 	0.2049 	0.1873 
S,E7000,MWH20000-69999,KWH,X_TAX,PPS,DE	0.0652 	0.0707 	0.0761 	0.0768 	0.0733 	0.0701 	0.0671 	0.0684 	0.068 	0.0689 	0.0697 	0.0688 	0.0668 	0.0661 	0.0611 	0.0602 	0.0571 	0.0613 	0.0529 	0.051 	0.0455 	0.0423 	0.0461 	0.0475 	0.0526 	0.0464 	0.0481 	0.0545 	0.0583 	0.0707 	0.1253 	0.1570 	0.1520 	0.1406 	0.1318 	0.1348 	0.1205 
S,E7000,MWH20000-69999,KWH,X_TAX,PPS,DK	: 	0.0519 	0.0476 	0.0566 	0.0387 	0.0402 	0.0476 	0.0508 	0.052 	0.0453 	0.0411 	0.0397 	0.0424 	0.0406 	0.0393 	0.0399 	0.0361 	0.0344 	0.0342 	0.0376 	0.0352 	0.0363 	0.0371 	0.0430 	0.0407 	0.0393 	0.0343 	0.0412 	0.0500 	0.0869 	0.1093 	0.1646 	0.0960 	0.0829 	0.0783 	0.0899 	0.0911 
S,E7000,MWH20000-69999,KWH,X_TAX,PPS,EA	: 	0.068 	0.0715 	0.0736 	0.0743 	0.071 	0.069 	0.0692 	0.0704 	0.0712 	0.0729 	0.0732 	0.0707 	0.0708 	0.0671 	0.0673 	0.0656 	0.0664 	0.0587 	0.0597 	0.0571 	0.0559 	0.0591 	0.0607 	0.0651 	0.0612 	0.0592 	0.0615 	0.0667 	0.0930 	0.1542 	0.1892 	0.1647 	0.1453 	0.1202 	0.1277 	0.1187 
S,E7000,MWH20000-69999,KWH,X_TAX,PPS,EE	: 	0.0489 	0.0497 	0.0556 	0.0599 	0.0567 	0.0722 	0.0812 	0.0842 	0.089 	0.086 	0.0859 	0.0964 	0.0922 	0.0844 	0.0853 	0.082 	0.0827 	0.0795 	0.0827 	0.0737 	0.0697 	0.0723 	0.0783 	0.0751 	0.0758 	0.0638 	0.0712 	0.0829 	0.1469 	0.1658 	0.2819 	0.1395 	0.1375 	0.1385 	0.1419 	0.1168 
S,E7000,MWH20000-69999,KWH,X_TAX,PPS,EL	: 	0.0684 	0.0729 	0.0807 	0.0797 	0.0702 	0.0722 	0.0716 	0.0724 	0.0737 	0.0838 	0.0864 	0.0914 	0.0907 	0.0871 	0.0794 	0.0754 	0.0856 	0.0803 	0.075 	0.0771 	0.0906 	0.0749 	0.0838 	0.0879 	0.0904 	0.0882 	0.0809 	0.0865 	0.1689 	0.2998 	0.3879 	0.1831 	0.1652 	0.1332 	0.1889 	0.1857 
S,E7000,MWH20000-69999,KWH,X_TAX,PPS,ES	: 	0.0737 	0.074 	0.0806 	0.0842 	0.083 	0.0768 	0.0774 	0.0805 	0.0829 	0.0921 	0.0923 	0.0912 	0.0918 	0.0836 	0.0885 	0.0883 	0.0867 	0.0788 	0.0808 	0.0814 	0.0797 	0.0929 	0.0866 	0.0810 d	0.0735 	0.0637 	0.0665 	0.0740 	0.1133 	0.2036 	0.2198 	0.1351 	0.1216 	0.0989 	0.1186 	0.1133 
S,E7000,MWH20000-69999,KWH,X_TAX,PPS,EU27_2020	: 	: 	: 	: 	: 	: 	: 	: 	: 	: 	: 	: 	: 	: 	: 	: 	: 	: 	: 	: 	0.0605 	0.0599 	0.0627 	0.0650 	0.0705 	0.0664 	0.0651 	0.0673 	0.0711 	0.0971 	0.1559 	0.1975 	0.1724 	0.1523 	0.1250 	0.1344 	0.1247 
S,E7000,MWH20000-69999,KWH,X_TAX,PPS,FI	0.0338 	0.0349 	0.0427 	0.0462 	0.0433 	0.0438 	0.0499 	0.0473 	0.0483 	0.0441 	0.0426 	0.0438 	0.0421 	0.0435 	0.0396 	0.0395 	0.0373 	0.0368 	0.0368 	0.0388 	0.036 	0.0369 	0.0371 	0.0412 	0.0396 	0.0411 	0.0346 	0.0391 	0.0421 	0.0582 	0.0695 	0.1043 	0.0648 	0.0547 	0.0631 d	0.0429 d	0.0446 
S,E7000,MWH20000-69999,KWH,X_TAX,PPS,FR	: 	0.0437 	0.0491 	0.0457 	0.0545 	0.0488 	0.056 	0.0489 	0.057 	0.0483 	0.0564 	0.0509 	0.0538 	0.0511 	0.0546 	0.0526 	0.0568 	0.0552 	0.0514 	0.0516 	0.0478 	0.046 	0.0495 	0.0486 	0.0582 	0.0525 	0.0576 	0.0548 	0.0616 	0.0716 	0.0970 	0.1054 	0.1530 	0.1293 	0.0991 	0.0919 	0.0809 
S,E7000,MWH20000-69999,KWH,X_TAX,PPS,HR	0.0634 	0.0697 	0.0775 	0.0856 	0.0879 	0.0859 	0.0936 	0.0953 	0.0891 	0.0875 	0.0915 	0.0924 	0.0985 	0.0963 	0.0968 	0.0982 	0.0952 	0.0997 	0.0978 	0.0974 	0.0931 	0.094 	0.0986 	0.0982 	0.1065 	0.1103 	0.1147 	0.1128 	0.1122 	0.1216 	0.1500 	0.2725 	0.3251 	0.2828 	0.2700 	0.2776 	0.2647 
S,E7000,MWH20000-69999,KWH,X_TAX,PPS,HU	: 	0.1128 	0.1324 	0.1453 	0.1925 	0.168 	0.1335 	0.1433 	0.162 	0.162 	0.1547 	0.1513 	0.1548 	0.1577 	0.1412 	0.1425 	0.1333 	0.1346 	0.119 	0.114 	0.0867 e	0.0889 	0.0915 	0.0988 	0.1072 	0.1106 	0.1053 	0.1072 	0.1035 	0.1311 	0.2690 	0.3960 	0.3856 	0.3211 	0.2096 	0.2583 	0.2182 
S,E7000,MWH20000-69999,KWH,X_TAX,PPS,IE	: 	0.0926 	0.0978 	0.0944 	0.0807 	0.0745 	0.0685 	0.0719 	0.0685 	0.0757 	0.0831 	0.0976 	0.0929 	0.0906 	0.0881 	0.0826 	0.0844 	0.0824 	0.0744 	0.0738 	0.0681 	0.0712 	0.0760 	0.0815 	0.0775 	0.0754 	0.0746 	0.0743 	0.0853 	0.1170 	0.1553 	0.1945 	0.1970 	0.1811 	0.1707 	0.1762 	0.1781 
S,E7000,MWH20000-69999,KWH,X_TAX,PPS,IS	: 	: 	: 	: 	: 	: 	: 	: 	: 	: 	: 	: 	: 	: 	: 	: 	: 	: 	: 	: 	: 	: 	: 	: 	: 	: @C	: 	: 	: 	: 	: 	: 	: 	: 	: 	: 	: 
S,E7000,MWH20000-69999,KWH,X_TAX,PPS,IT	: 	: 	: 	: 	: 	: 	: 	0.0937 	0.0888 	0.1003 	0.0927 	0.1006 	0.0904 	0.0918 	0.085 	0.089 	0.0764 	0.076 	0.0705 	0.076 	0.0702 	0.0709 	0.0720 	0.0779 	0.0839 	0.0830 	0.0725 	0.0765 	0.0826 	0.1325 	0.2256 	0.3030 	0.2022 	0.1700 	0.1395 	0.1559 	0.1549 
S,E7000,MWH20000-69999,KWH,X_TAX,PPS,LT	: 	0.0953 	0.106 	0.105 	0.1195 	0.1004 	0.1462 	0.1387 	0.1661 	: 	0.1924 	0.1928 	0.162 	: 	0.1607 	0.1536 	0.1086 	0.1117 	0.0997 	0.0961 	0.0844 	0.083 	0.0821 	0.0944 	0.0988 	0.0979 	0.0992 	0.1008 	0.1011 	0.1291 	0.2196 	0.4035 	0.1854 	0.1741 	0.2091 	0.1627 	0.1536 
S,E7000,MWH20000-69999,KWH,X_TAX,PPS,LU	: 	: 	: 	: 	0.0542 	0.0542 	0.0546 	0.0553 	0.0514 	0.0514 	0.0538 	0.0537 	0.05 	0.0501 	0.0492 	0.0493 	0.0427 	0.0411 	0.0371 	0.0391 	0.0321 	0.0315 	0.0327 	0.0340 	0.0347 	0.0357 	0.0340 	0.0367 	0.0391 	0.0527 	0.0713 	0.0679 	0.1249 	0.1211 	0.1169 	0.0891 	0.0892 
S,E7000,MWH20000-69999,KWH,X_TAX,PPS,LV	: 	0.0671 	0.0719 	0.096 	0.1207 	0.1124 	0.1237 	0.1272 	0.1336 	0.1486 	0.1379 	0.116 	0.1228 	0.1156 	0.1193 	0.1111 	0.1075 	0.1039 	0.1101 	0.1107 	0.102 	0.0981 	0.0771 	0.0787 	0.0817 	0.0837 	0.0791 	0.0778 	0.0824 	0.1231 	0.1889 	0.3720 	0.2490 	0.2236 	0.1354 	0.1353 	0.1266 
S,E7000,MWH20000-69999,KWH,X_TAX,PPS,ME	: 	: 	: 	: 	: 	: 	: 	: 	: @C	: @C	0.1012 	0.1183 	0.1206 	0.1216 	0.11 	0.1009 	0.1063 	0.1048 	0.1012 	0.1117 	0.0902 	: 	0.0821 	0.0731 	0.0951 	0.0875 	0.0835 	0.0712 	0.0985 	: 	0.0968 	0.1058 	0.0952 	0.0881 	0.0847 	0.0798 	0.0865 p
S,E7000,MWH20000-69999,KWH,X_TAX,PPS,MK	: 	: 	: 	: 	: 	: 	: 	: 	: 	: 	: 	0.1382 	0.1267 	0.1119 	: @C	: @C	0.1494 	0.1465 	0.125 	0.1406 	0.1214 	0.1205 	0.1372 	0.1447 	0.1501 	0.1519 	0.1405 	0.1414 	0.1456 	0.2125 	0.4019 	0.6903 	0.3125 	0.2469 	0.1698 	0.2536 	0.2372 
S,E7000,MWH20000-69999,KWH,X_TAX,PPS,MT	: 	0.0829 	0.081 	0.1845 	0.1691 	0.1182 	0.1848 	0.1889 	0.1812 	0.1799 	0.18 	0.18 	0.1782 	0.1757 	0.1697 	0.1796 	0.159 	0.1398 	0.1388 	0.1414 	0.1189 	0.1213 	0.1148 	0.0970 	0.1237 	0.1239 	0.1156 	0.1196 	0.1204 	0.1227 	0.1003 	0.1130 	0.1162 	0.1204 	0.1140 	0.1103 	0.1135 p
S,E7000,MWH20000-69999,KWH,X_TAX,PPS,NL	0.0719 	0.0713 	0.07 	0.0744 	0.0753 	0.0743 	0.0623 	0.0639 	0.0621 	0.0635 	0.0612 	0.0647 	0.0649 	0.0678 	0.0614 	0.0611 	0.0586 	0.0579 	0.0523 	0.0538 	0.0395 	0.0386 	0.0410 	0.0436 	0.0449 	0.0441 	0.0454 	0.0469 	0.0469 	0.0670 	0.1075 	0.1309 	0.1577 	0.1396 	0.1060 	0.1089 	0.0946 
S,E7000,MWH20000-69999,KWH,X_TAX,PPS,NO	: 	0.0297 	0.028 	0.0388 	0.0354 	0.0315 	0.0459 	0.0386 	0.0467 	0.0318 	0.0295 	0.0276 	0.0316 	0.0305 	0.0247 	0.0267 	0.0234 	0.0219 	0.0254 	0.0283 	0.0259 	0.0271 	0.0329 	0.0404 	0.0364 	0.0317 	0.0179 	0.0144 	0.0346 	0.0599 	0.0798 	0.1236 	0.0714 	0.0472 	0.0468 	0.0361 	0.0452 
S,E7000,MWH20000-69999,KWH,X_TAX,PPS,PL	: 	0.077 	0.0983 	0.1049 	0.1279 	0.1276 	0.1245 	0.1263 	0.1243 	0.1238 	0.128 	0.1296 	0.1191 	0.1131 	0.1025 	0.1058 	0.1124 	0.1116 	0.1124 	0.1101 	0.0863 	0.0863 	0.0846 	0.0888 	0.1077 	0.0925 	0.1047 	0.1051 	0.0961 	0.0921 	0.1283 	0.1585 	0.2142 	0.1958 	0.1396 	0.1578 	0.1446 
S,E7000,MWH20000-69999,KWH,X_TAX,PPS,PT	: 	0.0681 	0.0681 	0.0697 	0.0792 	0.0812 	0.0785 	0.0783 	0.0799 	0.0831 	0.1023 	0.1006 	0.1029 	0.1049 	0.0944 	0.0986 	0.0949 	0.0961 	0.0877 	0.0895 	0.0802 	0.0794 	0.0761 	0.0823 	0.0841 	0.0786 	0.0713 	0.0708 	0.0777 	0.1186 	0.2096 	0.1884 	0.1500 	0.1369 	0.0943 	0.1286 	0.1146 
S,E7000,MWH20000-69999,KWH,X_TAX,PPS,RO	: 	0.1144 	0.1255 	0.1234 	0.1333 	0.126 	0.1285 	0.1261 	0.1244 	0.1304 	0.1396 	0.1295 	0.1342 	0.125 	0.1183 	0.1032 	0.1038 	0.106 	0.0987 	0.1062 	0.1001 	0.1044 	0.1115 	0.1199 	0.1347 	0.1397 	0.1425 	0.1355 	0.1323 	0.2214 	0.2860 d	0.4630 d	0.2708 	0.2561 	0.2333 	0.2554 	0.2398 
S,E7000,MWH20000-69999,KWH,X_TAX,PPS,RS	: 	: 	: 	: 	: 	: 	: 	: 	: 	: 	: 	: 	0.0977 	0.1025 	0.0898 	0.1153 	0.111 	0.1274 	0.1222 	0.0935 	0.1055 	0.0997 	0.1072 	0.1073 	0.1197 	0.1168 	0.1225 	0.1222 	0.1186 	0.1192 	0.1349 	0.1470 	0.1982 	0.2136 	0.2056 	0.1811 	0.1802 
S,E7000,MWH20000-69999,KWH,X_TAX,PPS,SE	0.0393 	0.0441 	0.0459 	0.054 	0.0478 	0.0487 	0.0575 	0.0544 	0.0543 	0.0474 	0.0476 	0.0424 	0.0453 	0.0439 	0.0414 	0.0412 	0.0374 	0.0345 	0.0355 	0.0411 	0.0342 	0.0353 	0.0342 	0.0409 	0.0415 	0.0377 	0.0305 	0.0368 	0.0409 	0.0615 	0.0714 	0.1050 	0.0767 	0.0616 	0.0603 	0.0503 	0.0545 
S,E7000,MWH20000-69999,KWH,X_TAX,PPS,SI	: 	0.0794 	0.0762 	0.0772 	0.0712 	0.0836 	0.0789 	0.079 	0.0803 	0.084 	0.0875 	0.0881 	0.0823 	0.0816 	0.0756 	0.0757 	0.0704 	0.071 	0.0671 	0.068 	0.0603 	0.0623 	0.0630 	0.0665 	0.0714 	0.0734 	0.0764 	0.0780 	0.0751 	0.0995 	0.1732 	0.2105 	0.2201 	0.1927 	0.1547 	0.1677 	0.1443 
S,E7000,MWH20000-69999,KWH,X_TAX,PPS,SK	: 	0.1251 	0.146 	0.1399 	0.1614 	0.16 	0.1445 	0.1435 	0.149 	0.1458 	0.1538 	0.1552 	0.1494 	0.1469 	0.1342 	0.1357 	0.1336 	0.1354 	0.1242 	0.1347 	0.0779 	0.0798 	0.0832 	0.0799 	0.0941 	0.0936 	0.0984 	0.0963 	0.0985 	0.1225 	0.2285 	0.2906 	0.2582 	0.2347 	0.1718 	0.1979 	0.1797 
S,E7000,MWH20000-69999,KWH,X_TAX,PPS,TR	: 	0.0895 	0.0898 	0.1152 	0.1103 	0.1136 	0.1172 	0.1172 	0.1016 	0.1037 	0.1121 	0.1228 	0.1239 	0.1219 	0.1202 	0.1192 	0.1214 	0.1223 	0.1228 	0.1228 	0.1001 	0.1022 	0.0988 	0.1427 	0.1317 	0.1534 	0.1362 	0.1382 	0.1571 	0.1963 	0.4424 	0.4877 	0.3503 	0.3422 	0.2406 	0.1662 	0.1740 
S,E7000,MWH20000-69999,KWH,X_TAX,PPS,UK	0.0787 	0.0772 	0.0772 	0.0935 	0.0999 	0.0859 	0.0777 	0.0721 	0.0764 	0.078 	0.0878 	0.0898 	0.0951 	0.0964 	0.1005 	0.0993 	0.0852 	0.0846 	0.0786 	0.0798 	0.0859 	0.0858 	0.0832 	0.0864 	0.0744 	0.0758 	0.0772 	: 	: 	: 	: 	: 	: 	: 	: 	: 	: 
S,E7000,MWH20000-69999,KWH,X_VAT,EUR,AL	: 	: 	: 	: 	: 	: 	: 	: 	: 	: 	: 	: 	: 	: 	: 	: 	: 	: 	: 	: 	: 	: 	: 	: 	0.1040 e	: 	0.1037 e	0.1036 e	0.1039 e	0.1053 e	0.1057 	0.1097 	0.1135 e	0.1223 e	0.1252 	0.1292 e	0.1420 
S,E7000,MWH20000-69999,KWH,X_VAT,EUR,AT	: 	0.0806 	0.0843 	0.0946 	0.1 	0.1002 	0.0945 	0.0955 	0.0936 	0.0926 	0.088 	0.0882 	0.0856 	0.0853 	0.0833 	0.0808 	0.0764 	0.0785 	0.0716 	0.0731 	0.0699 	0.073 	0.0742 	0.0791 	0.0836 	0.0845 	0.0885 	0.0921 	0.0973 	0.1186 	0.1731 	0.1982 e	0.2294 e	0.2114 e	0.1507 e	0.1585 e	0.1584 e
S,E7000,MWH20000-69999,KWH,X_VAT,EUR,BA	: 	: 	: 	: 	: 	: 	: 	: 	: 	: 	0.0471 	0.047 	0.0456 	0.0457 	0.0433 	0.043 	0.0446 	0.0447 	0.0451 	0.0445 	0.0463 	0.0461 	0.0501 	0.0527 	0.0524 	0.0581 	0.0582 	0.0583 	0.0614 	0.0604 	0.0699 	0.0933 	0.0851 	0.0851 	0.0886 	0.0880 	0.0942 
S,E7000,MWH20000-69999,KWH,X_VAT,EUR,BE	: 	0.0729 	0.0806 	0.0817 	0.0927 	0.0909 	0.0805 	0.0799 	0.0839 	0.0903 	0.0803 	0.081 	0.0698 	0.0832 	0.0769 	0.0784 	0.0768 	0.0775 	0.0724 	0.0785 	0.0721 	0.0704 	0.0684 	0.0779 	0.0810 	0.0807 	0.0753 	0.0780 	0.0836 	0.1159 	0.1459 	0.1829 	0.1913 	0.1648 	0.1264 	0.1333 	0.1348 
S,E7000,MWH20000-69999,KWH,X_VAT,EUR,BG	: 	0.0429 	0.0409 	0.0516 	0.0542 	0.0516 	0.0532 	0.0521 	0.0514 	0.0511 	0.0564 	0.0623 	0.0621 	0.0551 	0.0577 	0.058 	0.055 	0.0645 	0.0707 	0.0624 	0.055 	0.064 	0.0683 	0.0677 	0.0751 	0.0776 	0.0718 	0.0738 	0.0835 	0.1409 	0.1520 	0.1735 	0.1512 	0.1268 	0.1062 	0.1261 	0.1179 
S,E7000,MWH20000-69999,KWH,X_VAT,EUR,CY	: 	0.1121 	0.1218 	0.154 	0.1005 	0.1221 	0.1302 	0.1488 	0.1452 	0.1861 	0.2031 	0.2138 	: 	0.1758 	0.158 	0.1633 	0.1182 	0.1222 	0.0851 	0.1084 	0.1217 	0.1265 	0.1316 	0.1684 	0.1528 	0.1695 	0.1381 	0.1281 	0.1484 	0.1896 	0.2315 	0.3091 	0.2717 	0.2657 	0.2381 	0.2468 	0.2256 
S,E7000,MWH20000-69999,KWH,X_VAT,EUR,CZ	: 	0.0668 	0.0822 	0.0837 	0.0873 	0.0912 	0.0904 	0.0934 	0.102 	0.0994 	0.0944 	0.0935 	0.0959 	0.0936 	0.0802 	0.0797 	0.0741 	0.0746 	0.066 	0.0648 	0.0606 	0.0622 	0.0632 	0.0650 	0.0738 	0.0749 	0.0768 	0.0758 	0.0798 	0.0825 	0.1635 	0.1920 	0.1902 	0.1783 	0.1690 	0.1790 	0.1659 
S,E7000,MWH20000-69999,KWH,X_VAT,EUR,DE	0.0752 	0.0832 	0.09 	0.0899 	0.0942 	0.0901 	0.0878 	0.0957 	0.1002 	0.1091 	0.104 	0.1049 	0.1123 	0.1118 	0.1158 	0.1117 	0.1111 	0.1124 	0.1021 	0.0965 	0.0972 	0.0887 	0.0860 	0.0879 	0.0904 	0.1093 	0.1206 	0.1271 	0.1267 	0.1349 	0.1768 	0.1939 	0.1905 	0.1776 	0.1685 	0.1712 	0.1584 
S,E7000,MWH20000-69999,KWH,X_VAT,EUR,DK	: 	0.0811 	0.0835 	0.094 	0.0768 	0.0827 	0.0843 	0.0863 	0.0882 	0.0817 	0.0849 	0.0879 	0.0909 	0.0874 	0.0815 	0.0845 	0.0777 	0.0777 	0.0807 	0.0785 	0.0687 	0.0687 	0.0695 	0.0705 	0.0612 	0.0584 	0.0526 	0.0619 	0.0739 	0.1168 	0.1473 	0.2213 	0.1283 	0.1115 	0.1049 	0.1207 	0.1203 
S,E7000,MWH20000-69999,KWH,X_VAT,EUR,EA	0.0724 	0.0703 	0.0831 	0.085 	0.0883 	0.0839 	0.0827 	0.0846 	0.0889 	0.0933 	0.0933 	0.0956 	0.0966 	0.097 	0.0965 	0.0955 	0.094 	0.093 	0.0863 	0.0857 	0.0858 	0.0823 	0.0802 	0.0810 	0.0871 	0.0901 	0.0911 	0.0923 	0.0972 	0.1215 	0.1699 	0.1971 	0.1814 	0.1611 	0.1395 	0.1449 	0.1388 
S,E7000,MWH20000-69999,KWH,X_VAT,EUR,EE	: 	0.0345 	0.0398 	0.0437 	0.0468 	0.046 	0.0592 	0.066 	0.0661 	0.0701 	0.0707 	0.0717 	0.0833 	0.0799 	0.075 	0.0754 	0.0743 	0.0728 	0.0713 	0.0723 	0.0716 	0.069 	0.0708 	0.0756 	0.0757 	0.0758 	0.0654 	0.0693 	0.0787 	0.1327 	0.1482 	0.2433 	0.1369 	0.1356 	0.1361 	0.1421 	0.1166 
S,E7000,MWH20000-69999,KWH,X_VAT,EUR,EL	: 	0.0606 	0.0654 	0.0724 	0.0739 	0.0729 	0.0749 	0.0797 	0.078 	0.0796 	0.0906 	0.0942 	0.0951 	0.0945 	0.0854 	0.0764 	0.0729 	0.0737 	0.0767 	0.0723 	0.0766 	0.0932 	0.0727 	0.0806 	0.0849 	0.0861 	0.0839 	0.0777 	0.0822 	0.1465 	0.1957 	0.1866 	0.1600 	0.1446 	0.1179 	0.1628 	0.1614 
S,E7000,MWH20000-69999,KWH,X_VAT,EUR,ES	: 	0.0693 	0.0713 	0.0781 	0.0834 	0.0823 	0.0759 	0.0764 	0.0789 	0.0812 	0.0876 	0.0877 	0.0863 	0.0869 	0.0786 	0.0832 	0.0831 	0.0816 	0.0734 	0.0759 	0.0787 	0.077 	0.0910 	0.0848 	0.0864 	0.0805 	0.0705 	0.0728 	0.0779 	0.1340 	0.1993 	0.2249 	0.1310 	0.1173 	0.1004 	0.1143 	0.1106 
S,E7000,MWH20000-69999,KWH,X_VAT,EUR,EU27_2020	0.0684 	0.068 	0.0805 	0.0829 	0.0852 	0.082 	0.0814 	0.0831 	0.0871 	0.0897 	0.0899 	0.0917 	0.0925 	0.0922 	0.091 	0.09 	0.0885 	0.0876 	0.0817 	0.0812 	0.0808 	0.0784 	0.0771 	0.0784 	0.0846 	0.0861 	0.0870 	0.0884 	0.0930 	0.1161 	0.1621 	0.1925 	0.1790 	0.1596 	0.1386 	0.1444 	0.1382 
S,E7000,MWH20000-69999,KWH,X_VAT,EUR,FI	0.0415 	0.0428 	0.0528 	0.0569 	0.0546 	0.0552 	0.0623 	0.059 	0.0651 	0.0601 	0.0584 	0.0599 	0.0589 	0.0606 	0.0563 	0.0561 	0.0534 	0.0528 	0.0519 	0.0541 	0.0517 	0.0528 	0.0537 	0.0588 	0.0567 	0.0586 	0.0507 	0.0565 	0.0538 	0.0730 	0.0872 	0.1307 	0.0810 	0.0685 	0.0764 	0.0522 	0.0542 
S,E7000,MWH20000-69999,KWH,X_VAT,EUR,FR	: 	0.0553 	0.0633 	0.0592 	0.0713 	0.063 	0.0691 	0.0605 	0.0715 	0.0631 	0.0725 	0.0671 	0.0735 	0.0689 	0.075 	0.0708 	0.0784 	0.0719 	0.0648 	0.065 	0.0632 	0.0616 	0.0642 	0.0628 	0.0717 	0.0650 	0.0713 	0.0682 	0.0752 	0.0859 	0.1077 	0.1156 	0.1676 	0.1426 	0.1136 	0.1066 	0.1012 
S,E7000,MWH20000-69999,KWH,X_VAT,EUR,GE	: 	: 	: 	: 	: 	: 	: 	: 	: 	: 	: 	: 	: 	: 	: 	: 	: 	: 	: 	: 	: 	: 	0.0419 	0.0503 	0.0499 	0.0404 	0.0460 	0.0357 	0.0720 	0.0721 	: 	0.0929 	0.0933 	0.0908 	0.0000 	0.0769 	0.0000 
S,E7000,MWH20000-69999,KWH,X_VAT,EUR,HR	0.0408 	0.0465 	0.0536 	0.0599 	0.0623 	0.0616 	0.0667 	0.0676 	0.061 	0.0592 	0.0592 	0.0601 	0.0633 	0.0641 	0.0645 	0.0652 	0.0631 	0.0661 	0.0637 	0.0643 	0.0636 	0.0674 	0.0715 	0.0729 	0.0832 	0.0859 	0.0866 	0.0840 	0.0827 	0.0899 	0.1084 	0.1900 	0.2298 	0.2036 	0.1995 	0.2024 	0.2014 
S,E7000,MWH20000-69999,KWH,X_VAT,EUR,HU	: 	0.0854 	0.0888 	0.0988 	0.1128 	0.1055 	0.0831 	0.0866 	0.1016 	0.0987 	0.0941 	0.0962 	0.0954 	0.0973 	0.0881 	0.0879 	0.0846 	0.0841 	0.0745 	0.072 	0.0689 e	0.07 	0.0701 	0.0712 	0.0823 	0.0813 	0.0825 	0.0775 	0.0776 	0.0881 	0.1727 	0.2505 	0.2640 	0.2208 	0.1689 	0.1868 	0.1704 
S,E7000,MWH20000-69999,KWH,X_VAT,EUR,IE	: 	0.1094 	0.1191 	0.115 	0.0957 	0.0888 	0.0762 	0.0799 	0.0769 	0.0856 	0.0928 	0.1089 	0.1044 	0.1031 	0.1019 	0.0963 	0.1005 	0.0968 	0.0887 	0.0857 	0.0889 	0.0932 	0.1004 	0.1025 	0.0970 	0.0944 	0.0934 	0.0959 	0.1090 	0.1468 	0.1882 	0.2339 	0.2290 	0.2078 	0.2068 	0.2126 	0.2174 
S,E7000,MWH20000-69999,KWH,X_VAT,EUR,IS	: 	: 	: 	: 	: 	: 	: 	: 	: 	: 	: 	: 	: 	: 	: 	: 	: 	: 	: 	: 	: 	: 	: 	: 	: 	: @C	: 	: 	: 	: 	: 	: 	: 	: 	: 	: 	: 
S,E7000,MWH20000-69999,KWH,X_VAT,EUR,IT	: 	: 	0.1164 	0.1229 	0.1137 	0.1081 	0.1055 	0.1158 	0.1131 	0.1331 	0.1239 	0.1419 	0.1321 	0.138 	0.133 	0.1394 	0.1249 	0.1283 	0.1225 	0.126 	0.1204 	0.1175 	0.0943 	0.0977 	0.1114 	0.1157 	0.0972 	0.1001 	0.1061 	0.1470 	0.2253 	0.2977 	0.2103 	0.1799 	0.1539 	0.1709 	0.1658 
S,E7000,MWH20000-69999,KWH,X_VAT,EUR,LI	: 	: 	: 	: 	: 	: 	: 	: 	: 	: 	: 	: 	: 	: 	: 	: 	: 	: 	: 	: 	0 	: 	: 	: 	: 	: 	: 	: 	: 	: 	: 	: 	: 	: 	: 	: 	: 
S,E7000,MWH20000-69999,KWH,X_VAT,EUR,LT	: 	0.0548 	0.0668 	0.0661 	0.0741 	0.0622 	0.087 	0.088 	0.1008 	: 	0.1165 	0.1167 	0.127 	: 	0.1198 	0.1154 	0.0837 	0.0842 	0.0764 	0.0724 	0.0685 	0.0675 	0.0678 	0.0761 	0.0756 	0.0749 	0.0745 	0.0811 	0.0803 	0.1000 	0.1560 	0.2787 	0.1320 	0.1234 	0.1619 	0.1268 	0.1203 
S,E7000,MWH20000-69999,KWH,X_VAT,EUR,LU	: 	: 	: 	: 	0.0653 	0.0655 	0.0668 	0.0678 	0.0618 	0.0618 	0.0644 	0.0643 	0.0615 	0.0616 	0.0595 	0.0597 	0.0591 	0.0502 	0.0446 	0.047 	0.0401 	0.0392 	0.0411 	0.0429 	0.0446 	0.0453 	0.0443 	0.0483 	0.0509 	0.0676 	0.0914 	0.0883 	0.1626 	0.1606 	0.1550 	0.1174 	0.1180 
S,E7000,MWH20000-69999,KWH,X_VAT,EUR,LV	: 	0.0447 	0.052 	0.0686 	0.0823 	0.0767 	0.0809 	0.0831 	0.0892 	0.0995 	0.0948 	0.0977 	0.1028 	0.1069 	0.1086 	0.103 	0.1005 	0.0969 	0.1001 	0.1002 	0.0988 	0.096 	0.0747 	0.0752 	0.0785 	0.0801 	0.0765 	0.0756 	0.0735 	0.1062 	0.1374 	0.2810 	0.1904 	0.1802 	0.1109 	0.1059 	0.1024 
S,E7000,MWH20000-69999,KWH,X_VAT,EUR,MD	: 	: 	: 	: 	: 	: 	: 	: 	: 	: 	: 	: 	: 	: 	: 	: 	: 	: 	: 	: 	: 	: 	: 	: 	: 	0.0681 	0.0688 	0.0594 	0.0538 	0.0500 	0.0748 	0.1393 	0.1310 	0.1036 	0.0864 	0.0845 	0.1636 
S,E7000,MWH20000-69999,KWH,X_VAT,EUR,ME	: 	: 	: 	: 	: 	: 	: 	: 	: @C	: @C	0.0497 	0.0581 	0.0605 	0.061 	0.0565 	0.0518 	0.0513 	0.0506 	0.0496 	0.0539 	0.0476 	: 	0.0443 	0.0389 	0.0516 	0.0484 	0.0462 	0.0369 	0.0578 	: 	0.0583 	0.0639 	0.0564 	0.0528 	0.0529 	0.0496 	0.0532 p
S,E7000,MWH20000-69999,KWH,X_VAT,EUR,MK	: 	: 	: 	: 	: 	: 	: 	: 	: 	: 	: 	0.0588 	0.0708 	0.0659 	: @C	: @C	0.0611 	0.0599 	0.0515 	0.0587 	0.0544 	0.0541 	0.0626 	0.0660 	0.0684 	0.0692 	0.0646 	0.0649 	0.0669 	0.1010 	0.1908 	0.3216 	0.1494 	0.1173 	0.0823 	0.1286 	0.1201 
S,E7000,MWH20000-69999,KWH,X_VAT,EUR,MT	: 	0.058 	0.0581 	0.1323 	0.123 	0.086 	0.135 	0.138 	0.137 	0.136 	0.138 	0.138 	0.139 	0.137 	0.136 	0.144 	0.1275 	0.1121 	0.1113 	0.1135 	0.1004 	0.1024 	0.1004 	0.0850 	0.1077 	0.1079 	0.1029 	0.1064 	0.1071 	0.1098 	0.0891 	0.1016 	0.1057 	0.1095 	0.1050 	0.1016 	0.1047 p
S,E7000,MWH20000-69999,KWH,X_VAT,EUR,NL	0.0825 	0.0786 	0.0842 	0.0843 	0.0912 	0.0836 	0.0758 	0.0716 	0.0745 	0.0704 	0.0734 	0.0714 	0.0777 	0.077 	0.0742 	0.0675 	0.0707 	0.0634 	0.0661 	0.0587 	0.0550 	0.0450 	0.0570 	0.0510 	0.0640 	0.0530 	0.0681 	0.0555 	0.0732 	0.0787 	0.1452 	0.1543 	0.2064 	0.1666 	0.1493 	0.1296 	0.1335 
S,E7000,MWH20000-69999,KWH,X_VAT,EUR,NO	: 	0.0533 	0.0527 	0.0635 	0.0597 	0.0564 	0.0814 	0.0708 	0.0854 	0.0633 	0.0607 	0.0593 	0.0667 	0.0603 	0.0524 	0.0543 	0.0496 	0.0451 	0.0516 	0.0576 	0.05 	0.0502 	0.0586 	0.0696 	0.0642 	0.0560 	0.0342 	0.0293 	0.0610 	0.0950 	0.1256 	0.1829 	0.0946 	0.0639 	0.0663 	0.0517 	0.0643 
S,E7000,MWH20000-69999,KWH,X_VAT,EUR,PL	: 	0.0534 	0.0739 	0.0761 	0.0753 	0.0803 	0.0792 	0.0805 	0.0812 	0.0746 	0.0774 	0.0807 	0.0736 	0.0695 	0.0642 	0.0659 	0.0706 	0.0683 	0.0654 	0.0643 	0.0682 	0.0703 	0.0724 	0.0748 	0.0857 	0.0747 	0.0882 	0.0884 	0.0888 	0.0926 	0.1272 	0.1484 	0.2035 	0.1953 	0.1614 	0.1746 	0.1616 
S,E7000,MWH20000-69999,KWH,X_VAT,EUR,PT	: 	0.0632 	0.0681 	0.0694 	0.0685 	0.0692 	0.0674 	0.0685 	0.0735 	0.0794 	0.0936 	0.0919 	0.0917 	0.091 	0.0842 	0.0879 	0.0874 	0.0887 	0.0848 	0.0869 	0.0877 	0.0868 	0.0891 	0.0963 	0.0907 	0.0880 	0.0852 	0.0839 	0.0888 	0.1255 	0.1533 	0.1349 	0.0745 	0.0988 	0.0815 	0.1178 	0.1062 
S,E7000,MWH20000-69999,KWH,X_VAT,EUR,RO	: 	0.0638 	0.0699 	0.0683 	0.0663 	0.0625 	0.0646 	0.0615 	0.0628 	0.064 	0.0675 	0.0607 	0.0674 	0.062 	0.0725 	0.0629 	0.0653 	0.0642 	0.0603 	0.0634 	0.0636 	0.0651 	0.0700 	0.0757 	0.0855 	0.0885 	0.0914 	0.0869 	0.0843 	0.1318 	0.1767 d	0.2754 d	0.1635 	0.1557 	0.1483 	0.1602 	0.1552 
S,E7000,MWH20000-69999,KWH,X_VAT,EUR,RS	: 	: 	: 	: 	: 	: 	: 	: 	: 	: 	: 	: 	0.0484 	0.0498 	0.0449 	0.0559 	0.053 	0.0613 	0.059 	0.0459 	0.0554 	0.0542 	0.0597 	0.0598 	0.0677 	0.0665 	0.0710 	0.0708 	0.0717 	0.0739 	0.0830 	0.0928 	0.1300 	0.1416 	0.1425 	0.1260 	0.1270 
S,E7000,MWH20000-69999,KWH,X_VAT,EUR,SE	0.0472 	0.0526 	0.0555 	0.062 	0.0527 	0.056 	0.0698 	0.0695 	0.0718 	0.0615 	0.0627 	0.0583 	0.0625 	0.0589 	0.0553 	0.0533 	0.048 	0.0446 	0.0463 	0.0515 	0.0465 	0.0476 	0.0481 	0.0555 	0.0561 	0.0506 	0.0384 	0.0477 	0.0536 	0.0801 	0.0903 	0.1287 	0.0917 	0.0721 	0.0725 	0.0598 	0.0667 
S,E7000,MWH20000-69999,KWH,X_VAT,EUR,SI	: 	0.0648 	0.0645 	0.0655 	0.0638 	0.0748 	0.0725 	0.075 	0.0753 	0.0769 	0.0775 	0.078 	0.0771 	0.075 	0.0683 	0.0685 	0.064 	0.0662 	0.0617 	0.0632 	0.0585 	0.0604 	0.0605 	0.0636 	0.0678 	0.0697 	0.0723 	0.0737 	0.0714 	0.0941 	0.1545 	0.1869 	0.1968 	0.1709 	0.1411 	0.1517 	0.1329 
S,E7000,MWH20000-69999,KWH,X_VAT,EUR,SK	: 	0.0848 	0.0968 	0.0992 	0.1104 	0.1094 	0.0979 	0.0972 	0.1067 	0.1045 	0.1093 	0.1104 	0.1059 	0.1043 	0.0939 	0.0949 	0.0935 	0.0925 	0.0857 	0.092 	0.0963 	0.0977 	0.1015 	0.0996 	0.1106 	0.1102 	0.1136 	0.1119 	0.1139 	0.1337 	0.2077 	0.2566 	0.2477 	0.2199 	0.1620 	0.1812 	0.1718 
S,E7000,MWH20000-69999,KWH,X_VAT,EUR,TR	: 	0.0567 	0.0564 	0.0707 	0.0645 	0.0658 	0.0742 	0.076 	0.0626 	0.0571 	0.069 	0.077 	0.0796 	0.0693 	0.0664 	0.0689 	0.0697 	0.0623 	0.0648 	0.0617 	0.0531 	0.0497 	0.0498 	0.0553 	0.0607 	0.0706 	0.0648 	0.0522 	0.0557 	0.0730 	0.1142 	0.1922 	0.1213 	0.0855 	0.0795 	0.0822 	0.0772 
S,E7000,MWH20000-69999,KWH,X_VAT,EUR,UA	: 	: 	: 	: 	: 	: 	: 	: 	: 	: 	: 	: 	: 	: 	: 	: 	: 	: 	0.0488 	0.0583 	0.0545 	0.0508 d	0.0540 	0.0547 	0.0621 	0.0659 	0.0513 	0.0497 	0.0549 	: 	: 	: 	: 	: 	: 	: 	: 
S,E7000,MWH20000-69999,KWH,X_VAT,EUR,UK	0.0954 	0.0885 	0.0853 	0.0977 	0.0998 	0.0867 	0.0834 	0.0794 	0.0842 	0.0862 	0.1009 	0.1059 	0.1061 	0.1074 	0.1169 	0.1202 	0.1336 	0.1359 	0.1251 	0.1151 	0.1201 	0.1181 	0.1207 	0.1246 	0.1330 	0.1375 	0.1443 	: 	: 	: 	: 	: 	: 	: 	: 	: 	: 
S,E7000,MWH20000-69999,KWH,X_VAT,EUR,XK	: 	: 	: 	: 	: 	: 	: 	: 	: 	: 	: 	: 	0.0449 	0.0488 	0.0474 	0.0503 	0.0492 	0.0511 	0.0495 	0.0492 	: @C	: @C	: @C	: @C	: @C	: @C	: @C	: @C	: @C	: @C	: @C	: @C	: @C	: 	: @C	: @C	: 
S,E7000,MWH20000-69999,KWH,X_VAT,NAC,AL	: 	: 	: 	: 	: 	: 	: 	: 	: 	: 	: 	: 	: 	: 	: 	: 	: 	: 	: 	: 	: 	: 	: 	: 	12.8800 e	: 	12.8300 e	12.8300 e	12.8100 e	12.8100 e	12.8100 	12.8100 	12.8100 e	12.8100 e	12.8100 	12.8100 e	14.0000 
S,E7000,MWH20000-69999,KWH,X_VAT,NAC,AT	: 	0.0806 	0.0843 	0.0946 	0.1 	0.1002 	0.0945 	0.0955 	0.0936 	0.0926 	0.088 	0.0882 	0.0856 	0.0853 	0.0833 	0.0808 	0.0764 	0.0785 	0.0716 	0.0731 	0.0699 	0.073 	0.0742 	0.0791 	0.0836 	0.0845 	0.0885 	0.0921 	0.0973 	0.1186 	0.1731 	0.1982 e	0.2294 e	0.2114 e	0.1507 e	0.1585 e	0.1584 e
S,E7000,MWH20000-69999,KWH,X_VAT,NAC,BA	: 	: 	: 	: 	: 	: 	: 	: 	: 	: 	0.0924 	0.0922 	0.0894 	0.0896 	0.0848 	0.0843 	0.0872 	0.0875 	0.0882 	0.0871 	0.0905 	0.0902 	0.0980 	0.1031 	0.1024 	0.1137 	0.1139 	0.1140 	0.1201 	0.1181 	0.1368 	0.1824 	0.1664 	0.1664 	0.1732 	0.1722 	0.1842 
S,E7000,MWH20000-69999,KWH,X_VAT,NAC,BE	: 	0.0729 	0.0806 	0.0817 	0.0927 	0.0909 	0.0805 	0.0799 	0.0839 	0.0903 	0.0803 	0.081 	0.0698 	0.0832 	0.0769 	0.0784 	0.0768 	0.0775 	0.0724 	0.0785 	0.0721 	0.0704 	0.0684 	0.0779 	0.0810 	0.0807 	0.0753 	0.0780 	0.0836 	0.1159 	0.1459 	0.1829 	0.1913 	0.1648 	0.1264 	0.1333 	0.1348 
S,E7000,MWH20000-69999,KWH,X_VAT,NAC,BG	: 	0.084 	0.08 	0.101 	0.106 	0.101 	0.104 	0.1018 	0.1006 	0.0999 	0.1103 	0.1219 	0.1215 	0.1077 	0.1128 	0.1134 	0.1076 	0.1262 	0.1383 	0.122 	0.1075 	0.1252 	0.1335 	0.1325 	0.1469 	0.1518 	0.1404 	0.1443 	0.1633 	0.2755 	0.2972 	0.3393 	0.2958 	0.2479 	0.2077 	0.2466 	0.2306 
S,E7000,MWH20000-69999,KWH,X_VAT,NAC,CY	: 	0.0655 	0.1218 	0.154 	0.1005 	0.1221 	0.1302 	0.1488 	0.1452 	0.1861 	0.2031 	0.2138 	: 	0.1758 	0.158 	0.1633 	0.1182 	0.1222 	0.0851 	0.1084 	0.1217 	0.1265 	0.1316 	0.1684 	0.1528 	0.1695 	0.1381 	0.1281 	0.1484 	0.1896 	0.2315 	0.3091 	0.2717 	0.2657 	0.2381 	0.2468 	0.2256 
S,E7000,MWH20000-69999,KWH,X_VAT,NAC,CZ	: 	1.83 	2.07 	2.07 	2.37 	2.35 	2.327 	2.323 	2.484 	2.4671 	2.3759 	2.3495 	2.4635 	2.4567 	2.1999 	2.2013 	2.0375 	2.0181 	1.7853 	1.7525 	1.6225 	1.6077 	1.6104 	1.6765 	1.8953 	1.9225 	2.0222 	2.0146 	2.0621 	2.0996 	4.0301 	4.7019 	4.5042 	4.3376 	4.2277 	4.5143 	4.1483 
S,E7000,MWH20000-69999,KWH,X_VAT,NAC,DE	0.0752 	0.0832 	0.09 	0.0899 	0.0942 	0.0901 	0.0878 	0.0957 	0.1002 	0.1091 	0.104 	0.1049 	0.1123 	0.1118 	0.1158 	0.1117 	0.1111 	0.1124 	0.1021 	0.0965 	0.0972 	0.0887 	0.0860 	0.0879 	0.0904 	0.1093 	0.1206 	0.1271 	0.1267 	0.1349 	0.1768 	0.1939 	0.1905 	0.1776 	0.1685 	0.1712 	0.1584 
S,E7000,MWH20000-69999,KWH,X_VAT,NAC,DK	: 	0.6042 	0.6229 	0.7011 	0.5721 	0.6152 	0.6277 	0.6428 	0.6578 	0.6081 	0.6313 	0.655 	0.6775 	0.6521 	0.6081 	0.629 	0.5795 	0.5795 	0.6014 	0.5844 	0.511 	0.5111 	0.5176 	0.5260 	0.4566 	0.4362 	0.3928 	0.4611 	0.5497 	0.8685 	1.0962 	1.6464 	0.9554 	0.8313 	0.7821 	0.9001 	0.8973 
S,E7000,MWH20000-69999,KWH,X_VAT,NAC,EA	: 	0.0773 	0.0834 	0.0854 	0.0887 	0.0844 	0.0828 	0.0848 	0.0888 	0.0932 	0.0933 	0.0956 	0.0965 	0.0971 	0.0964 	0.0954 	0.094 	0.0931 	0.0864 	0.0858 	: 	: 	: 	: 	: 	: 	: 	: 	: 	: 	: 	: 	: 	: 	: 	: 	: 
S,E7000,MWH20000-69999,KWH,X_VAT,NAC,EE	: 	0.54 	0.623 	0.684 	0.732 	0.719 	0.927 	1.032 	0.0661 	0.0701 	0.0707 	0.0717 	0.0833 	0.0799 	0.075 	0.0754 	0.0743 	0.0728 	0.0713 	0.0723 	0.0716 	0.069 	0.0708 	0.0756 	0.0757 	0.0758 	0.0654 	0.0693 	0.0787 	0.1327 	0.1482 	0.2433 	0.1369 	0.1356 	0.1361 	0.1421 	0.1166 
S,E7000,MWH20000-69999,KWH,X_VAT,NAC,EL	: 	0.0606 	0.0654 	0.0724 	0.0739 	0.0729 	0.0749 	0.0797 	0.078 	0.0796 	0.0906 	0.0942 	0.0951 	0.0945 	0.0854 	0.0764 	0.0729 	0.0737 	0.0767 	0.0723 	0.0766 	0.0932 	0.0727 	0.0806 	0.0849 	0.0861 	0.0839 	0.0777 	0.0822 	0.1465 	0.1957 	0.1866 	0.1600 	0.1446 	0.1179 	0.1628 	0.1614 
S,E7000,MWH20000-69999,KWH,X_VAT,NAC,ES	: 	0.0693 	0.0713 	0.0781 	0.0834 	0.0823 	0.0759 	0.0764 	0.0789 	0.0812 	0.0876 	0.0877 	0.0863 	0.0869 	0.0786 	0.0832 	0.0831 	0.0816 	0.0734 	0.0759 	0.0787 	0.077 	0.0910 	0.0848 	0.0864 	0.0805 	0.0705 	0.0728 	0.0779 	0.1340 	0.1993 	0.2249 	0.1310 	0.1173 	0.1004 	0.1143 	0.1106 
S,E7000,MWH20000-69999,KWH,X_VAT,NAC,FI	0.0415 	0.0428 	0.0528 	0.0569 	0.0546 	0.0552 	0.0623 	0.059 	0.0651 	0.0601 	0.0584 	0.0599 	0.0589 	0.0606 	0.0563 	0.0561 	0.0534 	0.0528 	0.0519 	0.0541 	0.0517 	0.0528 	0.0537 	0.0588 	0.0567 	0.0586 	0.0507 	0.0565 	0.0538 	0.0730 	0.0872 	0.1307 	0.0810 	0.0685 	0.0764 	0.0522 	0.0542 
S,E7000,MWH20000-69999,KWH,X_VAT,NAC,FR	: 	0.0553 	0.0633 	0.0592 	0.0713 	0.063 	0.0691 	0.0605 	0.0715 	0.0631 	0.0725 	0.0671 	0.0735 	0.0689 	0.075 	0.0708 	0.0784 	0.0719 	0.0648 	0.065 	0.0632 	0.0616 	0.0642 	0.0628 	0.0717 	0.0650 	0.0713 	0.0682 	0.0752 	0.0859 	0.1077 	0.1156 	0.1676 	0.1426 	0.1136 	0.1066 	0.1012 
S,E7000,MWH20000-69999,KWH,X_VAT,NAC,GE	: 	: 	: 	: 	: 	: 	: 	: 	: 	: 	: 	: 	: 	: 	: 	: 	: 	: 	: 	: 	: 	: 	0.1251 	0.1508 	0.1525 	0.1315 	0.1536 	0.1341 	0.2883 	0.2617 	: 	0.2617 	0.2618 	0.2612 	0.0000 	0.2278 	0.0000 
S,E7000,MWH20000-69999,KWH,X_VAT,NAC,HR	0.3 	0.34 	0.39 	0.43 	0.46 	0.45 	0.485 	0.494 	0.451 	0.443 	0.4464 	0.4507 	0.4789 	0.4866 	0.4917 	0.4987 	0.4816 	0.5027 	0.4817 	0.4827 	0.4737 	0.5044 	0.5303 	0.5405 	0.6177 	0.6368 	0.6523 	0.6334 	0.6241 	0.6751 	0.8173 	1.4316 	0.2298 	0.2036 	0.1995 	0.2024 	0.2014 
S,E7000,MWH20000-69999,KWH,X_VAT,NAC,HU	: 	21.55 	22.53 	24.66 	32.7065 	28.61 	22.57 	24.175 	27.3621 	28.5534 	27.789 	27.2253 	28.2511 	28.9536 	27.0452 	27.2712 	26.0236 	26.2773 	23.2904 	22.329 	21.3347 e	21.6255 	22.0184 	23.0488 	26.3576 	26.8335 	28.4850 	27.6680 	27.7754 	31.6415 	64.7816 	101.9848 	100.5119 	84.5279 	65.8235 	74.8761 	68.9450 
S,E7000,MWH20000-69999,KWH,X_VAT,NAC,IE	: 	0.1094 	0.1191 	0.115 	0.0957 	0.0888 	0.0762 	0.0799 	0.0769 	0.0856 	0.0928 	0.1089 	0.1044 	0.1031 	0.1019 	0.0963 	0.1005 	0.0968 	0.0887 	0.0857 	0.0889 	0.0932 	0.1004 	0.1025 	0.0970 	0.0944 	0.0934 	0.0959 	0.1090 	0.1468 	0.1882 	0.2339 	0.2290 	0.2078 	0.2068 	0.2126 	0.2174 
S,E7000,MWH20000-69999,KWH,X_VAT,NAC,IS	: 	: 	: 	: 	: 	: 	: 	: 	: 	: 	: 	: 	: 	: 	: 	: 	: 	: 	: 	: 	: 	: 	: 	: 	: 	: @C	: 	: 	: 	: 	: 	: 	: 	: 	: 	: 	: 
S,E7000,MWH20000-69999,KWH,X_VAT,NAC,IT	: 	: 	0.1164 	0.1229 	0.1137 	0.1081 	0.1055 	0.1158 	0.1131 	0.1331 	0.1239 	0.1419 	0.1321 	0.138 	0.133 	0.1394 	0.1249 	0.1283 	0.1225 	0.126 	0.1204 	0.1175 	0.0943 	0.0977 	0.1114 	0.1157 	0.0972 	0.1001 	0.1061 	0.1470 	0.2253 	0.2977 	0.2103 	0.1799 	0.1539 	0.1709 	0.1658 
S,E7000,MWH20000-69999,KWH,X_VAT,NAC,LI	: 	: 	: 	: 	: 	: 	: 	: 	: 	: 	: 	: 	: 	: 	: 	: 	: 	: 	: 	: 	0 	: 	: 	: 	: 	: 	: 	: 	: 	: 	: 	: 	: 	: 	: 	: 	: 
S,E7000,MWH20000-69999,KWH,X_VAT,NAC,LT	: 	0.1893 	0.2306 	0.2283 	0.2558 	0.2149 	0.3003 	0.3037 	0.3479 	: 	0.4022 	0.4031 	0.4384 	: 	0.4135 	0.3985 	0.0837 	0.0842 	0.0764 	0.0724 	0.0685 	0.0675 	0.0678 	0.0761 	0.0756 	0.0749 	0.0745 	0.0811 	0.0803 	0.1000 	0.1560 	0.2787 	0.1320 	0.1234 	0.1619 	0.1268 	0.1203 
S,E7000,MWH20000-69999,KWH,X_VAT,NAC,LU	: 	: 	: 	: 	0.0653 	0.0655 	0.0668 	0.0678 	0.0618 	0.0618 	0.0644 	0.0643 	0.0615 	0.0616 	0.0595 	0.0597 	0.0591 	0.0502 	0.0446 	0.047 	0.0401 	0.0392 	0.0411 	0.0429 	0.0446 	0.0453 	0.0443 	0.0483 	0.0509 	0.0676 	0.0914 	0.0883 	0.1626 	0.1606 	0.1550 	0.1174 	0.1180 
S,E7000,MWH20000-69999,KWH,X_VAT,NAC,LV	: 	0.0313 	0.0363 	0.0485 	0.0581 	0.0541 	0.0573 	0.0589 	0.0631 	0.0702 	0.0662 	0.068 	0.072 	0.0751 	0.1086 	0.103 	0.1005 	0.0969 	0.1001 	0.1002 	0.0988 	0.096 	0.0747 	0.0752 	0.0785 	0.0801 	0.0765 	0.0756 	0.0735 	0.1062 	0.1374 	0.2810 	0.1904 	0.1802 	0.1109 	0.1059 	0.1024 
S,E7000,MWH20000-69999,KWH,X_VAT,NAC,MD	: 	: 	: 	: 	: 	: 	: 	: 	: 	: 	: 	: 	: 	: 	: 	: 	: 	: 	: 	: 	: 	: 	: 	: 	: 	1.3300 	1.3400 	1.1900 	1.1465 	1.0274 	1.5100 	2.7300 	2.6044 	2.0100 	1.6600 	1.6300 	3.1900 
S,E7000,MWH20000-69999,KWH,X_VAT,NAC,ME	: 	: 	: 	: 	: 	: 	: 	: 	: @C	: @C	0.0497 	0.0581 	0.0605 	0.061 	0.0565 	0.0518 	0.0513 	0.0506 	0.0496 	0.0539 	0.0476 	: 	0.0443 	0.0389 	0.0516 	0.0484 	0.0462 	0.0369 	0.0578 	: 	0.0583 	0.0639 	0.0564 	0.0528 	0.0529 	0.0496 	0.0532 p
S,E7000,MWH20000-69999,KWH,X_VAT,NAC,MK	: 	: 	: 	: 	: 	: 	: 	: 	: 	: 	: 	3.6176 	4.3626 	4.0569 	: @C	: @C	3.7618 	3.6894 	3.1782 	3.6097 	3.3541 	3.3285 	3.8514 	4.0607 	4.2049 	4.2549 	3.9806 	4.0048 	4.1247 	6.2237 	11.7708 	19.8018 	9.2050 	7.2118 	5.0636 	7.9103 	7.3982 
S,E7000,MWH20000-69999,KWH,X_VAT,NAC,MT	: 	0.0249 	0.0581 	0.1323 	0.123 	0.086 	0.135 	0.138 	0.137 	0.136 	0.138 	0.138 	0.139 	0.137 	0.136 	0.144 	0.1275 	0.1121 	0.1113 	0.1135 	0.1004 	0.1024 	0.1004 	0.0850 	0.1077 	0.1079 	0.1029 	0.1064 	0.1071 	0.1098 	0.0891 	0.1016 	0.1057 	0.1095 	0.1050 	0.1016 	0.1047 p
S,E7000,MWH20000-69999,KWH,X_VAT,NAC,NL	0.0825 	0.0786 	0.0842 	0.0843 	0.0912 	0.0836 	0.0758 	0.0716 	0.0745 	0.0704 	0.0734 	0.0714 	0.0777 	0.077 	0.0742 	0.0675 	0.0707 	0.0634 	0.0661 	0.0587 	0.0550 	0.0450 	0.0570 	0.0510 	0.0640 	0.0530 	0.0681 	0.0555 	0.0732 	0.0787 	0.1452 	0.1543 	0.2064 	0.1666 	0.1493 	0.1296 	0.1335 
S,E7000,MWH20000-69999,KWH,X_VAT,NAC,NO	: 	0.421 	0.419 	0.5398 	0.531 	0.4828 	0.6519 	0.5664 	0.6681 	0.491 	0.4599 	0.4372 	0.5015 	0.4873 	0.4334 	0.4576 	0.4292 	0.417 	0.4866 	0.5277 	0.4589 	0.4753 	0.5621 	0.6682 	0.6249 	0.5580 	0.3675 	0.3142 	0.6211 	0.9646 	1.2535 	1.8696 	1.0713 	0.7373 	0.7619 	0.6085 	0.7495 
S,E7000,MWH20000-69999,KWH,X_VAT,NAC,PL	: 	0.1989 	0.258 	0.2693 	0.3371 	0.3363 	0.3169 	0.3211 	0.321 	0.3198 	0.3287 	0.3327 	0.3074 	0.2929 	0.2682 	0.2762 	0.2922 	0.2885 	0.2857 	0.2802 	0.291 	0.2984 	0.3056 	0.3219 	0.3678 	0.3214 	0.3891 	0.3954 	0.4030 	0.4254 	0.5898 	0.7029 	0.9405 	0.8708 	0.6968 	0.7500 	0.6840 
S,E7000,MWH20000-69999,KWH,X_VAT,NAC,PT	: 	0.0632 	0.0681 	0.0694 	0.0685 	0.0692 	0.0674 	0.0685 	0.0735 	0.0794 	0.0936 	0.0919 	0.0917 	0.091 	0.0842 	0.0879 	0.0874 	0.0887 	0.0848 	0.0869 	0.0877 	0.0868 	0.0891 	0.0963 	0.0907 	0.0880 	0.0852 	0.0839 	0.0888 	0.1255 	0.1533 	0.1349 	0.0745 	0.0988 	0.0815 	0.1178 	0.1062 
S,E7000,MWH20000-69999,KWH,X_VAT,NAC,RO	: 	0.2132 	0.2566 	0.2523 	0.2807 	0.2654 	0.2679 	0.2629 	0.2623 	0.2751 	0.2966 	0.275 	0.2959 	0.2755 	0.3237 	0.2784 	0.2905 	0.2851 	0.271 	0.2842 	0.2886 	0.2995 	0.3259 	0.3524 	0.4055 	0.4203 	0.4401 	0.4220 	0.4134 	0.6513 	0.8741 d	1.3542 d	0.8066 	0.7720 	0.7378 	0.7971 	0.7767 
S,E7000,MWH20000-69999,KWH,X_VAT,NAC,RS	: 	: 	: 	: 	: 	: 	: 	: 	: 	: 	: 	: 	5.4139 	5.6845 	5.1899 	6.6417 	6.4068 	7.382 	7.2504 	5.6553 	6.8396 	6.4725 	7.0649 	7.0699 	7.9921 	7.8216 	8.3466 	8.3301 	8.4321 	8.6892 	9.7559 	10.8919 	15.2460 	16.5956 	16.6967 	14.7422 	14.8802 
S,E7000,MWH20000-69999,KWH,X_VAT,NAC,SE	0.435 	0.488 	0.52 	0.611 	0.572 	0.582 	0.683 	0.646 	0.642 	0.5611 	0.5573 	0.4973 	0.5328 	0.5165 	0.4951 	0.4928 	0.4486 	0.4181 	0.4304 	0.4958 	0.4462 	0.4604 	0.4885 	0.5751 	0.5899 	0.5389 	0.4092 	0.4924 	0.5435 	0.8144 	0.9459 	1.3873 	1.0395 	0.8384 	0.8259 	0.6860 	0.7396 
S,E7000,MWH20000-69999,KWH,X_VAT,NAC,SI	: 	0.0648 	0.0645 	0.0655 	0.0638 	0.0748 	0.0725 	0.075 	0.0753 	0.0769 	0.0775 	0.078 	0.0771 	0.075 	0.0683 	0.0685 	0.064 	0.0662 	0.0617 	0.0632 	0.0585 	0.0604 	0.0605 	0.0636 	0.0678 	0.0697 	0.0723 	0.0737 	0.0714 	0.0941 	0.1545 	0.1869 	0.1968 	0.1709 	0.1411 	0.1517 	0.1329 
S,E7000,MWH20000-69999,KWH,X_VAT,NAC,SK	: 	2.84 	3.12 	3.01 	0.1104 	0.1094 	0.0979 	0.0972 	0.1067 	0.1045 	0.1093 	0.1104 	0.1059 	0.1043 	0.0939 	0.0949 	0.0935 	0.0925 	0.0857 	0.092 	0.0963 	0.0977 	0.1015 	0.0996 	0.1106 	0.1102 	0.1136 	0.1119 	0.1139 	0.1337 	0.2077 	0.2566 	0.2477 	0.2199 	0.1620 	0.1812 	0.1718 
S,E7000,MWH20000-69999,KWH,X_VAT,NAC,TR	: 	0.0991 	0.1064 	0.1361 	0.1389 	0.1431 	0.1499 	0.1499 	0.1382 	0.1408 	0.1611 	0.1764 	0.1894 	0.1858 	0.1969 	0.1962 	0.1997 	0.1982 	0.2111 	0.2113 	0.209 	0.2138 	0.2467 	0.3563 	0.3859 	0.4490 	0.4636 	0.4663 	0.5307 	0.8362 	1.8576 	3.5642 	2.6196 	2.5599 	2.7225 	3.0301 	3.1731 
S,E7000,MWH20000-69999,KWH,X_VAT,NAC,UA	: 	: 	: 	: 	: 	: 	: 	: 	: 	: 	: 	: 	: 	: 	: 	: 	: 	: 	1.39 	1.64 	1.58 	1.58 d	1.7500 	1.7422 	1.8881 	1.8112 	1.4663 	1.6374 	1.8391 	: 	: 	: 	: 	: 	: 	: 	: 
S,E7000,MWH20000-69999,KWH,X_VAT,NAC,UK	0.0644 	0.0614 	0.0661 	0.0798 	0.0892 	0.077 	0.0726 	0.0672 	0.0731 	0.0748 	0.083 	0.0847 	0.0903 	0.091 	0.096 	0.0951 	0.0978 	0.0978 	0.0974 	0.0989 	0.1034 	0.1054 	0.1062 	0.1108 	0.1162 	0.1212 	0.1262 	: 	: 	: 	: 	: 	: 	: 	: 	: 	: 
S,E7000,MWH20000-69999,KWH,X_VAT,NAC,XK	: 	: 	: 	: 	: 	: 	: 	: 	: 	: 	: 	: 	0.0449 	0.0488 	0.0474 	0.0503 	0.0492 	0.0511 	0.0495 	0.0492 	: @C	: @C	: @C	: @C	: @C	: @C	: @C	: @C	: @C	: @C	: @C	: @C	: @C	: 	: @C	: @C	: 
S,E7000,MWH20000-69999,KWH,X_VAT,PPS,AL	: 	: 	: 	: 	: 	: 	: 	: 	: 	: 	: 	: 	: 	: 	: 	: 	: 	: 	: 	: 	: 	: 	: 	: 	0.2092 e	: 	0.2017 e	0.2017 e	0.1990 e	0.1990 e	0.1998 	0.1998 	0.2010 e	0.2014 e	0.2036 	0.2048 e	0.2253 
S,E7000,MWH20000-69999,KWH,X_VAT,PPS,AT	: 	0.0754 	0.0773 	0.0867 	0.0891 	0.0893 	0.0857 	0.0866 	0.0845 	0.0836 	0.0798 	0.08 	0.0766 	0.0763 	0.0754 	0.0731 	0.0691 	0.0723 	0.0671 	0.0685 	0.0619 	0.0647 	0.0658 	0.0702 	0.0736 	0.0743 	0.0774 	0.0806 	0.0851 	0.1027 	0.1499 	0.1737 e	0.2043 e	0.1883 e	0.1330 e	0.1399 e	0.1379 e
S,E7000,MWH20000-69999,KWH,X_VAT,PPS,BA	: 	: 	: 	: 	: 	: 	: 	: 	: 	: 	0.0979 	0.0977 	0.0937 	0.094 	0.0897 	0.0892 	0.0923 	0.0949 	0.0954 	0.0941 	0.0913 	0.091 	0.0985 	0.1036 	0.1019 	0.1132 	0.1137 	0.1138 	0.1199 	0.1161 	0.1345 	0.1791 	0.1564 	0.1538 	0.1624 	0.1605 	0.1596 
S,E7000,MWH20000-69999,KWH,X_VAT,PPS,BE	: 	0.0667 	0.0721 	0.0731 	0.0812 	0.0797 	0.0726 	0.072 	0.0756 	0.0814 	0.0725 	0.0731 	0.062 	0.0739 	0.0693 	0.0706 	0.0692 	0.0702 	0.0669 	0.0734 	0.0638 	0.0623 	0.0606 	0.0690 	0.0718 	0.0715 	0.0675 	0.0699 	0.0749 	0.1041 	0.1313 	0.1646 	0.1719 	0.1473 	0.1127 	0.1181 	0.1201 
S,E7000,MWH20000-69999,KWH,X_VAT,PPS,BG	: 	0.1071 	0.0957 	0.1208 	0.1212 	0.1155 	0.1199 	0.1174 	0.1087 	0.1079 	0.12 	0.1326 	0.1306 	0.1158 	0.1223 	0.123 	0.1167 	0.1396 	0.1534 	0.1346 	0.1092 	0.1271 	0.1327 	0.1318 	0.1412 	0.1460 	0.1332 	0.1369 	0.1549 	0.2552 	0.2753 	0.3129 	0.2509 	0.2103 	0.1759 	0.2089 	0.1922 
S,E7000,MWH20000-69999,KWH,X_VAT,PPS,CY	: 	0.1284 	0.1389 	0.1756 	0.1131 	0.1374 	0.1467 	0.1677 	0.1578 	0.2022 	0.2237 	0.2355 	: 	0.197 	0.1797 	0.1858 	0.1345 	0.1341 	0.0963 	0.1226 	0.1364 	0.1418 	0.1466 	0.1876 	0.1686 	0.1870 	0.1508 	0.1398 	0.1620 	0.2068 	0.2525 	0.3411 	0.2970 	0.2915 	0.2650 	0.2710 	0.2470 
S,E7000,MWH20000-69999,KWH,X_VAT,PPS,CZ	: 	0.1065 	0.1134 	0.1134 	0.1283 	0.1272 	0.1273 	0.1271 	0.1399 	0.1389 	0.1345 	0.133 	0.1389 	0.1385 	0.1246 	0.1247 	0.1154 	0.1157 	0.1033 	0.1022 	0.0897 	0.0889 	0.0883 	0.0919 	0.1016 	0.1031 	0.1056 	0.1052 	0.1077 	0.1085 	0.2082 	0.2446 	0.2267 	0.2189 	0.2107 	0.2223 	0.2044 
S,E7000,MWH20000-69999,KWH,X_VAT,PPS,DE	0.0735 	0.0813 	0.0866 	0.0865 	0.0876 	0.0838 	0.0841 	0.0917 	0.0964 	0.105 	0.1006 	0.1015 	0.1068 	0.1064 	0.1111 	0.1072 	0.1066 	0.1078 	0.099 	0.0931 	0.0896 	0.0818 	0.0791 	0.0809 	0.0818 	0.0988 	0.1091 	0.1150 	0.1147 	0.1214 	0.1592 	0.1746 	0.1701 	0.1587 	0.1498 	0.1530 	0.1418 
S,E7000,MWH20000-69999,KWH,X_VAT,PPS,DK	: 	0.0595 	0.0607 	0.0684 	0.0549 	0.0591 	0.0618 	0.0633 	0.0653 	0.0604 	0.0627 	0.065 	0.0674 	0.0648 	0.0605 	0.0625 	0.0597 	0.0597 	0.0602 	0.0585 	0.0511 	0.0511 	0.0518 	0.0527 	0.0461 	0.0440 	0.0396 	0.0465 	0.0554 	0.0879 	0.1103 	0.1656 	0.0970 	0.0838 	0.0793 	0.0913 	0.0920 
S,E7000,MWH20000-69999,KWH,X_VAT,PPS,EA	: 	0.0769 	0.0811 	0.0831 	0.0846 	0.0805 	0.0796 	0.0815 	0.0855 	0.0898 	0.0907 	0.093 	0.0935 	0.094 	0.0942 	0.0932 	0.0935 	0.0927 	0.0842 	0.0836 	0.0836 	0.0805 	0.0782 	0.0789 	0.0846 	0.0873 	0.0874 	0.0886 	0.0934 	0.1182 	0.1660 	0.1932 	0.1741 	0.1549 	0.1336 	0.1406 	0.1349 
S,E7000,MWH20000-69999,KWH,X_VAT,PPS,EE	: 	0.0508 	0.0561 	0.0616 	0.0668 	0.0656 	0.0874 	0.0973 	0.0952 	0.1009 	0.0997 	0.1011 	0.1143 	0.1096 	0.1004 	0.101 	0.0995 	0.1004 	0.0979 	0.1015 	0.0919 	0.0886 	0.0889 	0.0949 	0.0932 	0.0933 	0.0815 	0.0864 	0.0981 	0.1620 	0.1809 	0.2968 	0.1546 	0.1511 	0.1512 	0.1548 	0.1276 
S,E7000,MWH20000-69999,KWH,X_VAT,PPS,EL	: 	0.0684 	0.0729 	0.0807 	0.0797 	0.0786 	0.0815 	0.0867 	0.0841 	0.0858 	0.1013 	0.1053 	0.1114 	0.1107 	0.103 	0.0921 	0.0879 	0.0921 	0.0929 	0.0876 	0.0915 	0.1113 	0.0874 	0.0969 	0.1029 	0.1043 	0.1014 	0.0939 	0.0994 	0.1785 	0.2378 	0.2268 	0.1951 	0.1763 	0.1456 	0.2010 	0.1986 
S,E7000,MWH20000-69999,KWH,X_VAT,PPS,ES	: 	0.0772 	0.0773 	0.0847 	0.0884 	0.0873 	0.0808 	0.0813 	0.0846 	0.087 	0.0968 	0.0969 	0.0958 	0.0965 	0.0879 	0.093 	0.0929 	0.0911 	0.0829 	0.0849 	0.0857 	0.0838 	0.0976 	0.0910 	0.0927 	0.0864 	0.0751 	0.0775 	0.0830 	0.1432 	0.2130 	0.2382 	0.1405 	0.1258 	0.1096 	0.1274 	0.1233 
S,E7000,MWH20000-69999,KWH,X_VAT,PPS,EU27_2020	: 	: 	: 	: 	: 	: 	: 	: 	: 	: 	: 	: 	: 	: 	: 	: 	: 	: 	: 	: 	0.0846 	0.0826 	0.0812 	0.0830 	0.0896 	0.0906 	0.0917 	0.0930 	0.0976 	0.1221 	0.1700 	0.2046 	0.1885 	0.1684 	0.1436 	0.1516 	0.1441 
S,E7000,MWH20000-69999,KWH,X_VAT,PPS,FI	0.0358 	0.0369 	0.045 	0.0484 	0.0455 	0.046 	0.0522 	0.0494 	0.0541 	0.05 	0.0484 	0.0496 	0.0477 	0.0491 	0.0453 	0.0451 	0.0429 	0.0425 	0.0425 	0.0447 	0.0416 	0.0425 	0.0428 	0.0468 	0.0451 	0.0466 	0.0401 	0.0447 	0.0425 	0.0587 	0.0699 	0.1048 	0.0653 	0.0552 	0.0636 	0.0435 	0.0451 
S,E7000,MWH20000-69999,KWH,X_VAT,PPS,FR	: 	0.0502 	0.0561 	0.0524 	0.0623 	0.055 	0.0616 	0.0539 	0.0639 	0.0564 	0.0646 	0.0598 	0.065 	0.0621 	0.0682 	0.0646 	0.0732 	0.0671 	0.059 	0.0592 	0.0564 	0.0549 	0.0576 	0.0564 	0.0659 	0.0598 	0.0655 	0.0627 	0.0691 	0.0790 	0.0994 	0.1066 	0.1543 	0.1306 	0.1040 	0.0976 	0.0929 
S,E7000,MWH20000-69999,KWH,X_VAT,PPS,HR	0.0634 	0.0718 	0.0795 	0.0877 	0.0898 	0.0879 	0.0946 	0.0963 	0.0901 	0.0885 	0.0925 	0.0934 	0.0995 	0.1011 	0.1017 	0.1031 	0.0996 	0.1044 	0.1015 	0.102 	0.0978 	0.1042 	0.1089 	0.1110 	0.1268 	0.1307 	0.1342 	0.1303 	0.1284 	0.1376 	0.1666 	0.2916 	0.3452 	0.3022 	0.2887 	0.2962 	0.2825 
S,E7000,MWH20000-69999,KWH,X_VAT,PPS,HU	: 	0.1331 	0.136 	0.1488 	0.1959 	0.1714 	0.1373 	0.1471 	0.1654 	0.1726 	0.1651 	0.1618 	0.165 	0.1691 	0.1547 	0.156 	0.1489 	0.1502 	0.1326 	0.1276 	0.1077 e	0.1092 	0.1072 	0.1122 	0.1236 	0.1258 	0.1279 	0.1242 	0.1190 	0.1364 	0.2562 	0.4033 	0.3975 	0.3343 	0.2419 	0.2798 	0.2460 
S,E7000,MWH20000-69999,KWH,X_VAT,PPS,IE	: 	0.0926 	0.0978 	0.0944 	0.0807 	0.0749 	0.069 	0.0723 	0.0697 	0.0776 	0.0846 	0.0993 	0.0947 	0.0936 	0.0916 	0.0865 	0.0903 	0.0869 	0.0799 	0.0795 	0.0768 	0.0806 	0.0859 	0.0878 	0.0807 	0.0786 	0.0779 	0.0789 	0.0909 	0.1225 	0.1595 	0.1967 	0.1913 	0.1748 	0.1722 	0.1796 	0.1836 
S,E7000,MWH20000-69999,KWH,X_VAT,PPS,IS	: 	: 	: 	: 	: 	: 	: 	: 	: 	: 	: 	: 	: 	: 	: 	: 	: 	: 	: 	: 	: 	: 	: 	: 	: 	: @C	: 	: 	: 	: 	: 	: 	: 	: 	: 	: 	: 
S,E7000,MWH20000-69999,KWH,X_VAT,PPS,IT	: 	: 	0.1153 	0.1217 	0.1097 	0.1043 	0.1032 	0.1133 	0.111 	0.1306 	0.1234 	0.1413 	0.1309 	0.1368 	0.1325 	0.1389 	0.1244 	0.1275 	0.1248 	0.1284 	0.1198 	0.117 	0.0940 	0.0974 	0.1119 	0.1162 	0.0978 	0.1008 	0.1068 	0.1499 	0.2298 	0.3048 	0.2187 	0.1875 	0.1594 	0.1777 	0.1733 
S,E7000,MWH20000-69999,KWH,X_VAT,PPS,LT	: 	0.0953 	0.106 	0.105 	0.1195 	0.1004 	0.1471 	0.1488 	0.1669 	: 	0.1932 	0.1937 	0.2071 	: 	0.1953 	0.1882 	0.1359 	0.1396 	0.1263 	0.1216 	0.1062 	0.1047 	0.1029 	0.1155 	0.1127 	0.1116 	0.1093 	0.1190 	0.1178 	0.1437 	0.2242 	0.4036 	0.1754 	0.1640 	0.2096 	0.1630 	0.1539 
S,E7000,MWH20000-69999,KWH,X_VAT,PPS,LU	: 	: 	: 	: 	0.0542 	0.0543 	0.0553 	0.0561 	0.0521 	0.0521 	0.0545 	0.0544 	0.0507 	0.0508 	0.0499 	0.0501 	0.0496 	0.0418 	0.0379 	0.0398 	0.0325 	0.0317 	0.0329 	0.0343 	0.0354 	0.0359 	0.0342 	0.0373 	0.0393 	0.0530 	0.0717 	0.0682 	0.1253 	0.1214 	0.1172 	0.0893 	0.0894 
S,E7000,MWH20000-69999,KWH,X_VAT,PPS,LV	: 	0.0671 	0.0719 	0.096 	0.1207 	0.1124 	0.1237 	0.1272 	0.1336 	0.1486 	0.1379 	0.1416 	0.1482 	0.1545 	0.1584 	0.1502 	0.1465 	0.1436 	0.1504 	0.1511 	0.14 	0.1361 	0.1032 	0.1038 	0.1061 	0.1083 	0.1036 	0.1024 	0.0996 	0.1400 	0.1790 	0.3660 	0.2385 	0.2251 	0.1375 	0.1370 	0.1328 
S,E7000,MWH20000-69999,KWH,X_VAT,PPS,ME	: 	: 	: 	: 	: 	: 	: 	: 	: @C	: @C	0.1012 	0.1183 	0.1206 	0.1216 	0.11 	0.1009 	0.1063 	0.1048 	0.1012 	0.1117 	0.0955 	: 	0.0864 	0.0758 	0.1016 	0.0953 	0.0916 	0.0732 	0.1146 	: 	0.1120 	0.1241 	0.1052 	0.0967 	0.0930 	0.0882 	0.0949 p
S,E7000,MWH20000-69999,KWH,X_VAT,PPS,MK	: 	: 	: 	: 	: 	: 	: 	: 	: 	: 	: 	0.1448 	0.1704 	0.1585 	: @C	: @C	0.1494 	0.1465 	0.125 	0.1406 	0.1214 	0.1205 	0.1372 	0.1447 	0.1501 	0.1519 	0.1405 	0.1414 	0.1456 	0.2125 	0.4019 	0.6903 	0.3125 	0.2469 	0.1698 	0.2536 	0.2372 
S,E7000,MWH20000-69999,KWH,X_VAT,PPS,MT	: 	0.0829 	0.081 	0.1845 	0.1691 	0.1182 	0.1848 	0.1889 	0.1812 	0.1799 	0.18 	0.18 	0.1782 	0.1757 	0.1697 	0.1796 	0.159 	0.1398 	0.1388 	0.1414 	0.1207 	0.1231 	0.1166 	0.0987 	0.1255 	0.1257 	0.1173 	0.1213 	0.1221 	0.1244 	0.1020 	0.1147 	0.1179 	0.1221 	0.1156 	0.1119 	0.1151 p
S,E7000,MWH20000-69999,KWH,X_VAT,PPS,NL	0.0781 	0.0744 	0.0781 	0.0782 	0.0815 	0.0747 	0.0681 	0.0643 	0.0677 	0.064 	0.067 	0.0651 	0.071 	0.0704 	0.0678 	0.0617 	0.0652 	0.0584 	0.0609 	0.0544 	0.0483 	0.0395 	0.0498 	0.0445 	0.0542 	0.0449 	0.0584 	0.0476 	0.0630 	0.0678 	0.1241 	0.1318 	0.1756 	0.1417 	0.1274 	0.1106 	0.1139 
S,E7000,MWH20000-69999,KWH,X_VAT,PPS,NO	: 	0.0389 	0.0374 	0.0482 	0.0446 	0.0405 	0.0552 	0.048 	0.0561 	0.0412 	0.0392 	0.0373 	0.0411 	0.04 	0.0346 	0.0366 	0.0343 	0.0332 	0.0378 	0.0407 	0.0328 	0.034 	0.0397 	0.0472 	0.0430 	0.0384 	0.0243 	0.0207 	0.0410 	0.0665 	0.0865 	0.1303 	0.0785 	0.0544 	0.0536 	0.0429 	0.0518 
S,E7000,MWH20000-69999,KWH,X_VAT,PPS,PL	: 	0.0876 	0.1086 	0.1133 	0.136 	0.1357 	0.1329 	0.1347 	0.1325 	0.132 	0.1363 	0.1379 	0.1274 	0.1214 	0.1108 	0.1141 	0.1207 	0.1199 	0.1208 	0.1186 	0.1147 	0.1176 	0.1186 	0.1249 	0.1400 	0.1223 	0.1452 	0.1476 	0.1504 	0.1545 	0.2032 	0.2422 	0.3266 	0.3024 	0.2271 	0.2444 	0.2209 
S,E7000,MWH20000-69999,KWH,X_VAT,PPS,PT	: 	0.0777 	0.0819 	0.0835 	0.0814 	0.0822 	0.0814 	0.0827 	0.0895 	0.0967 	0.1175 	0.1153 	0.1176 	0.1167 	0.1082 	0.113 	0.1124 	0.1138 	0.1089 	0.1111 	0.1046 	0.1035 	0.1058 	0.1143 	0.1080 	0.1048 	0.1001 	0.0986 	0.1044 	0.1465 	0.1790 	0.1576 	0.0871 	0.1172 	0.0986 	0.1431 	0.1288 
S,E7000,MWH20000-69999,KWH,X_VAT,PPS,RO	: 	0.1144 	0.1255 	0.1234 	0.1333 	0.126 	0.1285 	0.1261 	0.1244 	0.1304 	0.1396 	0.1295 	0.1342 	0.125 	0.1417 	0.1218 	0.1271 	0.1294 	0.123 	0.1304 	0.1228 	0.1275 	0.1322 	0.1430 	0.1610 	0.1669 	0.1722 	0.1651 	0.1618 	0.2490 	0.3169 d	0.4910 d	0.2925 	0.2799 	0.2624 	0.2812 	0.2617 
S,E7000,MWH20000-69999,KWH,X_VAT,PPS,RS	: 	: 	: 	: 	: 	: 	: 	: 	: 	: 	: 	: 	0.0984 	0.1033 	0.0912 	0.1167 	0.1126 	0.1373 	0.1331 	0.1045 	0.1151 	0.1089 	0.1169 	0.1170 	0.1303 	0.1275 	0.1335 	0.1333 	0.1349 	0.1357 	0.1524 	0.1704 	0.2261 	0.2424 	0.2324 	0.2065 	0.2069 
S,E7000,MWH20000-69999,KWH,X_VAT,PPS,SE	0.0397 	0.0446 	0.0463 	0.0544 	0.0483 	0.0491 	0.058 	0.0548 	0.0547 	0.0478 	0.048 	0.0429 	0.0457 	0.0443 	0.0418 	0.0416 	0.0379 	0.0349 	0.0359 	0.0415 	0.0346 	0.0357 	0.0374 	0.0440 	0.0446 	0.0408 	0.0309 	0.0372 	0.0413 	0.0619 	0.0719 	0.1055 	0.0771 	0.0621 	0.0607 	0.0508 	0.0550 
S,E7000,MWH20000-69999,KWH,X_VAT,PPS,SI	: 	0.0836 	0.0794 	0.0807 	0.0745 	0.0873 	0.0863 	0.0892 	0.0901 	0.0921 	0.0958 	0.0964 	0.0958 	0.0932 	0.0854 	0.0857 	0.0801 	0.0828 	0.0784 	0.0807 	0.0705 	0.0727 	0.0722 	0.0759 	0.0810 	0.0832 	0.0860 	0.0877 	0.0849 	0.1110 	0.1822 	0.2200 	0.2290 	0.2014 	0.1630 	0.1760 	0.1523 
S,E7000,MWH20000-69999,KWH,X_VAT,PPS,SK	: 	0.1251 	0.146 	0.1408 	0.1625 	0.161 	0.1465 	0.1454 	0.1553 	0.1521 	0.1601 	0.1617 	0.1559 	0.1535 	0.1409 	0.1424 	0.1403 	0.1423 	0.131 	0.1416 	0.128 	0.1299 	0.1322 	0.1297 	0.1405 	0.1400 	0.1411 	0.1390 	0.1415 	0.1652 	0.2566 	0.3189 	0.2990 	0.2773 	0.2000 	0.2264 	0.2142 
S,E7000,MWH20000-69999,KWH,X_VAT,PPS,TR	: 	0.093 	0.0934 	0.1195 	0.1145 	0.118 	0.1216 	0.1216 	0.1051 	0.1071 	0.1165 	0.1275 	0.1286 	0.1262 	0.1241 	0.1236 	0.1258 	0.1268 	0.1271 	0.127 	0.1037 	0.1061 	0.1024 	0.1479 	0.1367 	0.1591 	0.1410 	0.1418 	0.1614 	0.2006 	0.4457 	0.4914 	0.3530 	0.3450 	0.2442 	0.1674 	0.1753 
S,E7000,MWH20000-69999,KWH,X_VAT,PPS,UK	0.081 	0.0772 	0.0793 	0.0958 	0.1023 	0.0883 	0.0802 	0.0742 	0.0788 	0.0807 	0.0908 	0.0926 	0.0976 	0.0984 	0.1024 	0.1014 	0.106 	0.106 	0.1056 	0.1072 	0.1037 	0.1057 	0.1053 	0.1099 	0.1141 	0.1190 	0.1224 	: 	: 	: 	: 	: 	: 	: 	: 	: 	: 
S,E7000,MWH500-1999,KWH,I_TAX,EUR,AL	: 	: 	: 	: 	: 	: 	: 	: 	: 	: 	: 	: 	: 	: 	: 	: 	: 	: 	: 	: 	: 	: 	: 	: 	0.1248 e	: 	0.1245 e	0.1243 e	0.1247 e	0.1263 e	0.1268 	0.1316 	0.1362 e	0.1468 e	0.1503 	0.1551 e	0.1703 
S,E7000,MWH500-1999,KWH,I_TAX,EUR,AT	: 	0.1128 	0.1276 	0.1286 	0.1421 	0.1394 	0.1352 	0.1353 	0.1351 	0.1353 	0.1322 	0.1339 	0.1337 	0.1329 	0.1307 	0.1266 	0.1247 	0.126 	0.1264 	0.1229 	0.1116 	0.1196 	0.1196 	0.1215 	0.1290 	0.1305 	0.1429 	0.1421 	0.1474 	0.1534 	0.1940 	0.2143 e	0.3117 e	0.2965 e	0.2384 e	0.2407 e	0.2434 e
S,E7000,MWH500-1999,KWH,I_TAX,EUR,BA	: 	: 	: 	: 	: 	: 	0.0728 	0.072 	0.0717 	0.0754 	0.0757 	0.0766 	0.0764 	0.0766 	0.0762 	0.0726 	0.0732 	0.0717 	0.0716 	0.0711 	0.0695 	0.0718 	0.0773 	0.0764 	0.0780 	0.0817 	0.0858 	0.0854 	0.0874 	0.0847 	0.0867 	0.1044 	0.1065 	0.1056 	0.1119 	0.1114 	0.1289 
S,E7000,MWH500-1999,KWH,I_TAX,EUR,BE	: 	0.1149 	0.1293 	0.1163 	0.1344 	0.1305 	0.1274 	0.1276 	0.1328 	0.1381 	0.1302 	0.134 	0.1305 	0.1325 	0.1283 	0.1309 	0.1301 	0.1297 	0.1349 	0.1398 	0.1336 	0.1314 	0.1315 	0.1373 	0.1385 	0.1388 	0.1408 	0.1426 	0.1464 	0.1732 	0.2349 	0.2863 	0.2743 	0.2619 	0.2153 	0.2197 	0.2348 
S,E7000,MWH500-1999,KWH,I_TAX,EUR,BG	: 	0.068 	0.0675 	0.0782 	0.0777 	0.0767 	0.0782 	0.0798 	0.0778 	0.08 	0.0832 	0.0935 	0.0976 	0.0871 	0.0896 	0.0909 	0.0831 	0.0939 	0.1202 	0.0946 	0.0915 	0.0947 	0.0972 	0.1015 	0.1065 	0.1042 	0.0979 	0.1011 	0.1155 	0.1876 	0.2084 	0.2152 	0.1791 	0.1634 	0.1363 	0.1587 	0.1526 
S,E7000,MWH500-1999,KWH,I_TAX,EUR,CY	: 	0.1597 	0.1638 	0.2075 	0.136 	0.1715 	0.1727 	0.1984 	0.1919 	0.2419 	0.2601 	0.2732 	0.244 	0.2367 	0.207 	0.2256 	0.1648 	0.1668 	0.1238 	0.1532 	0.1664 	0.1637 	0.1653 	0.2137 	0.1901 	0.2115 	0.1706 	0.1608 	0.1786 	0.2298 	0.2921 	0.3739 	0.3262 	0.3261 	0.2893 	0.3041 	0.2736 
S,E7000,MWH500-1999,KWH,I_TAX,EUR,CZ	: 	0.1128 	0.1318 	0.1335 	0.1271 	0.1335 	0.1239 	0.1297 	0.133 	0.1299 	0.1247 	0.1234 	0.1237 	0.1198 	0.1003 	0.0991 	0.0934 	0.0947 	0.0884 	0.0885 	0.0832 	0.0859 	0.0887 	0.0872 	0.0930 	0.0948 	0.1023 	0.1019 	0.1069 	0.1031 	0.1904 	0.2141 	0.2389 	0.2176 	0.2239 	0.2347 	0.2232 
S,E7000,MWH500-1999,KWH,I_TAX,EUR,DE	0.131 	0.1353 	0.141 	0.1428 	0.1505 	0.1515 	0.1507 	0.1562 	0.1668 	0.1662 	0.1703 	0.1727 	0.1879 	0.1902 	0.2071 	0.1992 	0.1979 	0.196 	0.1974 	0.1958 	0.1991 	0.1985 	0.1967 	0.1987 	0.2036 	0.1989 	0.2180 	0.2181 	0.2239 	0.2298 	0.2616 	0.2524 	0.2691 	0.2671 	0.2798 	0.2834 	0.2745 
S,E7000,MWH500-1999,KWH,I_TAX,EUR,DK	: 	0.2074 	0.2113 	0.2245 	0.2067 	0.214 	0.227 	0.2293 	0.2423 	0.2343 	0.2391 	0.2421 	0.2496 	0.2463 	0.2562 	0.2606 	0.2589 	0.2587 	0.2664 	0.2651 	0.2579 	0.2579 	0.2537 	0.2510 	0.2358 	0.2324 	0.2252 	0.2349 	0.2503 	0.2961 	0.3521 	0.4089 	0.1680 	0.2625 	0.2588 	0.2867 	0.2738 
S,E7000,MWH500-1999,KWH,I_TAX,EUR,EA	0.1224 	0.1062 	0.12 	0.1236 	0.1319 	0.1261 	0.1293 	0.1292 	0.1392 	0.1414 	0.1473 	0.1477 	0.154 	0.1523 	0.1604 	0.1562 	0.1549 	0.1511 	0.1497 	0.147 	0.1510 	0.1482 	0.1493 	0.1487 	0.1593 	0.1549 	0.1621 	0.1612 	0.1664 	0.1838 	0.2288 	0.2536 	0.2659 	0.2483 	0.2308 	0.2386 	0.2336 
S,E7000,MWH500-1999,KWH,I_TAX,EUR,EE	: 	0.0626 	0.0669 	0.0711 	0.0759 	0.0774 	0.0833 	0.0873 	0.0862 	0.0902 	0.0941 	0.0981 	0.1169 	0.1164 	0.11 	0.1117 	0.1066 	0.1117 	0.1054 	0.1075 	0.1044 	0.1015 	0.1038 	0.1109 	0.1100 	0.1098 	0.0988 	0.1048 	0.1148 	0.1831 	0.1950 	0.3103 	0.1880 	0.1884 	0.1743 	0.1811 	0.1751 
S,E7000,MWH500-1999,KWH,I_TAX,EUR,EL	: 	0.0863 	0.0941 	0.1006 	0.1037 	0.102 	0.1036 	0.1139 	0.1182 	0.1256 	0.1337 	0.1381 	0.1411 	0.14 	0.151 	0.1467 	0.146 	0.1299 	0.1326 	0.126 	0.1215 	0.1315 	0.1169 	0.1184 	0.1191 	0.1149 	0.1139 	0.1120 	0.1243 	0.2371 	0.2447 	0.2602 	0.2015 	0.1941 	0.1642 	0.2124 	0.2084 
S,E7000,MWH500-1999,KWH,I_TAX,EUR,ES	: 	0.1106 	0.1108 	0.1238 	0.1338 	0.1299 	0.1354 	0.129 	0.1342 	0.1364 	0.1433 	0.1447 	0.1482 	0.1454 	0.1507 	0.1412 	0.142 	0.1371 	0.1337 	0.1245 	0.1284 	0.1249 	0.1282 	0.1329 	0.1389 	0.1336 	0.1302 	0.1422 	0.1300 	0.1705 	0.2255 	0.2598 	0.1912 	0.1837 	0.1629 	0.1703 	0.1692 
S,E7000,MWH500-1999,KWH,I_TAX,EUR,EU27_2020	0.1156 	0.1067 	0.1184 	0.1227 	0.1282 	0.1242 	0.1275 	0.1278 	0.1366 	0.1375 	0.1418 	0.1424 	0.1481 	0.1456 	0.1507 	0.147 	0.1457 	0.1424 	0.1408 	0.1386 	0.1415 	0.1394 	0.1408 	0.1406 	0.1508 	0.1454 	0.1527 	0.1523 	0.1572 	0.1750 	0.2207 	0.2498 	0.2575 	0.2417 	0.2263 	0.2332 	0.2282 
S,E7000,MWH500-1999,KWH,I_TAX,EUR,FI	0.0704 	0.0715 	0.0781 	0.0822 	0.0841 	0.0833 	0.0846 	0.0841 	0.093 	0.0923 	0.0928 	0.0915 	0.0929 	0.0929 	0.091 	0.0895 	0.0877 	0.0875 	0.0849 	0.0861 	0.0827 	0.0838 	0.0844 	0.0876 	0.0880 	0.0894 	0.0862 	0.0941 	0.0838 	0.0992 	0.1002 	0.1399 	0.1187 	0.1097 	0.1078 	0.0983 	0.1009 
S,E7000,MWH500-1999,KWH,I_TAX,EUR,FR	: 	0.0686 	0.0778 	0.0736 	0.0865 	0.0774 	0.093 	0.0835 	0.1014 	0.0948 	0.1117 	0.0951 	0.1157 	0.1022 	0.1183 	0.1126 	0.1232 	0.1141 	0.1145 	0.1075 	0.118 	0.1102 	0.1175 	0.1053 	0.1225 	0.1136 	0.1265 	0.1142 	0.1255 	0.1207 	0.1514 	0.1486 	0.3010 	0.2535 	0.2137 	0.2122 	0.1938 
S,E7000,MWH500-1999,KWH,I_TAX,EUR,GE	: 	: 	: 	: 	: 	: 	: 	: 	: 	: 	: 	: 	: 	: 	: 	: 	: 	: 	: 	: 	: 	: 	0.0577 	0.0666 	0.0702 	0.0560 	0.0596 	0.0514 	0.0841 	0.0775 	: 	0.1122 	0.1096 	0.1059 	0.0960 	0.0950 	0.1011 
S,E7000,MWH500-1999,KWH,I_TAX,EUR,HR	0.0815 	0.0902 	0.0922 	0.1142 	0.1057 	0.111 	0.1155 	0.1112 	0.1115 	0.1094 	0.112 	0.1175 	0.1186 	0.118 	0.1195 	0.1148 	0.115 	0.1159 	0.1129 	0.1096 	0.0987 	0.104 	0.1124 	0.1144 	0.1169 	0.1192 	0.1179 	0.1156 	0.1158 	0.1290 	0.1755 	0.2705 	0.3312 	0.2638 	0.2616 	0.2600 	0.2618 
S,E7000,MWH500-1999,KWH,I_TAX,EUR,HU	: 	0.1354 	0.1371 	0.1461 	0.1487 	0.1618 	0.132 	0.1312 	0.1271 	0.1317 	0.119 	0.1255 	0.121 	0.1229 	0.1142 	0.1123 	0.108 	0.1084 	0.1004 	0.0992 	0.0947 e	0.0957 	0.1042 	0.1023 	0.1205 	0.1188 	0.1226 	0.1167 	0.1144 	0.1304 	0.2124 	0.2846 	0.3887 	0.3401 	0.2838 	0.2861 	0.2644 
S,E7000,MWH500-1999,KWH,I_TAX,EUR,IE	: 	0.1388 	0.1489 	0.1604 	0.1364 	0.1327 	0.1263 	0.1277 	0.1281 	0.146 	0.1488 	0.1575 	0.1534 	0.1541 	0.1541 	0.1532 	0.1601 	0.1531 	0.1498 	0.1404 	0.1392 	0.1399 	0.1491 	0.1518 	0.1524 	0.1499 	0.1498 	0.1513 	0.1705 	0.2123 	0.2417 	0.3119 	0.3070 	0.2798 	0.2778 	0.2772 	0.2955 
S,E7000,MWH500-1999,KWH,I_TAX,EUR,IS	: 	: 	: 	: 	: 	: 	: 	: 	: 	: 	: 	: 	: 	: 	: 	: 	: 	: 	0.0912 	0.074 	0.098 p	: 	0.0861 e	0.0491 	0.0672 	0.0672 e	0.0820 e	0.0801 e	0.0552 e	0.0896 e	0.0934 e	0.0996 e	0.0976 e	0.0994 e	0.1074 e	0.1198 e	: 
S,E7000,MWH500-1999,KWH,I_TAX,EUR,IT	: 	: 	0.1565 	0.1704 	0.1773 	0.1581 	0.1596 	0.1663 	0.1741 	0.1908 	0.1919 	0.2075 	0.1951 	0.1995 	0.2 	0.2033 	0.1873 	0.1855 	0.1771 	0.1807 	0.1712 	0.1675 	0.1642 	0.1662 	0.1895 	0.1870 	0.1738 	0.1753 	0.1837 	0.2142 	0.2949 	0.3925 	0.2819 	0.2645 	0.2417 	0.2641 	0.2706 
S,E7000,MWH500-1999,KWH,I_TAX,EUR,LI	: 	: 	: 	: 	: 	: 	: 	: 	: 	: 	: 	: 	: 	: 	0.1494 	0.1511 	0.176 	0.1741 	0.158 	0.1597 	0.1399 	0.0835 	0.0934 	0.0960 	0.1031 	0.1056 	0.1100 	0.1113 	0.1077 	0.1202 	0.1513 	0.1678 	0.3505 	0.2736 	0.2210 	0.2050 	0.2308 
S,E7000,MWH500-1999,KWH,I_TAX,EUR,LT	: 	0.0878 	0.0978 	0.099 	0.1099 	0.0954 	0.1205 	0.1265 	0.1269 	0.1256 	0.1378 	0.1384 	0.1489 	0.1485 	0.1414 	0.1417 	0.1198 	0.1205 	0.1136 	0.1069 	0.1024 	0.1 	0.1014 	0.1089 	0.1119 	0.1146 	0.1142 	0.1242 	0.1266 	0.1689 	0.2182 	0.3990 	0.2018 	0.1958 	0.2043 	0.1985 	0.1932 
S,E7000,MWH500-1999,KWH,I_TAX,EUR,LU	0.1095 	0.1035 	0.1035 	0.1038 	0.1227 	0.1228 	0.1078 	0.1086 	0.1063 	0.106 	0.1113 	0.1074 	0.1042 	0.1063 	0.1067 	0.1046 	0.1003 	0.0965 	0.0943 	0.0926 	0.0849 	0.0873 	0.0905 	0.0914 	0.0975 	0.0983 	0.1009 	0.1020 	0.1037 	0.1058 	0.1404 	0.1638 	0.2664 	0.2511 	0.2217 	0.2209 	0.1922 
S,E7000,MWH500-1999,KWH,I_TAX,EUR,LV	: 	0.0702 	0.0779 	0.094 	0.1085 	0.1082 	0.1076 	0.1096 	0.1201 	0.1344 	0.1346 	0.1344 	0.1362 	0.1394 	0.1417 	0.1374 	0.1425 	0.1432 	0.141 	0.1453 	0.1427 	0.1402 	0.1257 	0.1267 	0.1273 	0.1295 	0.1246 	0.1276 	0.1224 	0.1635 	0.1512 	0.2609 	0.1773 	0.1836 	0.1778 	0.1767 	0.1663 
S,E7000,MWH500-1999,KWH,I_TAX,EUR,MD	: 	: 	: 	: 	: 	: 	: 	: 	: 	: 	: 	: 	: 	: 	: 	: 	0.0842 	0.0915 	0.0859 	0.0932 	0.0991 	0.1019 	0.1054 	0.0966 	0.0918 	0.0951 	0.0954 	0.0858 	0.0757 	0.0762 	0.0910 	0.1787 	0.1754 	0.1309 	0.1187 	0.1163 	0.2028 
S,E7000,MWH500-1999,KWH,I_TAX,EUR,ME	: 	: 	: 	: 	: 	: 	: 	: 	0.0722 	0.0746 	0.0804 	0.0851 	0.0882 	0.0895 	0.0907 	0.09 	0.0913 	0.0909 	0.0945 	0.093 	0.0917 	: 	0.0976 	0.0970 	0.1045 	0.1060 	0.1032 	0.0784 	0.1043 	0.0792 	0.1026 	0.1036 	0.1037 	0.0984 	0.1026 	0.1023 	0.1047 p
S,E7000,MWH500-1999,KWH,I_TAX,EUR,MK	: 	: 	: 	: 	: 	: 	: 	: 	: 	: 	: 	: @C	0.094 	0.0886 	0.0889 	0.0925 	0.0986 	0.0957 	0.0967 	0.0615 	0.0618 	0.0662 	0.0737 	0.0796 	0.0811 	0.0865 	0.0919 	0.0892 	0.0888 	0.1445 	0.1988 	0.3793 	0.1995 	0.1378 	0.1187 	0.1720 	0.1494 
S,E7000,MWH500-1999,KWH,I_TAX,EUR,MT	: 	0.1281 	0.1282 	0.17 	0.1581 	0.1356 	0.1809 	0.1898 	0.1869 	0.1886 	0.1881 	0.1904 	0.1879 	0.1869 	0.1856 	0.187 	0.1679 	0.1475 	0.1493 	0.1469 	0.1419 	0.1432 	0.1413 	0.1420 	0.1412 	0.1423 	0.1410 	0.1409 	0.1412 	0.1471 	0.1414 	0.1415 	0.1482 	0.1482 	0.1479 	0.1413 	0.1415 p
S,E7000,MWH500-1999,KWH,I_TAX,EUR,NL	0.1232 	0.1209 	0.1252 	0.1234 	0.1321 	0.1263 	0.1205 	0.1154 	0.1175 	0.1131 	0.1159 	0.1152 	0.1144 	0.1143 	0.1131 	0.1075 	0.1091 	0.1024 	0.1037 	0.0974 	0.1050 	0.0980 	0.1100 	0.1040 	0.1210 	0.1160 	0.1362 	0.1318 	0.1434 	0.1568 	0.2145 	0.2028 	0.2962 	0.2635 	0.2533 	0.2547 	0.2476 
S,E7000,MWH500-1999,KWH,I_TAX,EUR,NO	: 	0.0945 	0.098 	0.1089 	0.0987 	0.0994 	0.1288 	0.1173 	0.1381 	0.1136 	0.1154 	0.1074 	0.1208 	0.1082 	0.0998 	0.101 	0.0962 	0.0856 	0.093 	0.1017 	0.0888 	0.0879 	0.0973 	0.1090 	0.1036 	0.0948 	0.0634 	0.0603 	0.1013 	0.1500 	0.1833 	0.2663 	0.1425 	0.1028 	0.1095 	0.0855 	0.1025 
S,E7000,MWH500-1999,KWH,I_TAX,EUR,PL	: 	0.1104 	0.1075 	0.111 	0.11 	0.1139 	0.1194 	0.1204 	0.1247 	0.1158 	0.1127 	0.1176 	0.1145 	0.1079 	0.1015 	0.1025 	0.1085 	0.1059 	0.0993 	0.1003 	0.1065 	0.1061 	0.1078 	0.1088 	0.1233 	0.1018 	0.1336 	0.1325 	0.1343 	0.1357 	0.1674 	0.1833 	0.2624 	0.2606 	0.2563 	0.2583 	0.2454 
S,E7000,MWH500-1999,KWH,I_TAX,EUR,PT	: 	0.0832 	0.0939 	0.0946 	0.0984 	0.0989 	0.0982 	0.0964 	0.1048 	0.1146 	0.1403 	0.1409 	0.1416 	0.1397 	0.1427 	0.146 	0.1402 	0.142 	0.1384 	0.1392 	0.1408 	0.1411 	0.1381 	0.1440 	0.1409 	0.1408 	0.1371 	0.1354 	0.1294 	0.1433 	0.1459 	0.1661 	0.1162 	0.1416 	0.1403 	0.1626 	0.1607 
S,E7000,MWH500-1999,KWH,I_TAX,EUR,RO	: 	0.1084 	0.1057 	0.1134 	0.097 	0.099 	0.1018 	0.1008 	0.1024 	0.1055 	0.1058 	0.1091 	0.1337 	0.1185 	0.1087 	0.1001 	0.1029 	0.0989 	0.0913 	0.0926 	0.0915 	0.0936 	0.0989 	0.1030 	0.1157 	0.1206 	0.1265 	0.1213 	0.1180 	0.1538 	0.2793 d	0.4251 d	0.2120 	0.2045 	0.1903 	0.1986 	0.2045 
S,E7000,MWH500-1999,KWH,I_TAX,EUR,RS	: 	: 	: 	: 	: 	: 	: 	: 	: 	: 	: 	: 	0.0686 	0.0794 	0.0617 	0.0799 	0.0718 	0.0813 	0.0804 	0.0565 	0.0767 	0.0901 	0.0845 	0.0863 	0.1000 	0.0975 	0.0976 	0.0955 	0.0954 	0.1048 	0.1157 	0.1404 	0.1658 	0.1787 	0.1835 	0.1593 	0.1686 
S,E7000,MWH500-1999,KWH,I_TAX,EUR,SE	0.0776 	0.0819 	0.0866 	0.0965 	0.0832 	0.0861 	0.1005 	0.105 	0.1116 	0.1036 	0.1012 	0.097 	0.1006 	0.0934 	0.0885 	0.0833 	0.0778 	0.0738 	0.077 	0.082 	0.081 	0.0808 	0.0855 	0.0909 	0.0965 	0.0867 	0.0738 	0.0840 	0.0888 	0.1227 	0.1401 	0.1907 	0.1336 	0.1126 	0.1177 	0.1066 	0.1205 
S,E7000,MWH500-1999,KWH,I_TAX,EUR,SI	: 	0.1092 	0.1118 	0.1182 	0.1235 	0.1155 	0.1192 	0.1206 	0.1185 	0.1157 	0.1138 	0.1129 	0.116 	0.1153 	0.1056 	0.1033 	0.1009 	0.1061 	0.1033 	0.1015 	0.0957 	0.0956 	0.1050 	0.1057 	0.1170 	0.1163 	0.1201 	0.1190 	0.1123 	0.1219 	0.1933 	0.2239 	0.2469 	0.2497 	0.2105 	0.2199 	0.1897 
S,E7000,MWH500-1999,KWH,I_TAX,EUR,SK	: 	0.1248 	0.1424 	0.1533 	0.1693 	0.167 	0.1397 	0.1426 	0.1531 	0.1513 	0.1579 	0.1525 	0.1543 	0.1523 	0.1382 	0.1409 	0.1351 	0.1346 	0.131 	0.1334 	0.1342 	0.1336 	0.1399 	0.1441 	0.1543 	0.1580 	0.1585 	0.1579 	0.1530 	0.1614 	0.2592 	0.2915 	0.3224 	0.2796 	0.2260 	0.2473 	0.2341 
S,E7000,MWH500-1999,KWH,I_TAX,EUR,TR	: 	0.0779 	0.0812 	0.1001 	0.092 	0.0932 	0.1054 	0.108 	0.0927 	0.0891 	0.1018 	0.1127 	0.1091 	0.0961 	0.0876 	0.0952 	0.0964 	0.0829 	0.0878 	0.0856 	0.0748 	0.0709 	0.0695 	0.0733 	0.0833 	0.1027 	0.0942 	0.0758 	0.0784 	0.0869 	0.1394 	0.2300 	0.1655 	0.1193 	0.1086 	0.1167 	0.1083 
S,E7000,MWH500-1999,KWH,I_TAX,EUR,UA	: 	: 	: 	: 	: 	: 	: 	: 	: 	: 	: 	: 	: 	: 	: 	: 	: 	: 	: 	: 	: 	: 	0.0715 	0.0742 	0.0787 	0.0851 	0.0714 	0.0669 	0.0714 	: 	: 	: 	: 	: 	: 	: 	: 
S,E7000,MWH500-1999,KWH,I_TAX,EUR,UK	0.1297 	0.1267 	0.1147 	0.1279 	0.1283 	0.1164 	0.1162 	0.1164 	0.1179 	0.1253 	0.1372 	0.1432 	0.1375 	0.1436 	0.1548 	0.1606 	0.1788 	0.1823 	0.1653 	0.1534 	0.1508 	0.1487 	0.1596 	0.1699 	0.1814 	0.1864 	0.1968 	: 	: 	: 	: 	: 	: 	: 	: 	: 	: 
S,E7000,MWH500-1999,KWH,I_TAX,EUR,XK	: 	: 	: 	: 	: 	: 	: 	: 	: 	: 	: 	: 	0.0807 	0.0842 	0.0816 	0.092 	0.0885 	0.0917 	0.081 	0.0832 	0.0862 	0.0818 	0.0806 	0.0791 	0.0713 	0.0734 	0.0726 	0.0734 	0.0727 	0.0730 	0.0724 	0.0730 	0.0789 	0.0848 	0.0833 	0.0820 	: 
S,E7000,MWH500-1999,KWH,I_TAX,NAC,AL	: 	: 	: 	: 	: 	: 	: 	: 	: 	: 	: 	: 	: 	: 	: 	: 	: 	: 	: 	: 	: 	: 	: 	: 	15.4560 e	: 	15.3960 e	15.3960 e	15.3720 e	15.3720 e	15.3700 	15.3700 	15.3720 e	15.3720 e	15.3720 	15.3720 e	16.8000 
S,E7000,MWH500-1999,KWH,I_TAX,NAC,AT	: 	0.1128 	0.1276 	0.1286 	0.1421 	0.1394 	0.1352 	0.1353 	0.1351 	0.1353 	0.1322 	0.1339 	0.1337 	0.1329 	0.1307 	0.1266 	0.1247 	0.126 	0.1264 	0.1229 	0.1116 	0.1196 	0.1196 	0.1215 	0.1290 	0.1305 	0.1429 	0.1421 	0.1474 	0.1534 	0.1940 	0.2143 e	0.3117 e	0.2965 e	0.2384 e	0.2407 e	0.2434 e
S,E7000,MWH500-1999,KWH,I_TAX,NAC,BA	: 	: 	: 	: 	: 	: 	0.1426 	0.1412 	0.1405 	0.1477 	0.1483 	0.1501 	0.1497 	0.1501 	0.1494 	0.1423 	0.1431 	0.1402 	0.1401 	0.139 	0.136 	0.1405 	0.1512 	0.1495 	0.1526 	0.1598 	0.1679 	0.1671 	0.1710 	0.1656 	0.1695 	0.2042 	0.2082 	0.2066 	0.2188 	0.2179 	0.2520 
S,E7000,MWH500-1999,KWH,I_TAX,NAC,BE	: 	0.1149 	0.1293 	0.1163 	0.1344 	0.1305 	0.1274 	0.1276 	0.1328 	0.1381 	0.1302 	0.134 	0.1305 	0.1325 	0.1283 	0.1309 	0.1301 	0.1297 	0.1349 	0.1398 	0.1336 	0.1314 	0.1315 	0.1373 	0.1385 	0.1388 	0.1408 	0.1426 	0.1464 	0.1732 	0.2349 	0.2863 	0.2743 	0.2619 	0.2153 	0.2197 	0.2348 
S,E7000,MWH500-1999,KWH,I_TAX,NAC,BG	: 	0.133 	0.132 	0.153 	0.152 	0.15 	0.153 	0.156 	0.1522 	0.1565 	0.1628 	0.1829 	0.1908 	0.1704 	0.1752 	0.1777 	0.1625 	0.1836 	0.2351 	0.185 	0.179 	0.1853 	0.1901 	0.1985 	0.2082 	0.2038 	0.1914 	0.1978 	0.2258 	0.3670 	0.4075 	0.4209 	0.3503 	0.3196 	0.2665 	0.3103 	0.2984 
S,E7000,MWH500-1999,KWH,I_TAX,NAC,CY	: 	0.0933 	0.1638 	0.2075 	0.136 	0.1715 	0.1727 	0.1984 	0.1919 	0.2419 	0.2601 	0.2732 	0.244 	0.2367 	0.207 	0.2256 	0.1648 	0.1668 	0.1238 	0.1532 	0.1664 	0.1637 	0.1653 	0.2137 	0.1901 	0.2115 	0.1706 	0.1608 	0.1786 	0.2298 	0.2921 	0.3739 	0.3262 	0.3261 	0.2893 	0.3041 	0.2736 
S,E7000,MWH500-1999,KWH,I_TAX,NAC,CZ	: 	3.09 	3.32 	3.3 	3.45 	3.44 	3.189 	3.224 	3.238 	3.2252 	3.1388 	3.1012 	3.1796 	3.146 	2.7538 	2.7371 	2.568 	2.5645 	2.3899 	2.3928 	2.2277 	2.2226 	2.2627 	2.2493 	2.3881 	2.4333 	2.6960 	2.7074 	2.7629 	2.6227 	4.6920 	5.2420 	5.6584 	5.2921 	5.6005 	5.9187 	5.5798 
S,E7000,MWH500-1999,KWH,I_TAX,NAC,DE	0.131 	0.1353 	0.141 	0.1428 	0.1505 	0.1515 	0.1507 	0.1562 	0.1668 	0.1662 	0.1703 	0.1727 	0.1879 	0.1902 	0.2071 	0.1992 	0.1979 	0.196 	0.1974 	0.1958 	0.1991 	0.1985 	0.1967 	0.1987 	0.2036 	0.1989 	0.2180 	0.2181 	0.2239 	0.2298 	0.2616 	0.2524 	0.2691 	0.2671 	0.2798 	0.2834 	0.2745 
S,E7000,MWH500-1999,KWH,I_TAX,NAC,DK	: 	1.545 	1.5757 	1.6739 	1.54 	1.5925 	1.6897 	1.7087 	1.8064 	1.7447 	1.7775 	1.8045 	1.8616 	1.8374 	1.9121 	1.9408 	1.9305 	1.9305 	1.9845 	1.9725 	1.9182 	1.919 	1.8891 	1.8721 	1.7600 	1.7357 	1.6809 	1.7487 	1.8611 	2.2019 	2.6199 	3.0417 	1.2511 	1.9568 	1.9300 	2.1385 	2.0429 
S,E7000,MWH500-1999,KWH,I_TAX,NAC,EA	: 	0.1135 	0.1205 	0.1242 	0.1328 	0.127 	0.1299 	0.1299 	0.1393 	0.1415 	0.1475 	0.1479 	0.1542 	0.1526 	0.1606 	0.1564 	0.1551 	0.1512 	0.1499 	0.1473 	: 	: 	: 	: 	: 	: 	: 	: 	: 	: 	: 	: 	: 	: 	: 	: 	: 
S,E7000,MWH500-1999,KWH,I_TAX,NAC,EE	: 	0.98 	1.046 	1.112 	1.187 	1.211 	1.304 	1.366 	0.0862 	0.0902 	0.0941 	0.0981 	0.1169 	0.1164 	0.11 	0.1117 	0.1066 	0.1117 	0.1054 	0.1075 	0.1044 	0.1015 	0.1038 	0.1109 	0.1100 	0.1098 	0.0988 	0.1048 	0.1148 	0.1831 	0.1950 	0.3103 	0.1880 	0.1884 	0.1743 	0.1811 	0.1751 
S,E7000,MWH500-1999,KWH,I_TAX,NAC,EL	: 	0.0863 	0.0941 	0.1006 	0.1037 	0.102 	0.1036 	0.1139 	0.1182 	0.1256 	0.1337 	0.1381 	0.1411 	0.14 	0.151 	0.1467 	0.146 	0.1299 	0.1326 	0.126 	0.1215 	0.1315 	0.1169 	0.1184 	0.1191 	0.1149 	0.1139 	0.1120 	0.1243 	0.2371 	0.2447 	0.2602 	0.2015 	0.1941 	0.1642 	0.2124 	0.2084 
S,E7000,MWH500-1999,KWH,I_TAX,NAC,ES	: 	0.1106 	0.1108 	0.1238 	0.1338 	0.1299 	0.1354 	0.129 	0.1342 	0.1364 	0.1433 	0.1447 	0.1482 	0.1454 	0.1507 	0.1412 	0.142 	0.1371 	0.1337 	0.1245 	0.1284 	0.1249 	0.1282 	0.1329 	0.1389 	0.1336 	0.1302 	0.1422 	0.1300 	0.1705 	0.2255 	0.2598 	0.1912 	0.1837 	0.1629 	0.1703 	0.1692 
S,E7000,MWH500-1999,KWH,I_TAX,NAC,FI	0.0704 	0.0715 	0.0781 	0.0822 	0.0841 	0.0833 	0.0846 	0.0841 	0.093 	0.0923 	0.0928 	0.0915 	0.0929 	0.0929 	0.091 	0.0895 	0.0877 	0.0875 	0.0849 	0.0861 	0.0827 	0.0838 	0.0844 	0.0876 	0.0880 	0.0894 	0.0862 	0.0941 	0.0838 	0.0992 	0.1002 	0.1399 	0.1187 	0.1097 	0.1078 	0.0983 	0.1009 
S,E7000,MWH500-1999,KWH,I_TAX,NAC,FR	: 	0.0686 	0.0778 	0.0736 	0.0865 	0.0774 	0.093 	0.0835 	0.1014 	0.0948 	0.1117 	0.0951 	0.1157 	0.1022 	0.1183 	0.1126 	0.1232 	0.1141 	0.1145 	0.1075 	0.118 	0.1102 	0.1175 	0.1053 	0.1225 	0.1136 	0.1265 	0.1142 	0.1255 	0.1207 	0.1514 	0.1486 	0.3010 	0.2535 	0.2137 	0.2122 	0.1938 
S,E7000,MWH500-1999,KWH,I_TAX,NAC,GE	: 	: 	: 	: 	: 	: 	: 	: 	: 	: 	: 	: 	: 	: 	: 	: 	: 	: 	: 	: 	: 	: 	0.1722 	0.1996 	0.2144 	0.1824 	0.1992 	0.1933 	0.3365 	0.2811 	: 	0.3161 	0.3076 	0.3044 	0.2808 	0.2814 	0.3068 
S,E7000,MWH500-1999,KWH,I_TAX,NAC,HR	0.6 	0.66 	0.67 	0.82 	0.78 	0.81 	0.839 	0.813 	0.825 	0.818 	0.8451 	0.8812 	0.8979 	0.8954 	0.9112 	0.8775 	0.8771 	0.8812 	0.8538 	0.823 	0.7354 	0.7776 	0.8334 	0.8490 	0.8673 	0.8840 	0.8884 	0.8718 	0.8742 	0.9684 	1.3237 	2.0380 	0.3312 	0.2638 	0.2616 	0.2600 	0.2618 
S,E7000,MWH500-1999,KWH,I_TAX,NAC,HU	: 	34.16 	34.77 	36.49 	43.1171 	43.87 	35.86 	36.6127 	34.2399 	38.0968 	35.1675 	35.5451 	35.8121 	36.59 	35.054 	34.8693 	33.2061 	33.8596 	31.4072 	30.7816 	29.3027 e	29.562 	32.7328 	33.1140 	38.6230 	39.1999 	42.3507 	41.6634 	40.9569 	46.8264 	79.6972 	115.8680 	147.9490 	130.2054 	110.6066 	114.6509 	106.9644 
S,E7000,MWH500-1999,KWH,I_TAX,NAC,IE	: 	0.1388 	0.1489 	0.1604 	0.1364 	0.1327 	0.1263 	0.1277 	0.1281 	0.146 	0.1488 	0.1575 	0.1534 	0.1541 	0.1541 	0.1532 	0.1601 	0.1531 	0.1498 	0.1404 	0.1392 	0.1399 	0.1491 	0.1518 	0.1524 	0.1499 	0.1498 	0.1513 	0.1705 	0.2123 	0.2417 	0.3119 	0.3070 	0.2798 	0.2778 	0.2772 	0.2955 
S,E7000,MWH500-1999,KWH,I_TAX,NAC,IS	: 	: 	: 	: 	: 	: 	: 	: 	: 	: 	: 	: 	: 	: 	: 	: 	: 	: 	12.8209 	9.4003 	11.4662 p	: 	10.6384 e	6.4515 	9.2042 	9.2444 e	12.1800 e	12.8600 e	8.3765 e	13.3300 e	13.2100 e	14.2600 e	14.7500 e	14.6400 e	16.0500 e	17.8700 e	: 
S,E7000,MWH500-1999,KWH,I_TAX,NAC,IT	: 	: 	0.1565 	0.1704 	0.1773 	0.1581 	0.1596 	0.1663 	0.1741 	0.1908 	0.1919 	0.2075 	0.1951 	0.1995 	0.2 	0.2033 	0.1873 	0.1855 	0.1771 	0.1807 	0.1712 	0.1675 	0.1642 	0.1662 	0.1895 	0.1870 	0.1738 	0.1753 	0.1837 	0.2142 	0.2949 	0.3925 	0.2819 	0.2645 	0.2417 	0.2641 	0.2706 
S,E7000,MWH500-1999,KWH,I_TAX,NAC,LI	: 	: 	: 	: 	: 	: 	: 	: 	: 	: 	: 	: 	: 	: 	0.1825 	0.1825 	0.186 	0.1878 	0.1732 	0.1732 	0.1506 	0.0957 	0.1093 	0.1095 	0.1164 	0.1157 	0.1170 	0.1207 	0.1179 	0.1284 	0.1561 	0.1641 	0.3454 	0.2621 	0.2125 	0.1935 	0.2173 
S,E7000,MWH500-1999,KWH,I_TAX,NAC,LT	: 	0.3033 	0.3378 	0.3417 	0.3796 	0.3293 	0.4159 	0.4367 	0.4381 	0.4338 	0.4758 	0.4779 	0.5141 	0.5126 	0.4881 	0.4891 	0.1198 	0.1205 	0.1136 	0.1069 	0.1024 	0.1 	0.1014 	0.1089 	0.1119 	0.1146 	0.1142 	0.1242 	0.1266 	0.1689 	0.2182 	0.3990 	0.2018 	0.1958 	0.2043 	0.1985 	0.1932 
S,E7000,MWH500-1999,KWH,I_TAX,NAC,LU	0.1095 	0.1035 	0.1035 	0.1038 	0.1227 	0.1228 	0.1078 	0.1086 	0.1063 	0.106 	0.1113 	0.1074 	0.1042 	0.1063 	0.1067 	0.1046 	0.1003 	0.0965 	0.0943 	0.0926 	0.0849 	0.0873 	0.0905 	0.0914 	0.0975 	0.0983 	0.1009 	0.1020 	0.1037 	0.1058 	0.1404 	0.1638 	0.2664 	0.2511 	0.2217 	0.2209 	0.1922 
S,E7000,MWH500-1999,KWH,I_TAX,NAC,LV	: 	0.0491 	0.0544 	0.0664 	0.0766 	0.0763 	0.0762 	0.0777 	0.0849 	0.0948 	0.094 	0.0936 	0.0954 	0.0979 	0.1417 	0.1374 	0.1425 	0.1432 	0.141 	0.1453 	0.1427 	0.1402 	0.1257 	0.1267 	0.1273 	0.1295 	0.1246 	0.1276 	0.1224 	0.1635 	0.1512 	0.2609 	0.1773 	0.1836 	0.1778 	0.1767 	0.1663 
S,E7000,MWH500-1999,KWH,I_TAX,NAC,MD	: 	: 	: 	: 	: 	: 	: 	: 	: 	: 	: 	: 	: 	: 	: 	: 	1.7006 	1.9751 	1.91 	2.0382 	2.0729 	2.1144 	2.1318 	1.8801 	1.8193 	1.8584 	1.8573 	1.7177 	1.6127 	1.5673 	1.8384 	3.5023 	3.4875 	2.5397 	2.2800 	2.2449 	3.9535 
S,E7000,MWH500-1999,KWH,I_TAX,NAC,ME	: 	: 	: 	: 	: 	: 	: 	: 	0.0722 	0.0746 	0.0804 	0.0851 	0.0882 	0.0895 	0.0907 	0.09 	0.0913 	0.0909 	0.0945 	0.093 	0.0917 	: 	0.0976 	0.0970 	0.1045 	0.1060 	0.1032 	0.0784 	0.1043 	0.0792 	0.1026 	0.1036 	0.1037 	0.0984 	0.1026 	0.1023 	0.1047 p
S,E7000,MWH500-1999,KWH,I_TAX,NAC,MK	: 	: 	: 	: 	: 	: 	: 	: 	: 	: 	: 	: @C	5.7945 	5.4535 	5.4812 	5.6967 	6.0758 	5.8973 	5.9623 	3.7826 	3.8061 	4.0716 	4.5329 	4.8961 	4.9868 	5.3223 	5.6637 	5.5011 	5.4729 	8.9062 	12.2613 	23.3550 	12.2906 	8.4779 	7.3044 	10.5788 	9.2013 
S,E7000,MWH500-1999,KWH,I_TAX,NAC,MT	: 	0.055 	0.1282 	0.17 	0.1581 	0.1356 	0.1809 	0.1898 	0.1869 	0.1886 	0.1881 	0.1904 	0.1879 	0.1869 	0.1856 	0.187 	0.1679 	0.1475 	0.1493 	0.1469 	0.1419 	0.1432 	0.1413 	0.1420 	0.1412 	0.1423 	0.1410 	0.1409 	0.1412 	0.1471 	0.1414 	0.1415 	0.1482 	0.1482 	0.1479 	0.1413 	0.1415 p
S,E7000,MWH500-1999,KWH,I_TAX,NAC,NL	0.1232 	0.1209 	0.1252 	0.1234 	0.1321 	0.1263 	0.1205 	0.1154 	0.1175 	0.1131 	0.1159 	0.1152 	0.1144 	0.1143 	0.1131 	0.1075 	0.1091 	0.1024 	0.1037 	0.0974 	0.1050 	0.0980 	0.1100 	0.1040 	0.1210 	0.1160 	0.1362 	0.1318 	0.1434 	0.1568 	0.2145 	0.2028 	0.2962 	0.2635 	0.2533 	0.2547 	0.2476 
S,E7000,MWH500-1999,KWH,I_TAX,NAC,NO	: 	0.746 	0.779 	0.9255 	0.878 	0.8513 	1.031 	0.9385 	1.0807 	0.8819 	0.8742 	0.7927 	0.9086 	0.8749 	0.826 	0.8515 	0.8318 	0.7911 	0.876 	0.9314 	0.8158 	0.833 	0.9334 	1.0468 	1.0080 	0.9453 	0.6812 	0.6465 	1.0311 	1.5227 	1.8302 	2.7223 	1.6145 	1.1855 	1.2584 	1.0053 	1.1952 
S,E7000,MWH500-1999,KWH,I_TAX,NAC,PL	: 	0.4111 	0.3753 	0.3926 	0.4924 	0.4767 	0.4778 	0.4802 	0.493 	0.4963 	0.4787 	0.4849 	0.4781 	0.4551 	0.4237 	0.4298 	0.4491 	0.4474 	0.4339 	0.437 	0.4547 	0.4502 	0.4550 	0.4679 	0.5294 	0.4382 	0.5897 	0.5926 	0.6092 	0.6232 	0.7762 	0.8678 	1.2129 	1.1622 	1.1063 	1.1096 	1.0385 
S,E7000,MWH500-1999,KWH,I_TAX,NAC,PT	: 	0.0832 	0.0939 	0.0946 	0.0984 	0.0989 	0.0982 	0.0964 	0.1048 	0.1146 	0.1403 	0.1409 	0.1416 	0.1397 	0.1427 	0.146 	0.1402 	0.142 	0.1384 	0.1392 	0.1408 	0.1411 	0.1381 	0.1440 	0.1409 	0.1408 	0.1371 	0.1354 	0.1294 	0.1433 	0.1459 	0.1661 	0.1162 	0.1416 	0.1403 	0.1626 	0.1607 
S,E7000,MWH500-1999,KWH,I_TAX,NAC,RO	: 	0.3621 	0.388 	0.4193 	0.4104 	0.4204 	0.4225 	0.4305 	0.4279 	0.4535 	0.4648 	0.4938 	0.587 	0.5267 	0.4852 	0.4429 	0.4578 	0.4395 	0.4103 	0.4154 	0.415 	0.4306 	0.4604 	0.4793 	0.5486 	0.5728 	0.6095 	0.5892 	0.5783 	0.7600 	1.3812 d	2.0904 d	1.0460 	1.0140 	0.9467 	0.9883 	1.0236 
S,E7000,MWH500-1999,KWH,I_TAX,NAC,RS	: 	: 	: 	: 	: 	: 	: 	: 	: 	: 	: 	: 	7.6761 	9.0745 	7.1325 	9.4977 	8.689 	9.8031 	9.8826 	6.9598 	9.4575 	10.7562 	9.9991 	10.2005 	11.8085 	11.4743 	11.4808 	11.2246 	11.2221 	12.3179 	13.6000 	16.4744 	19.4527 	20.9446 	21.4995 	18.6363 	19.7592 
S,E7000,MWH500-1999,KWH,I_TAX,NAC,SE	0.716 	0.76 	0.812 	0.951 	0.904 	0.894 	0.984 	0.976 	0.998 	0.9442 	0.8986 	0.8272 	0.8578 	0.8187 	0.7922 	0.7693 	0.7266 	0.6908 	0.7163 	0.7896 	0.7774 	0.7822 	0.8675 	0.9424 	1.0153 	0.9243 	0.7871 	0.8670 	0.8998 	1.2470 	1.4681 	2.0550 	1.5145 	1.3084 	1.3411 	1.2235 	1.3365 
S,E7000,MWH500-1999,KWH,I_TAX,NAC,SI	: 	0.1092 	0.1118 	0.1182 	0.1235 	0.1155 	0.1192 	0.1206 	0.1185 	0.1157 	0.1138 	0.1129 	0.116 	0.1153 	0.1056 	0.1033 	0.1009 	0.1061 	0.1033 	0.1015 	0.0957 	0.0956 	0.1050 	0.1057 	0.1170 	0.1163 	0.1201 	0.1190 	0.1123 	0.1219 	0.1933 	0.2239 	0.2469 	0.2497 	0.2105 	0.2199 	0.1897 
S,E7000,MWH500-1999,KWH,I_TAX,NAC,SK	: 	4.18 	4.59 	4.65 	0.1693 	0.167 	0.1397 	0.1426 	0.1531 	0.1513 	0.1579 	0.1525 	0.1543 	0.1523 	0.1382 	0.1409 	0.1351 	0.1346 	0.131 	0.1334 	0.1342 	0.1336 	0.1399 	0.1441 	0.1543 	0.1580 	0.1585 	0.1579 	0.1530 	0.1614 	0.2592 	0.2915 	0.3224 	0.2796 	0.2260 	0.2473 	0.2341 
S,E7000,MWH500-1999,KWH,I_TAX,NAC,TR	: 	0.1361 	0.1532 	0.1927 	0.198 	0.2025 	0.2131 	0.2131 	0.2048 	0.2195 	0.2378 	0.2583 	0.2598 	0.2577 	0.2598 	0.2711 	0.276 	0.2637 	0.286 	0.2933 	0.2948 	0.3053 	0.3443 	0.4718 	0.5296 	0.6532 	0.6743 	0.6772 	0.7462 	0.9951 	2.2671 	4.2648 	3.5744 	3.5694 	3.7183 	4.3016 	4.4507 
S,E7000,MWH500-1999,KWH,I_TAX,NAC,UA	: 	: 	: 	: 	: 	: 	: 	: 	: 	: 	: 	: 	: 	: 	: 	: 	: 	: 	: 	: 	: 	: 	2.3200 	2.3631 	2.3954 	2.3393 	2.0417 	2.2073 	2.3916 	: 	: 	: 	: 	: 	: 	: 	: 
S,E7000,MWH500-1999,KWH,I_TAX,NAC,UK	0.0875 	0.0879 	0.0889 	0.1045 	0.1147 	0.1034 	0.1011 	0.0985 	0.1024 	0.1087 	0.1128 	0.1145 	0.117 	0.1217 	0.1271 	0.1271 	0.1309 	0.1312 	0.1287 	0.1318 	0.1298 	0.1327 	0.1404 	0.1511 	0.1585 	0.1643 	0.1722 	: 	: 	: 	: 	: 	: 	: 	: 	: 	: 
S,E7000,MWH500-1999,KWH,I_TAX,NAC,XK	: 	: 	: 	: 	: 	: 	: 	: 	: 	: 	: 	: 	0.0807 	0.0842 	0.0816 	0.092 	0.0885 	0.0917 	0.081 	0.0832 	0.0862 	0.0818 	0.0806 	0.0791 	0.0713 	0.0734 	0.0726 	0.0734 	0.0727 	0.0730 	0.0724 	0.0730 	0.0789 	0.0848 	0.0833 	0.0820 	: 
S,E7000,MWH500-1999,KWH,I_TAX,PPS,AL	: 	: 	: 	: 	: 	: 	: 	: 	: 	: 	: 	: 	: 	: 	: 	: 	: 	: 	: 	: 	: 	: 	: 	: 	0.2511 e	: 	0.2421 e	0.2421 e	0.2388 e	0.2388 e	0.2398 	0.2398 	0.2412 e	0.2416 e	0.2443 	0.2457 e	0.2703 
S,E7000,MWH500-1999,KWH,I_TAX,PPS,AT	: 	0.1055 	0.1169 	0.1178 	0.1266 	0.1242 	0.1226 	0.1227 	0.122 	0.1222 	0.1199 	0.1215 	0.1196 	0.1189 	0.1183 	0.1145 	0.1128 	0.116 	0.1184 	0.1152 	0.0989 	0.106 	0.1061 	0.1078 	0.1135 	0.1148 	0.1250 	0.1243 	0.1289 	0.1328 	0.1680 	0.1879 e	0.2776 e	0.2641 e	0.2105 e	0.2124 e	0.2120 e
S,E7000,MWH500-1999,KWH,I_TAX,PPS,BA	: 	: 	: 	: 	: 	: 	0.1472 	0.1457 	0.1461 	0.1535 	0.1572 	0.1591 	0.157 	0.1574 	0.1581 	0.1505 	0.1514 	0.1521 	0.1516 	0.1502 	0.1372 	0.1417 	0.1520 	0.1503 	0.1519 	0.1591 	0.1676 	0.1668 	0.1707 	0.1628 	0.1666 	0.2005 	0.1957 	0.1909 	0.2052 	0.2030 	0.2184 
S,E7000,MWH500-1999,KWH,I_TAX,PPS,BE	: 	0.1051 	0.1156 	0.104 	0.1178 	0.1144 	0.1149 	0.1151 	0.1197 	0.1244 	0.1175 	0.121 	0.1159 	0.1177 	0.1156 	0.1179 	0.1172 	0.1175 	0.1247 	0.1308 	0.1183 	0.1163 	0.1165 	0.1217 	0.1227 	0.1230 	0.1262 	0.1278 	0.1312 	0.1556 	0.2114 	0.2577 	0.2464 	0.2340 	0.1919 	0.1946 	0.2091 
S,E7000,MWH500-1999,KWH,I_TAX,PPS,BG	: 	0.1695 	0.1579 	0.183 	0.1738 	0.1715 	0.1765 	0.1799 	0.1644 	0.169 	0.177 	0.1989 	0.2051 	0.1832 	0.19 	0.1927 	0.1762 	0.2031 	0.2607 	0.2041 	0.1818 	0.1882 	0.1890 	0.1974 	0.2002 	0.1959 	0.1816 	0.1877 	0.2143 	0.3400 	0.3775 	0.3881 	0.2971 	0.2711 	0.2257 	0.2628 	0.2487 
S,E7000,MWH500-1999,KWH,I_TAX,PPS,CY	: 	0.1829 	0.1868 	0.2366 	0.153 	0.1929 	0.1946 	0.2236 	0.2085 	0.2629 	0.2865 	0.3009 	0.2735 	0.2653 	0.2355 	0.2566 	0.1875 	0.1831 	0.1401 	0.1732 	0.1865 	0.1835 	0.1842 	0.2381 	0.2098 	0.2334 	0.1862 	0.1755 	0.1950 	0.2506 	0.3186 	0.4126 	0.3566 	0.3577 	0.3220 	0.3339 	0.2996 
S,E7000,MWH500-1999,KWH,I_TAX,PPS,CZ	: 	0.1798 	0.1819 	0.1808 	0.1867 	0.1862 	0.1744 	0.1764 	0.1824 	0.1816 	0.1777 	0.1756 	0.1793 	0.1774 	0.156 	0.1551 	0.1455 	0.147 	0.1382 	0.1396 	0.1231 	0.1228 	0.1240 	0.1233 	0.1280 	0.1305 	0.1408 	0.1414 	0.1443 	0.1355 	0.2424 	0.2727 	0.2848 	0.2670 	0.2792 	0.2914 	0.2749 
S,E7000,MWH500-1999,KWH,I_TAX,PPS,DE	0.128 	0.1322 	0.1357 	0.1374 	0.1399 	0.1408 	0.1444 	0.1497 	0.1605 	0.1599 	0.1648 	0.1671 	0.1788 	0.1809 	0.1988 	0.1912 	0.1899 	0.1879 	0.1913 	0.189 	0.1836 	0.183 	0.1810 	0.1829 	0.1841 	0.1799 	0.1973 	0.1974 	0.2026 	0.2068 	0.2356 	0.2273 	0.2403 	0.2387 	0.2488 	0.2532 	0.2458 
S,E7000,MWH500-1999,KWH,I_TAX,PPS,DK	: 	0.1522 	0.1536 	0.1632 	0.1479 	0.1529 	0.1663 	0.1682 	0.1794 	0.1733 	0.1764 	0.1791 	0.1851 	0.1827 	0.1901 	0.193 	0.1989 	0.1989 	0.1985 	0.1973 	0.1917 	0.1918 	0.1892 	0.1875 	0.1776 	0.1751 	0.1693 	0.1762 	0.1875 	0.2229 	0.2636 	0.3060 	0.1271 	0.1974 	0.1958 	0.2169 	0.2094 
S,E7000,MWH500-1999,KWH,I_TAX,PPS,EA	: 	0.1129 	0.1172 	0.1208 	0.1266 	0.1211 	0.1248 	0.1248 	0.1342 	0.1363 	0.1435 	0.1438 	0.1494 	0.1478 	0.1569 	0.1528 	0.1544 	0.1505 	0.1461 	0.1436 	0.1459 	0.1433 	0.1439 	0.1435 	0.1532 	0.1491 	0.1550 	0.1544 	0.1592 	0.1775 	0.2217 	0.2481 	0.2543 	0.2379 	0.2202 	0.2297 	0.2255 
S,E7000,MWH500-1999,KWH,I_TAX,PPS,EE	: 	0.0922 	0.0942 	0.1001 	0.1083 	0.1105 	0.1229 	0.1288 	0.1241 	0.1298 	0.1327 	0.1383 	0.1603 	0.1597 	0.1473 	0.1496 	0.1428 	0.154 	0.1447 	0.1509 	0.134 	0.1303 	0.1303 	0.1392 	0.1354 	0.1351 	0.1231 	0.1306 	0.1431 	0.2235 	0.2381 	0.3786 	0.2122 	0.2100 	0.1937 	0.1973 	0.1915 
S,E7000,MWH500-1999,KWH,I_TAX,PPS,EL	: 	0.0974 	0.1049 	0.1121 	0.1118 	0.11 	0.1127 	0.1239 	0.1274 	0.1354 	0.1495 	0.1544 	0.1653 	0.164 	0.1821 	0.1769 	0.1761 	0.1624 	0.1607 	0.1527 	0.1451 	0.157 	0.1405 	0.1423 	0.1443 	0.1393 	0.1377 	0.1354 	0.1503 	0.2889 	0.2974 	0.3162 	0.2457 	0.2366 	0.2027 	0.2622 	0.2565 
S,E7000,MWH500-1999,KWH,I_TAX,PPS,ES	: 	0.1232 	0.1202 	0.1343 	0.1419 	0.1377 	0.1441 	0.1373 	0.1438 	0.1462 	0.1583 	0.1599 	0.1646 	0.1615 	0.1685 	0.1579 	0.1588 	0.1531 	0.151 	0.1392 	0.1398 	0.136 	0.1375 	0.1426 	0.1490 	0.1433 	0.1387 	0.1515 	0.1385 	0.1822 	0.2410 	0.2752 	0.2050 	0.1970 	0.1779 	0.1898 	0.1886 
S,E7000,MWH500-1999,KWH,I_TAX,PPS,EU27_2020	: 	: 	: 	: 	: 	: 	: 	: 	: 	: 	: 	: 	: 	: 	: 	: 	: 	: 	: 	: 	0.1451 	0.1432 	0.1443 	0.1449 	0.1551 	0.1494 	0.1575 	0.1573 	0.1621 	0.1813 	0.2296 	0.2644 	0.2682 	0.2514 	0.2317 	0.2404 	0.2341 
S,E7000,MWH500-1999,KWH,I_TAX,PPS,FI	0.0607 	0.0617 	0.0665 	0.07 	0.07 	0.0694 	0.0709 	0.0705 	0.0773 	0.0767 	0.0769 	0.0758 	0.0753 	0.0753 	0.0732 	0.072 	0.0705 	0.0705 	0.0695 	0.0711 	0.0665 	0.0674 	0.0672 	0.0697 	0.0700 	0.0711 	0.0682 	0.0744 	0.0663 	0.0798 	0.0804 	0.1122 	0.0957 	0.0885 	0.0898 	0.0819 	0.0840 
S,E7000,MWH500-1999,KWH,I_TAX,PPS,FR	: 	0.0623 	0.0689 	0.0652 	0.0756 	0.0676 	0.0828 	0.0744 	0.0906 	0.0847 	0.0995 	0.0847 	0.1023 	0.0921 	0.1075 	0.1027 	0.115 	0.1065 	0.1042 	0.0979 	0.1052 	0.0983 	0.1055 	0.0945 	0.1126 	0.1044 	0.1162 	0.1049 	0.1153 	0.1111 	0.1397 	0.1371 	0.2771 	0.2321 	0.1956 	0.1942 	0.1780 
S,E7000,MWH500-1999,KWH,I_TAX,PPS,HR	0.1268 	0.1395 	0.1366 	0.1672 	0.1523 	0.1582 	0.1636 	0.1585 	0.1648 	0.1634 	0.1752 	0.1827 	0.1866 	0.1861 	0.1884 	0.1814 	0.1813 	0.1831 	0.1799 	0.1738 	0.1519 	0.1606 	0.1711 	0.1743 	0.1780 	0.1814 	0.1828 	0.1794 	0.1799 	0.1974 	0.2699 	0.4151 	0.4975 	0.3915 	0.3786 	0.3804 	0.3672 
S,E7000,MWH500-1999,KWH,I_TAX,PPS,HU	: 	0.2111 	0.2099 	0.2202 	0.2583 	0.2628 	0.2182 	0.2227 	0.207 	0.2303 	0.209 	0.2112 	0.2092 	0.2137 	0.2006 	0.1995 	0.19 	0.1936 	0.1788 	0.1759 	0.1479 e	0.1492 	0.1593 	0.1612 	0.1811 	0.1838 	0.1902 	0.1871 	0.1755 	0.2018 	0.3152 	0.4582 	0.5851 	0.5149 	0.4065 	0.4284 	0.3816 
S,E7000,MWH500-1999,KWH,I_TAX,PPS,IE	: 	0.1175 	0.1222 	0.1317 	0.115 	0.1119 	0.1143 	0.1156 	0.1162 	0.1324 	0.1357 	0.1436 	0.1392 	0.1398 	0.1385 	0.1376 	0.1438 	0.1374 	0.1349 	0.1302 	0.1203 	0.1209 	0.1276 	0.1301 	0.1269 	0.1248 	0.1249 	0.1245 	0.1422 	0.1771 	0.2048 	0.2624 	0.2565 	0.2354 	0.2313 	0.2342 	0.2496 
S,E7000,MWH500-1999,KWH,I_TAX,PPS,IS	: 	: 	: 	: 	: 	: 	: 	: 	: 	: 	: 	: 	: 	: 	: 	: 	: 	: 	0.0687 	0.05 	0.0592 p	: 	0.0522 e	0.0316 	0.0440 	0.0442 e	0.0544 e	0.0574 e	0.0374 e	0.0591 e	0.0585 e	0.0632 e	0.0672 e	0.0657 e	0.0716 e	0.0783 e	: 
S,E7000,MWH500-1999,KWH,I_TAX,PPS,IT	: 	: 	0.155 	0.1687 	0.1711 	0.1526 	0.1561 	0.1627 	0.1709 	0.1873 	0.1911 	0.2066 	0.1934 	0.1978 	0.1993 	0.2025 	0.1866 	0.1844 	0.1804 	0.1841 	0.1704 	0.1667 	0.1637 	0.1657 	0.1904 	0.1879 	0.1750 	0.1765 	0.1849 	0.2185 	0.3008 	0.4019 	0.2932 	0.2756 	0.2503 	0.2745 	0.2828 
S,E7000,MWH500-1999,KWH,I_TAX,PPS,LT	: 	0.1528 	0.1553 	0.1571 	0.1774 	0.1539 	0.2037 	0.2139 	0.2102 	0.2081 	0.2286 	0.2296 	0.2428 	0.2421 	0.2305 	0.231 	0.1945 	0.1997 	0.1879 	0.1795 	0.1588 	0.1551 	0.1539 	0.1653 	0.1668 	0.1708 	0.1675 	0.1822 	0.1857 	0.2427 	0.3136 	0.5779 	0.2682 	0.2602 	0.2645 	0.2552 	0.2472 
S,E7000,MWH500-1999,KWH,I_TAX,PPS,LU	0.0961 	0.0908 	0.0892 	0.0895 	0.1018 	0.1018 	0.0892 	0.0899 	0.0897 	0.0894 	0.0942 	0.0909 	0.086 	0.0877 	0.0895 	0.0877 	0.0841 	0.0804 	0.0801 	0.0784 	0.0687 	0.0707 	0.0725 	0.0732 	0.0773 	0.0780 	0.0780 	0.0788 	0.0802 	0.0829 	0.1101 	0.1264 	0.2053 	0.1898 	0.1676 	0.1680 	0.1456 
S,E7000,MWH500-1999,KWH,I_TAX,PPS,LV	: 	0.1053 	0.1077 	0.1315 	0.1592 	0.1586 	0.1645 	0.1677 	0.1797 	0.2007 	0.1958 	0.195 	0.1963 	0.2014 	0.2066 	0.2003 	0.2078 	0.2122 	0.2118 	0.2192 	0.2022 	0.1987 	0.1736 	0.1750 	0.1721 	0.1751 	0.1688 	0.1729 	0.1658 	0.2155 	0.1970 	0.3398 	0.2221 	0.2293 	0.2205 	0.2286 	0.2158 
S,E7000,MWH500-1999,KWH,I_TAX,PPS,ME	: 	: 	: 	: 	: 	: 	: 	: 	0.1471 	0.152 	0.1637 	0.1733 	0.1758 	0.1784 	0.1766 	0.1753 	0.1892 	0.1883 	0.1928 	0.1927 	0.1839 	: 	0.1903 	0.1891 	0.2059 	0.2088 	0.2046 	0.1555 	0.2068 	0.1521 	0.1971 	0.2012 	0.1935 	0.1802 	0.1803 	0.1819 	0.1866 p
S,E7000,MWH500-1999,KWH,I_TAX,PPS,MK	: 	: 	: 	: 	: 	: 	: 	: 	: 	: 	: 	: @C	0.2264 	0.213 	0.2148 	0.2232 	0.2413 	0.2342 	0.2345 	0.1474 	0.1378 	0.1474 	0.1615 	0.1744 	0.1780 	0.1899 	0.1999 	0.1942 	0.1932 	0.3041 	0.4187 	0.8142 	0.4173 	0.2902 	0.2450 	0.3392 	0.2950 
S,E7000,MWH500-1999,KWH,I_TAX,PPS,MT	: 	0.1832 	0.1788 	0.237 	0.2174 	0.1864 	0.2477 	0.2599 	0.2472 	0.2494 	0.2454 	0.2484 	0.2409 	0.2396 	0.2315 	0.2333 	0.2094 	0.1839 	0.1862 	0.183 	0.1706 	0.1722 	0.1641 	0.1649 	0.1645 	0.1658 	0.1608 	0.1607 	0.1610 	0.1666 	0.1619 	0.1597 	0.1652 	0.1652 	0.1629 	0.1556 	0.1556 p
S,E7000,MWH500-1999,KWH,I_TAX,PPS,NL	0.1166 	0.1144 	0.1161 	0.1144 	0.1181 	0.1129 	0.1083 	0.1037 	0.1068 	0.1028 	0.1057 	0.1051 	0.1045 	0.1044 	0.1033 	0.0982 	0.1006 	0.0944 	0.0956 	0.0902 	0.0922 	0.0861 	0.0960 	0.0908 	0.1025 	0.0983 	0.1169 	0.1131 	0.1235 	0.1350 	0.1833 	0.1733 	0.2520 	0.2242 	0.2161 	0.2173 	0.2112 
S,E7000,MWH500-1999,KWH,I_TAX,PPS,NO	: 	0.069 	0.0695 	0.0826 	0.0737 	0.0715 	0.0873 	0.0795 	0.0908 	0.0741 	0.0745 	0.0675 	0.0745 	0.0718 	0.066 	0.068 	0.0664 	0.063 	0.0681 	0.0718 	0.0583 	0.0596 	0.0659 	0.0739 	0.0693 	0.0650 	0.0450 	0.0427 	0.0681 	0.1050 	0.1263 	0.1897 	0.1182 	0.0874 	0.0885 	0.0709 	0.0827 
S,E7000,MWH500-1999,KWH,I_TAX,PPS,PL	: 	0.181 	0.1579 	0.1652 	0.1987 	0.1923 	0.2004 	0.2014 	0.2035 	0.2049 	0.1984 	0.201 	0.1982 	0.1887 	0.175 	0.1775 	0.1855 	0.186 	0.1835 	0.185 	0.1792 	0.1774 	0.1766 	0.1816 	0.2015 	0.1668 	0.2201 	0.2212 	0.2274 	0.2264 	0.2675 	0.2991 	0.4212 	0.4036 	0.3605 	0.3616 	0.3354 
S,E7000,MWH500-1999,KWH,I_TAX,PPS,PT	: 	0.1023 	0.113 	0.1138 	0.1169 	0.1175 	0.1186 	0.1164 	0.1276 	0.1396 	0.1761 	0.1768 	0.1816 	0.1792 	0.1834 	0.1877 	0.1802 	0.1822 	0.1778 	0.178 	0.168 	0.1683 	0.1639 	0.1709 	0.1678 	0.1676 	0.1611 	0.1591 	0.1521 	0.1673 	0.1704 	0.1940 	0.1359 	0.1679 	0.1697 	0.1975 	0.1949 
S,E7000,MWH500-1999,KWH,I_TAX,PPS,RO	: 	0.1943 	0.1898 	0.2051 	0.1948 	0.1996 	0.2026 	0.2065 	0.2029 	0.215 	0.2188 	0.2325 	0.2663 	0.2389 	0.2124 	0.1938 	0.2004 	0.1994 	0.1862 	0.1906 	0.1766 	0.1833 	0.1868 	0.1945 	0.2179 	0.2275 	0.2385 	0.2306 	0.2263 	0.2905 	0.5008 d	0.7580 d	0.3793 	0.3677 	0.3367 	0.3487 	0.3449 
S,E7000,MWH500-1999,KWH,I_TAX,PPS,RS	: 	: 	: 	: 	: 	: 	: 	: 	: 	: 	: 	: 	0.1395 	0.1649 	0.1254 	0.167 	0.1527 	0.1823 	0.1814 	0.1286 	0.1591 	0.1809 	0.1655 	0.1688 	0.1925 	0.1870 	0.1837 	0.1796 	0.1795 	0.1924 	0.2124 	0.2577 	0.2884 	0.3059 	0.2993 	0.2611 	0.2748 
S,E7000,MWH500-1999,KWH,I_TAX,PPS,SE	0.0654 	0.0694 	0.0723 	0.0847 	0.0763 	0.0754 	0.0835 	0.0828 	0.0851 	0.0805 	0.0775 	0.0713 	0.0735 	0.0702 	0.0669 	0.0649 	0.0613 	0.0576 	0.0598 	0.0661 	0.0603 	0.0607 	0.0664 	0.0721 	0.0768 	0.0699 	0.0595 	0.0655 	0.0684 	0.0948 	0.1116 	0.1562 	0.1124 	0.0968 	0.0986 	0.0906 	0.0994 
S,E7000,MWH500-1999,KWH,I_TAX,PPS,SI	: 	0.1408 	0.1377 	0.1456 	0.1441 	0.1348 	0.1418 	0.1435 	0.1418 	0.1385 	0.1406 	0.1395 	0.1441 	0.1432 	0.1321 	0.1292 	0.1262 	0.1327 	0.1312 	0.1296 	0.1153 	0.1151 	0.1253 	0.1261 	0.1397 	0.1389 	0.1429 	0.1416 	0.1336 	0.1438 	0.2280 	0.2636 	0.2872 	0.2943 	0.2432 	0.2552 	0.2174 
S,E7000,MWH500-1999,KWH,I_TAX,PPS,SK	: 	0.1842 	0.2148 	0.2176 	0.2491 	0.2458 	0.209 	0.2133 	0.2228 	0.2202 	0.2312 	0.2233 	0.2271 	0.2242 	0.2074 	0.2115 	0.2028 	0.2071 	0.2003 	0.2053 	0.1784 	0.1776 	0.1822 	0.1876 	0.1960 	0.2007 	0.1969 	0.1961 	0.1901 	0.1994 	0.3203 	0.3623 	0.3891 	0.3526 	0.2789 	0.3090 	0.2919 
S,E7000,MWH500-1999,KWH,I_TAX,PPS,TR	: 	0.1278 	0.1345 	0.1691 	0.1633 	0.167 	0.1729 	0.1729 	0.1558 	0.167 	0.1719 	0.1867 	0.1764 	0.175 	0.1637 	0.1708 	0.1739 	0.1687 	0.1722 	0.1764 	0.1463 	0.1515 	0.1429 	0.1958 	0.1877 	0.2314 	0.2051 	0.2060 	0.2269 	0.2387 	0.5439 	0.5880 	0.4817 	0.4810 	0.3335 	0.2377 	0.2459 
S,E7000,MWH500-1999,KWH,I_TAX,PPS,UK	0.11 	0.1105 	0.1067 	0.1254 	0.1315 	0.1186 	0.1116 	0.1088 	0.1104 	0.1172 	0.1234 	0.1252 	0.1265 	0.1316 	0.1356 	0.1356 	0.1419 	0.1423 	0.1396 	0.1429 	0.1302 	0.1331 	0.1393 	0.1499 	0.1556 	0.1613 	0.1670 	: 	: 	: 	: 	: 	: 	: 	: 	: 	: 
S,E7000,MWH500-1999,KWH,X_TAX,EUR,AL	: 	: 	: 	: 	: 	: 	: 	: 	: 	: 	: 	: 	: 	: 	: 	: 	: 	: 	: 	: 	: 	: 	: 	: 	0.1040 e	: 	0.1037 e	0.1036 e	0.1039 e	0.1053 e	0.1057 	0.1097 	0.1135 e	0.1223 e	0.1252 	0.1292 e	0.1420 
S,E7000,MWH500-1999,KWH,X_TAX,EUR,AT	: 	0.0774 	0.0897 	0.0905 	0.0991 	0.097 	0.0922 	0.0922 	0.0917 	0.0916 	0.0906 	0.0893 	0.0872 	0.0865 	0.0827 	0.0786 	0.0731 	0.0729 	0.0703 	0.0685 	0.0621 	0.0688 	0.0704 	0.0720 	0.0805 	0.0814 	0.0877 	0.0871 	0.0884 	0.0961 	0.1437 	0.1717 	0.2554 	0.2431 	0.1955 	0.1970 	0.1782 
S,E7000,MWH500-1999,KWH,X_TAX,EUR,BA	: 	: 	: 	: 	: 	: 	0.0622 	0.0616 	0.0613 	0.0644 	0.0646 	0.0655 	0.0653 	0.0655 	0.0652 	0.0621 	0.0625 	0.0613 	0.0612 	0.0607 	0.0581 	0.06 	0.0643 	0.0635 	0.0647 	0.0673 	0.0708 	0.0702 	0.0719 	0.0695 	0.0714 	0.0866 	0.0905 	0.0898 	0.0951 	0.0947 	0.1096 
S,E7000,MWH500-1999,KWH,X_TAX,EUR,BE	: 	0.0853 	0.0988 	0.0859 	0.1026 	0.0987 	0.0943 	0.0942 	0.0977 	0.1014 	0.095 	0.0961 	0.0914 	0.0918 	0.0916 	0.0879 	0.0898 	0.092 	0.085 	0.0879 	0.0816 	0.0721 	0.0765 	0.0812 	0.0807 	0.0802 	0.0795 	0.0810 	0.0810 	0.1035 	0.1519 	0.2012 	0.1950 	0.1760 	0.1392 	0.1456 	0.1590 
S,E7000,MWH500-1999,KWH,X_TAX,EUR,BG	: 	0.0562 	0.0557 	0.0644 	0.0639 	0.0634 	0.0639 	0.0654 	0.0638 	0.0657 	0.0684 	0.0766 	0.0803 	0.0716 	0.0736 	0.0747 	0.0682 	0.0772 	0.0992 	0.0778 	0.0753 	0.078 	0.0800 	0.0835 	0.0877 	0.0858 	0.0805 	0.0833 	0.0842 	0.1761 	0.2372 	0.3481 	0.1601 	0.1358 	0.1125 	0.1605 	0.1453 
S,E7000,MWH500-1999,KWH,X_TAX,EUR,CY	: 	0.1369 	0.1405 	0.1785 	0.1164 	0.1472 	0.1483 	0.1657 	0.1605 	0.2041 	0.2171 	0.2262 	0.2002 	0.1932 	0.1672 	0.1831 	0.1316 	0.1319 	0.0954 	0.1211 	0.1275 	0.1258 	0.1241 	0.1703 	0.1291 	0.1479 	0.1178 	0.1095 	0.1091 	0.1412 	0.1722 	0.2443 	0.1921 	0.1986 	0.1824 	0.1930 	0.1643 
S,E7000,MWH500-1999,KWH,X_TAX,EUR,CZ	: 	0.0946 	0.1095 	0.1108 	0.1057 	0.111 	0.1022 	0.107 	0.1097 	0.1071 	0.1028 	0.1017 	0.1012 	0.0979 	0.0819 	0.0809 	0.0761 	0.0773 	0.072 	0.0721 	0.0677 	0.0699 	0.0722 	0.0710 	0.0646 	0.0661 	0.0716 	0.0713 	0.0739 	0.0758 	0.1444 	0.1769 	0.1962 	0.1786 	0.1654 	0.1744 	0.1647 
S,E7000,MWH500-1999,KWH,X_TAX,EUR,DE	0.0857 	0.0894 	0.0929 	0.0951 	0.0975 	0.0958 	0.0921 	0.0914 	0.09 	0.0899 	0.0895 	0.0878 	0.086 	0.0905 	0.0844 	0.0808 	0.0809 	0.0813 	0.0788 	0.0793 	0.0761 	0.0786 	0.0771 	0.0780 	0.0855 	0.0718 	0.0849 	0.0885 	0.0908 	0.0967 	0.1512 	0.1782 	0.1904 	0.1890 	0.1976 	0.2010 	0.1828 
S,E7000,MWH500-1999,KWH,X_TAX,EUR,DK	: 	0.0765 	0.0707 	0.0831 	0.061 	0.063 	0.0721 	0.0764 	0.0784 	0.0695 	0.0645 	0.0622 	0.0661 	0.0642 	0.0654 	0.0666 	0.0591 	0.0567 	0.0588 	0.0633 	0.0616 	0.0629 	0.0593 	0.0651 	0.0635 	0.0617 	0.0540 	0.0615 	0.0725 	0.1150 	0.1595 	0.2264 	0.1325 	0.1157 	0.1042 	0.1265 	0.1226 
S,E7000,MWH500-1999,KWH,X_TAX,EUR,EA	0.083 	0.0786 	0.0837 	0.0853 	0.0913 	0.0878 	0.088 	0.0896 	0.0927 	0.0933 	0.0965 	0.0932 	0.0933 	0.092 	0.0916 	0.088 	0.0868 	0.0846 	0.0813 	0.08 	0.0795 	0.0780 	0.0808 	0.0807 	0.0864 	0.0803 	0.0839 	0.0846 	0.0892 	0.1067 	0.1657 	0.2036 	0.2034 	0.1857 	0.1645 	0.1698 	0.1614 
S,E7000,MWH500-1999,KWH,X_TAX,EUR,EE	: 	0.0518 	0.0514 	0.055 	0.0587 	0.0575 	0.0573 	0.0604 	0.0616 	0.0649 	0.0647 	0.0682 	0.0842 	0.0838 	0.0794 	0.0809 	0.0755 	0.0824 	0.0737 	0.0755 	0.0721 	0.0697 	0.0731 	0.0790 	0.0768 	0.0766 	0.0675 	0.0750 	0.0834 	0.1403 	0.1502 	0.2463 	0.1433 	0.1447 	0.1313 	0.1365 	0.1335 
S,E7000,MWH500-1999,KWH,X_TAX,EUR,EL	: 	0.0789 	0.0861 	0.092 	0.0948 	0.0853 	0.0855 	0.0876 	0.0917 	0.0982 	0.1006 	0.1028 	0.104 	0.1019 	0.109 	0.1034 	0.1037 	0.1022 	0.0929 	0.0875 	0.0862 	0.087 	0.0790 	0.0793 	0.0810 	0.0815 	0.0823 	0.0805 	0.0890 	0.2013 	0.2830 	0.3925 	0.1627 	0.1546 	0.1274 	0.1715 	0.1685 
S,E7000,MWH500-1999,KWH,X_TAX,EUR,ES	: 	0.0912 	0.0915 	0.1016 	0.1098 	0.1066 	0.111 	0.104 	0.1082 	0.11 	0.1155 	0.1138 	0.1165 	0.1143 	0.1185 	0.111 	0.1116 	0.1078 	0.1051 	0.0979 	0.101 	0.0982 	0.1008 	0.1045 	0.0925 d	0.0867 	0.0786 	0.0882 	0.0931 	0.1115 	0.1769 	0.2064 	0.1522 	0.1470 	0.1217 	0.1280 	0.1240 
S,E7000,MWH500-1999,KWH,X_TAX,EUR,EU27_2020	0.0798 	0.0788 	0.0834 	0.086 	0.0895 	0.0873 	0.088 	0.0895 	0.0925 	0.092 	0.0943 	0.0916 	0.092 	0.09 	0.0886 	0.0855 	0.0842 	0.0823 	0.0793 	0.0783 	0.0769 	0.0757 	0.0782 	0.0784 	0.0845 	0.0782 	0.0818 	0.0826 	0.0863 	0.1036 	0.1593 	0.1987 	0.1938 	0.1767 	0.1575 	0.1629 	0.1560 
S,E7000,MWH500-1999,KWH,X_TAX,EUR,FI	0.0554 	0.0563 	0.0614 	0.0647 	0.0663 	0.0656 	0.0667 	0.0657 	0.0686 	0.068 	0.0684 	0.0673 	0.0679 	0.0678 	0.0664 	0.0652 	0.0637 	0.0635 	0.0614 	0.0624 	0.0596 	0.0605 	0.0611 	0.0636 	0.0639 	0.0651 	0.0625 	0.0689 	0.0669 	0.0793 	0.0802 	0.1144 	0.0951 	0.0879 	0.0863 d	0.0780 d	0.0797 
S,E7000,MWH500-1999,KWH,X_TAX,EUR,FR	: 	0.052 	0.0599 	0.0562 	0.0667 	0.0591 	0.0687 	0.0627 	0.0722 	0.0668 	0.0809 	0.064 	0.0781 	0.0664 	0.0765 	0.0717 	0.0776 	0.0702 	0.0714 	0.0655 	0.0733 	0.0666 	0.0736 	0.0669 	0.0812 	0.0737 	0.0847 	0.0754 	0.0850 	0.0810 	0.1203 	0.1237 	0.2506 	0.2107 	0.1639 	0.1591 	0.1372 
S,E7000,MWH500-1999,KWH,X_TAX,EUR,GE	: 	: 	: 	: 	: 	: 	: 	: 	: 	: 	: 	: 	: 	: 	: 	: 	: 	: 	: 	: 	: 	: 	0.0489 	0.0564 	0.0595 	0.0475 	0.0505 	0.0435 	0.0713 	0.0657 	: 	0.0951 	0.0928 	0.0897 	0.0814 	0.0805 	0.0857 
S,E7000,MWH500-1999,KWH,X_TAX,EUR,HR	0.0666 	0.0724 	0.0743 	0.0933 	0.0853 	0.089 	0.0932 	0.0897 	0.09 	0.0886 	0.0892 	0.0933 	0.0942 	0.0913 	0.0903 	0.0867 	0.0869 	0.0875 	0.0851 	0.0825 	0.0821 	0.0812 	0.0848 	0.0867 	0.0887 	0.0907 	0.0898 	0.0878 	0.0881 	0.0998 	0.1410 	0.2246 	0.2780 	0.2187 	0.2169 	0.2155 	0.2166 
S,E7000,MWH500-1999,KWH,X_TAX,EUR,HU	: 	0.0997 	0.1119 	0.1195 	0.1221 	0.1276 	0.1037 	0.1031 	0.0978 	0.0934 	0.0888 	0.0937 	0.0904 	0.0914 	0.0836 	0.0822 	0.0778 	0.0783 	0.0729 	0.0719 	0.0638 e	0.0649 	0.0738 	0.0737 	0.0861 	0.0856 	0.0849 	0.0833 	0.0819 	0.0998 	0.1739 	0.2204 	0.2996 	0.2608 	0.2055 	0.2138 	0.1928 
S,E7000,MWH500-1999,KWH,X_TAX,EUR,IE	: 	0.1235 	0.1302 	0.1419 	0.1206 	0.117 	0.1118 	0.1124 	0.1121 	0.126 	0.1293 	0.1367 	0.1331 	0.1333 	0.1303 	0.1277 	0.1294 	0.1231 	0.1198 	0.1115 	0.1095 	0.1093 	0.1171 	0.1240 	0.1294 	0.1273 	0.1265 	0.1252 	0.1378 	0.1778 	0.2104 	0.2834 	0.2940 	0.2691 	0.2543 	0.2505 	0.2636 
S,E7000,MWH500-1999,KWH,X_TAX,EUR,IS	: 	: 	: 	: 	: 	: 	: 	: 	: 	: 	: 	: 	: 	: 	: 	: 	: 	: 	0.0714 	0.063 	0.0768 p	: 	0.0756 e	0.0380 	0.0558 	0.0559 	0.0713 e	0.0704 	0.0449 e	0.0704 e	0.0732 e	0.0775 e	0.0757 e	0.0778 e	0.0835 e	0.0944 e	: 
S,E7000,MWH500-1999,KWH,X_TAX,EUR,IT	: 	: 	: 	: 	: 	: 	: 	0.1116 	0.1145 	0.1195 	0.1193 	0.1231 	0.1122 	0.1119 	0.108 	0.1052 	0.0943 	0.0919 	0.0841 	0.0879 	0.0829 	0.0813 	0.0892 	0.0885 	0.0952 	0.0930 	0.0856 	0.0878 	0.0939 	0.1403 	0.2354 	0.3257 	0.2031 	0.1771 	0.1515 	0.1660 	0.1774 
S,E7000,MWH500-1999,KWH,X_TAX,EUR,LI	: 	: 	: 	: 	: 	: 	: 	: 	: 	: 	: 	: 	: 	: 	0.1359 	0.1374 	0.1426 	0.14 	0.1255 	0.1268 	0.1156 	0.0642 	0.0739 	0.0760 	0.0824 	0.0843 	0.0880 	0.0895 	0.0863 	0.0976 	0.1260 	0.1405 	0.3102 	0.2384 	0.1889 	0.1738 	0.1976 
S,E7000,MWH500-1999,KWH,X_TAX,EUR,LT	: 	0.0744 	0.0829 	0.0838 	0.0924 	0.079 	0.0991 	0.0995 	0.1045 	0.1034 	0.1135 	0.114 	0.0956 	0.0953 	0.0958 	0.0961 	0.0818 	0.0828 	0.0777 	0.073 	0.0696 	0.0686 	0.0701 	0.0762 	0.0833 	0.0853 	0.0871 	0.0901 	0.0932 	0.1294 	0.1758 	0.3294 	0.1741 	0.1688 	0.1684 	0.1636 	0.1598 
S,E7000,MWH500-1999,KWH,X_TAX,EUR,LU	0.1001 	0.0927 	0.0927 	0.0927 	0.1096 	0.1118 	0.0956 	0.0957 	0.096 	0.0957 	0.1007 	0.097 	0.094 	0.0958 	0.0949 	0.0928 	0.0842 	0.0804 	0.0784 	0.0767 	0.0696 	0.0719 	0.0746 	0.0754 	0.0816 	0.0822 	0.0824 	0.0832 	0.0836 	0.0855 	0.1230 	0.1441 	0.2477 	0.2332 	0.2041 	0.2018 	0.1763 
S,E7000,MWH500-1999,KWH,X_TAX,EUR,LV	: 	0.0595 	0.066 	0.0797 	0.0896 	0.0893 	0.089 	0.0907 	0.0984 	0.1101 	0.1103 	0.0934 	0.095 	0.0883 	0.0903 	0.0915 	0.091 	0.0915 	0.0897 	0.0933 	0.0911 	0.0891 	0.0811 	0.0833 	0.0837 	0.0854 	0.0813 	0.0839 	0.0849 	0.1191 	0.1467 	0.2292 	0.1685 	0.1495 	0.1451 	0.1446 	0.1354 
S,E7000,MWH500-1999,KWH,X_TAX,EUR,MD	: 	: 	: 	: 	: 	: 	: 	: 	: 	: 	: 	: 	: 	: 	: 	: 	0.0707 	0.0765 	0.0827 	0.0778 	0.0828 	0.0852 	0.0880 	0.0787 	0.0771 	0.0787 	0.0795 	0.0718 	0.0633 	0.0640 	0.0761 	0.1495 	0.1465 	0.1098 	0.0989 	0.0975 	0.1695 
S,E7000,MWH500-1999,KWH,X_TAX,EUR,ME	: 	: 	: 	: 	: 	: 	: 	: 	0.0617 	0.0637 	0.0677 	0.0719 	0.0747 	0.0746 	0.0761 	0.0753 	0.0766 	0.0764 	0.0794 	0.0782 	0.0724 	: 	0.0765 	0.0761 	0.0776 	0.0788 	0.0766 	0.0513 	0.0773 	0.0527 	0.0762 	0.0761 	0.0768 	0.0764 	0.0800 	0.0799 	0.0817 p
S,E7000,MWH500-1999,KWH,X_TAX,EUR,MK	: 	: 	: 	: 	: 	: 	: 	: 	: 	: 	: 	: @C	0.0391 	0.0411 	0.0419 	0.0414 	0.0836 	0.0811 	0.0819 	0.0521 	0.0524 	0.0561 	0.0624 	0.0675 	0.0687 	0.0733 	0.0778 	0.0756 	0.0752 	0.1225 	0.1685 	0.3215 	0.1690 	0.1168 	0.1006 	0.1458 	0.1266 
S,E7000,MWH500-1999,KWH,X_TAX,EUR,MT	: 	0.1221 	0.1221 	0.1619 	0.1506 	0.1291 	0.172 	0.181 	0.178 	0.18 	0.179 	0.181 	0.179 	0.178 	0.177 	0.178 	0.1599 	0.1405 	0.1422 	0.1399 	0.1336 	0.1349 	0.1331 	0.1337 	0.1330 	0.1340 	0.1328 	0.1327 	0.1330 	0.1386 	0.1332 	0.1333 	0.1396 	0.1396 	0.1394 	0.1331 	0.1333 p
S,E7000,MWH500-1999,KWH,X_TAX,EUR,NL	0.0901 	0.0915 	0.091 	0.0928 	0.0962 	0.0959 	0.0863 	0.0865 	0.0837 	0.0844 	0.0824 	0.0852 	0.0795 	0.0826 	0.0769 	0.0769 	0.0722 	0.0712 	0.0652 	0.0657 	0.0650 	0.0650 	0.0660 	0.0670 	0.0730 	0.0740 	0.0741 	0.0752 	0.0777 	0.0937 	0.1391 	0.1517 	0.2004 	0.1788 	0.1658 	0.1711 	0.1633 
S,E7000,MWH500-1999,KWH,X_TAX,EUR,NO	: 	0.0628 	0.0652 	0.0748 	0.0669 	0.0669 	0.0893 	0.0801 	0.0962 	0.0764 	0.0774 	0.0706 	0.0812 	0.0722 	0.0649 	0.0661 	0.0612 	0.0532 	0.0574 	0.0639 	0.0605 	0.0601 	0.0677 	0.0771 	0.0729 	0.0661 	0.0417 	0.0392 	0.0715 	0.1104 	0.1369 	0.2035 	0.1055 	0.0738 	0.0791 	0.0601 	0.0737 
S,E7000,MWH500-1999,KWH,X_TAX,EUR,PL	: 	0.0843 	0.0814 	0.0853 	0.0857 	0.0886 	0.0929 	0.0937 	0.0963 	0.0895 	0.0869 	0.0907 	0.0883 	0.083 	0.0777 	0.0786 	0.0833 	0.0813 	0.0762 	0.0769 	0.0673 	0.0651 	0.0648 	0.0649 	0.0795 	0.0630 	0.0800 	0.0784 	0.0731 	0.0685 	0.0988 	0.1115 	0.1404 	0.1380 	0.1271 	0.1325 	0.1295 
S,E7000,MWH500-1999,KWH,X_TAX,EUR,PT	: 	0.0728 	0.0782 	0.0781 	0.0919 	0.0932 	0.0896 	0.0867 	0.0903 	0.0895 	0.105 	0.0992 	0.1015 	0.101 	0.1029 	0.1052 	0.0989 	0.1001 	0.0943 	0.0948 	0.0835 	0.0837 	0.0781 	0.0814 	0.0869 	0.0860 	0.0794 	0.0781 	0.0755 	0.0892 	0.1351 	0.1721 	0.1505 	0.1381 	0.1068 	0.1118 	0.1136 
S,E7000,MWH500-1999,KWH,X_TAX,EUR,RO	: 	0.0908 	0.0886 	0.095 	0.0811 	0.0828 	0.085 	0.0808 	0.0803 	0.0803 	0.0833 	0.0764 	0.0904 	0.082 	0.0753 	0.071 	0.0707 	0.0681 	0.0635 	0.0643 	0.0642 	0.0658 	0.0710 	0.0734 	0.0821 	0.0853 	0.0890 	0.0848 	0.0824 	0.1130 	0.2149 d	0.3395 d	0.1632 	0.1560 	0.1415 	0.1501 	0.1560 
S,E7000,MWH500-1999,KWH,X_TAX,EUR,RS	: 	: 	: 	: 	: 	: 	: 	: 	: 	: 	: 	: 	0.0568 	0.0658 	0.0507 	0.0659 	0.0591 	0.063 	0.0616 	0.0418 	0.0587 	0.0691 	0.0647 	0.0661 	0.0767 	0.0747 	0.0748 	0.0731 	0.0702 	0.0774 	0.0893 	0.1026 	0.1218 	0.1318 	0.1356 	0.1172 	0.1242 
S,E7000,MWH500-1999,KWH,X_TAX,EUR,SE	0.0617 	0.0651 	0.0688 	0.0768 	0.0662 	0.0684 	0.08 	0.0836 	0.0887 	0.0823 	0.0804 	0.077 	0.0799 	0.0741 	0.0702 	0.0661 	0.0617 	0.0585 	0.0611 	0.0651 	0.0643 	0.0642 	0.0643 	0.0688 	0.0733 	0.0655 	0.0586 	0.0668 	0.0705 	0.0976 	0.1115 	0.1520 	0.1064 	0.0896 	0.0937 	0.0848 	0.0958 
S,E7000,MWH500-1999,KWH,X_TAX,EUR,SI	: 	0.0872 	0.0904 	0.0951 	0.0987 	0.0921 	0.0917 	0.0904 	0.0889 	0.0889 	0.0872 	0.0866 	0.0838 	0.0826 	0.0754 	0.0736 	0.0714 	0.0711 	0.0678 	0.0666 	0.0619 	0.0619 	0.0689 	0.0698 	0.0791 	0.0786 	0.0811 	0.0809 	0.0757 	0.0812 	0.1435 	0.1817 	0.2057 	0.1893 	0.1574 	0.1661 	0.1410 
S,E7000,MWH500-1999,KWH,X_TAX,EUR,SK	: 	0.1048 	0.1197 	0.1283 	0.1416 	0.1396 	0.1161 	0.1185 	0.1233 	0.1218 	0.1273 	0.1227 	0.1242 	0.1224 	0.1107 	0.1129 	0.1081 	0.1077 	0.1047 	0.1067 	0.0741 	0.0736 	0.0790 	0.0819 	0.0921 	0.0952 	0.0977 	0.0972 	0.0929 	0.0999 	0.1892 	0.2161 	0.2285 	0.1928 	0.1615 	0.1793 	0.1638 
S,E7000,MWH500-1999,KWH,X_TAX,EUR,TR	: 	0.0634 	0.0661 	0.0819 	0.0754 	0.0763 	0.0863 	0.0885 	0.076 	0.073 	0.0831 	0.0921 	0.0891 	0.0789 	0.072 	0.0779 	0.079 	0.0678 	0.0722 	0.0704 	0.0615 	0.058 	0.0571 	0.0601 	0.0683 	0.0842 	0.0774 	0.0627 	0.0648 	0.0724 	0.1171 	0.1934 	0.1392 	0.0986 	0.0898 	0.0965 	0.0895 
S,E7000,MWH500-1999,KWH,X_TAX,EUR,UA	: 	: 	: 	: 	: 	: 	: 	: 	: 	: 	: 	: 	: 	: 	: 	: 	: 	: 	: 	: 	: 	: 	0.0595 	0.0618 	0.0656 	0.0709 	0.0595 	0.0558 	0.0595 	: 	: 	: 	: 	: 	: 	: 	: 
S,E7000,MWH500-1999,KWH,X_TAX,EUR,UK	0.1057 	0.1078 	0.0937 	0.105 	0.1077 	0.0973 	0.0947 	0.0958 	0.0939 	0.0998 	0.1095 	0.1146 	0.1124 	0.1156 	0.1246 	0.129 	0.1184 	0.1206 	0.1042 	0.097 	0.0938 	0.0892 	0.0970 	0.1007 	0.0998 	0.0998 	0.1065 	: 	: 	: 	: 	: 	: 	: 	: 	: 	: 
S,E7000,MWH500-1999,KWH,X_TAX,EUR,XK	: 	: 	: 	: 	: 	: 	: 	: 	: 	: 	: 	: 	0.0617 	0.0647 	0.0637 	0.0729 	0.0705 	0.0751 	0.0687 	0.0708 	0.0731 	0.074 	0.0729 	0.0721 	0.0642 	0.0647 	0.0638 	0.0641 	0.0635 	0.0649 	0.0659 e	0.0669 	0.0713 	0.0754 	0.0741 	0.0728 	: 
S,E7000,MWH500-1999,KWH,X_TAX,NAC,AL	: 	: 	: 	: 	: 	: 	: 	: 	: 	: 	: 	: 	: 	: 	: 	: 	: 	: 	: 	: 	: 	: 	: 	: 	12.8800 e	: 	12.8300 e	12.8300 e	12.8100 e	12.8100 e	12.8100 	12.8100 	12.8100 e	12.8100 e	12.8100 	12.8100 e	14.0000 
S,E7000,MWH500-1999,KWH,X_TAX,NAC,AT	: 	0.0774 	0.0897 	0.0905 	0.0991 	0.097 	0.0922 	0.0922 	0.0917 	0.0916 	0.0906 	0.0893 	0.0872 	0.0865 	0.0827 	0.0786 	0.0731 	0.0729 	0.0703 	0.0685 	0.0621 	0.0688 	0.0704 	0.0720 	0.0805 	0.0814 	0.0877 	0.0871 	0.0884 	0.0961 	0.1437 	0.1717 	0.2554 	0.2431 	0.1955 	0.1970 	0.1782 
S,E7000,MWH500-1999,KWH,X_TAX,NAC,BA	: 	: 	: 	: 	: 	: 	0.1219 	0.1207 	0.1201 	0.1262 	0.1266 	0.1283 	0.1279 	0.1283 	0.1277 	0.1217 	0.1223 	0.1199 	0.1197 	0.1188 	0.1136 	0.1173 	0.1257 	0.1241 	0.1266 	0.1317 	0.1385 	0.1373 	0.1406 	0.1359 	0.1396 	0.1693 	0.1770 	0.1756 	0.1861 	0.1853 	0.2144 
S,E7000,MWH500-1999,KWH,X_TAX,NAC,BE	: 	0.0853 	0.0988 	0.0859 	0.1026 	0.0987 	0.0943 	0.0942 	0.0977 	0.1014 	0.095 	0.0961 	0.0914 	0.0918 	0.0916 	0.0879 	0.0898 	0.092 	0.085 	0.0879 	0.0816 	0.0721 	0.0765 	0.0812 	0.0807 	0.0802 	0.0795 	0.0810 	0.0810 	0.1035 	0.1519 	0.2012 	0.1950 	0.1760 	0.1392 	0.1456 	0.1590 
S,E7000,MWH500-1999,KWH,X_TAX,NAC,BG	: 	0.11 	0.109 	0.126 	0.125 	0.124 	0.125 	0.1279 	0.1248 	0.1285 	0.1337 	0.1498 	0.157 	0.14 	0.144 	0.1461 	0.1334 	0.151 	0.194 	0.1522 	0.1472 	0.1525 	0.1564 	0.1634 	0.1715 	0.1678 	0.1575 	0.1629 	0.1647 	0.3444 	0.4640 	0.6809 	0.3131 	0.2656 	0.2201 	0.3140 	0.2842 
S,E7000,MWH500-1999,KWH,X_TAX,NAC,CY	: 	0.08 	0.1405 	0.1785 	0.1164 	0.1472 	0.1483 	0.1657 	0.1605 	0.2041 	0.2171 	0.2262 	0.2002 	0.1932 	0.1672 	0.1831 	0.1316 	0.1319 	0.0954 	0.1211 	0.1275 	0.1258 	0.1241 	0.1703 	0.1291 	0.1479 	0.1178 	0.1095 	0.1091 	0.1412 	0.1722 	0.2443 	0.1921 	0.1986 	0.1824 	0.1930 	0.1643 
S,E7000,MWH500-1999,KWH,X_TAX,NAC,CZ	: 	2.59 	2.76 	2.74 	2.87 	2.86 	2.629 	2.659 	2.67 	2.6594 	2.5874 	2.556 	2.5995 	2.5717 	2.2476 	2.2338 	2.094 	2.0911 	1.9468 	1.9492 	1.8128 	1.8086 	1.8417 	1.8306 	1.6596 	1.6970 	1.8853 	1.8947 	1.9101 	1.9286 	3.5588 	4.3315 	4.6471 	4.3443 	4.1374 	4.3991 	4.1179 
S,E7000,MWH500-1999,KWH,X_TAX,NAC,DE	0.0857 	0.0894 	0.0929 	0.0951 	0.0975 	0.0958 	0.0921 	0.0914 	0.09 	0.0899 	0.0895 	0.0878 	0.086 	0.0905 	0.0844 	0.0808 	0.0809 	0.0813 	0.0788 	0.0793 	0.0761 	0.0786 	0.0771 	0.0780 	0.0855 	0.0718 	0.0849 	0.0885 	0.0908 	0.0967 	0.1512 	0.1782 	0.1904 	0.1890 	0.1976 	0.2010 	0.1828 
S,E7000,MWH500-1999,KWH,X_TAX,NAC,DK	: 	0.57 	0.5272 	0.6192 	0.4544 	0.4691 	0.5366 	0.569 	0.5846 	0.5172 	0.4795 	0.4636 	0.4928 	0.479 	0.4882 	0.4961 	0.4407 	0.4234 	0.4383 	0.4707 	0.4579 	0.4682 	0.4414 	0.4854 	0.4739 	0.4606 	0.4032 	0.4576 	0.5394 	0.8555 	1.1870 	1.6844 	0.9869 	0.8625 	0.7770 	0.9438 	0.9143 
S,E7000,MWH500-1999,KWH,X_TAX,NAC,EA	: 	0.0822 	0.0875 	0.0903 	0.0961 	0.0912 	0.0914 	0.0899 	0.0927 	0.0932 	0.0964 	0.0932 	0.0933 	0.0921 	0.0916 	0.088 	0.0869 	0.0847 	0.0813 	0.0801 	: 	: 	: 	: 	: 	: 	: 	: 	: 	: 	: 	: 	: 	: 	: 	: 	: 
S,E7000,MWH500-1999,KWH,X_TAX,NAC,EE	: 	0.81 	0.804 	0.86 	0.919 	0.899 	0.897 	0.945 	0.0616 	0.0649 	0.0647 	0.0682 	0.0842 	0.0838 	0.0794 	0.0809 	0.0755 	0.0824 	0.0737 	0.0755 	0.0721 	0.0697 	0.0731 	0.0790 	0.0768 	0.0766 	0.0675 	0.0750 	0.0834 	0.1403 	0.1502 	0.2463 	0.1433 	0.1447 	0.1313 	0.1365 	0.1335 
S,E7000,MWH500-1999,KWH,X_TAX,NAC,EL	: 	0.0789 	0.0861 	0.092 	0.0948 	0.0853 	0.0855 	0.0876 	0.0917 	0.0982 	0.1006 	0.1028 	0.104 	0.1019 	0.109 	0.1034 	0.1037 	0.1022 	0.0929 	0.0875 	0.0862 	0.087 	0.0790 	0.0793 	0.0810 	0.0815 	0.0823 	0.0805 	0.0890 	0.2013 	0.2830 	0.3925 	0.1627 	0.1546 	0.1274 	0.1715 	0.1685 
S,E7000,MWH500-1999,KWH,X_TAX,NAC,ES	: 	0.0912 	0.0915 	0.1016 	0.1098 	0.1066 	0.111 	0.104 	0.1082 	0.11 	0.1155 	0.1138 	0.1165 	0.1143 	0.1185 	0.111 	0.1116 	0.1078 	0.1051 	0.0979 	0.101 	0.0982 	0.1008 	0.1045 	0.0925 d	0.0867 	0.0786 	0.0882 	0.0931 	0.1115 	0.1769 	0.2064 	0.1522 	0.1470 	0.1217 	0.1280 	0.1240 
S,E7000,MWH500-1999,KWH,X_TAX,NAC,FI	0.0554 	0.0563 	0.0614 	0.0647 	0.0663 	0.0656 	0.0667 	0.0657 	0.0686 	0.068 	0.0684 	0.0673 	0.0679 	0.0678 	0.0664 	0.0652 	0.0637 	0.0635 	0.0614 	0.0624 	0.0596 	0.0605 	0.0611 	0.0636 	0.0639 	0.0651 	0.0625 	0.0689 	0.0669 	0.0793 	0.0802 	0.1144 	0.0951 	0.0879 	0.0863 d	0.0780 d	0.0797 
S,E7000,MWH500-1999,KWH,X_TAX,NAC,FR	: 	0.052 	0.0599 	0.0562 	0.0667 	0.0591 	0.0687 	0.0627 	0.0722 	0.0668 	0.0809 	0.064 	0.0781 	0.0664 	0.0765 	0.0717 	0.0776 	0.0702 	0.0714 	0.0655 	0.0733 	0.0666 	0.0736 	0.0669 	0.0812 	0.0737 	0.0847 	0.0754 	0.0850 	0.0810 	0.1203 	0.1237 	0.2506 	0.2107 	0.1639 	0.1591 	0.1372 
S,E7000,MWH500-1999,KWH,X_TAX,NAC,GE	: 	: 	: 	: 	: 	: 	: 	: 	: 	: 	: 	: 	: 	: 	: 	: 	: 	: 	: 	: 	: 	: 	0.1459 	0.1691 	0.1817 	0.1546 	0.1688 	0.1638 	0.2852 	0.2382 	: 	0.2679 	0.2606 	0.2580 	0.2380 	0.2385 	0.2600 
S,E7000,MWH500-1999,KWH,X_TAX,NAC,HR	0.49 	0.53 	0.54 	0.67 	0.63 	0.65 	0.677 	0.656 	0.666 	0.663 	0.6727 	0.7 	0.7133 	0.6931 	0.6886 	0.6631 	0.6626 	0.6654 	0.6434 	0.6192 	0.6118 	0.607 	0.6293 	0.6432 	0.6584 	0.6729 	0.6766 	0.6623 	0.6652 	0.7492 	1.0630 	1.6924 	0.2780 	0.2187 	0.2169 	0.2155 	0.2166 
S,E7000,MWH500-1999,KWH,X_TAX,NAC,HU	: 	25.17 	28.38 	29.83 	35.4123 	34.59 	28.18 	28.78 	26.3409 	27.0264 	26.2463 	26.5437 	26.7539 	27.2036 	25.6688 	25.5233 	23.9305 	24.4451 	22.7897 	22.2971 	19.7265 e	20.0506 	23.1719 	23.8431 	27.5944 	28.2515 	29.3170 	29.7454 	29.3270 	35.8336 	65.2419 	89.7194 	114.0625 	99.8367 	80.0907 	85.6911 	77.9971 
S,E7000,MWH500-1999,KWH,X_TAX,NAC,IE	: 	0.1235 	0.1302 	0.1419 	0.1206 	0.117 	0.1118 	0.1124 	0.1121 	0.126 	0.1293 	0.1367 	0.1331 	0.1333 	0.1303 	0.1277 	0.1294 	0.1231 	0.1198 	0.1115 	0.1095 	0.1093 	0.1171 	0.1240 	0.1294 	0.1273 	0.1265 	0.1252 	0.1378 	0.1778 	0.2104 	0.2834 	0.2940 	0.2691 	0.2543 	0.2505 	0.2636 
S,E7000,MWH500-1999,KWH,X_TAX,NAC,IS	: 	: 	: 	: 	: 	: 	: 	: 	: 	: 	: 	: 	: 	: 	: 	: 	: 	: 	10.0394 	8.0005 	8.9951 p	: 	9.3416 e	4.9994 	7.6474 	7.6877 	10.5800 e	11.3000 	6.8048 e	10.4700 e	10.3484 e	11.0900 e	11.4300 e	11.4500 e	12.4800 e	14.0700 e	: 
S,E7000,MWH500-1999,KWH,X_TAX,NAC,IT	: 	: 	: 	: 	: 	: 	: 	0.1116 	0.1145 	0.1195 	0.1193 	0.1231 	0.1122 	0.1119 	0.108 	0.1052 	0.0943 	0.0919 	0.0841 	0.0879 	0.0829 	0.0813 	0.0892 	0.0885 	0.0952 	0.0930 	0.0856 	0.0878 	0.0939 	0.1403 	0.2354 	0.3257 	0.2031 	0.1771 	0.1515 	0.1660 	0.1774 
S,E7000,MWH500-1999,KWH,X_TAX,NAC,LI	: 	: 	: 	: 	: 	: 	: 	: 	: 	: 	: 	: 	: 	: 	0.166 	0.166 	0.1507 	0.151 	0.1375 	0.1375 	0.1245 	0.0736 	0.0865 	0.0867 	0.0931 	0.0924 	0.0936 	0.0971 	0.0945 	0.1043 	0.1300 	0.1374 	0.3057 	0.2284 	0.1816 	0.1640 	0.1860 
S,E7000,MWH500-1999,KWH,X_TAX,NAC,LT	: 	0.257 	0.2862 	0.2895 	0.3189 	0.2728 	0.3422 	0.3435 	0.3607 	0.3571 	0.3919 	0.3936 	0.3301 	0.329 	0.3309 	0.3317 	0.0818 	0.0828 	0.0777 	0.073 	0.0696 	0.0686 	0.0701 	0.0762 	0.0833 	0.0853 	0.0871 	0.0901 	0.0932 	0.1294 	0.1758 	0.3294 	0.1741 	0.1688 	0.1684 	0.1636 	0.1598 
S,E7000,MWH500-1999,KWH,X_TAX,NAC,LU	0.1001 	0.0927 	0.0927 	0.0927 	0.1096 	0.1118 	0.0956 	0.0957 	0.096 	0.0957 	0.1007 	0.097 	0.094 	0.0958 	0.0949 	0.0928 	0.0842 	0.0804 	0.0784 	0.0767 	0.0696 	0.0719 	0.0746 	0.0754 	0.0816 	0.0822 	0.0824 	0.0832 	0.0836 	0.0855 	0.1230 	0.1441 	0.2477 	0.2332 	0.2041 	0.2018 	0.1763 
S,E7000,MWH500-1999,KWH,X_TAX,NAC,LV	: 	0.0416 	0.0461 	0.0563 	0.0633 	0.063 	0.063 	0.0643 	0.0696 	0.0777 	0.077 	0.065 	0.0665 	0.062 	0.0903 	0.0915 	0.091 	0.0915 	0.0897 	0.0933 	0.0911 	0.0891 	0.0811 	0.0833 	0.0837 	0.0854 	0.0813 	0.0839 	0.0849 	0.1191 	0.1467 	0.2292 	0.1685 	0.1495 	0.1451 	0.1446 	0.1354 
S,E7000,MWH500-1999,KWH,X_TAX,NAC,MD	: 	: 	: 	: 	: 	: 	: 	: 	: 	: 	: 	: 	: 	: 	: 	: 	1.4266 	1.6513 	1.84 	1.7009 	1.7329 	1.7672 	1.7788 	1.5316 	1.5273 	1.5376 	1.5482 	1.4372 	1.3484 	1.3165 	1.5367 	2.9297 	2.9138 	2.1301 	1.9000 	1.8825 	3.3041 
S,E7000,MWH500-1999,KWH,X_TAX,NAC,ME	: 	: 	: 	: 	: 	: 	: 	: 	0.0617 	0.0637 	0.0677 	0.0719 	0.0747 	0.0746 	0.0761 	0.0753 	0.0766 	0.0764 	0.0794 	0.0782 	0.0724 	: 	0.0765 	0.0761 	0.0776 	0.0788 	0.0766 	0.0513 	0.0773 	0.0527 	0.0762 	0.0761 	0.0768 	0.0764 	0.0800 	0.0799 	0.0817 p
S,E7000,MWH500-1999,KWH,X_TAX,NAC,MK	: 	: 	: 	: 	: 	: 	: 	: 	: 	: 	: 	: @C	2.4084 	2.5278 	2.5823 	2.5494 	5.1489 	4.9977 	5.0528 	3.2056 	3.2255 	3.4505 	3.8414 	4.1493 	4.2261 	4.5104 	4.7997 	4.6620 	4.6381 	7.5476 	10.3909 	19.7924 	10.4158 	7.1847 	6.1902 	8.9651 	7.7977 
S,E7000,MWH500-1999,KWH,X_TAX,NAC,MT	: 	0.0524 	0.1221 	0.1619 	0.1506 	0.1291 	0.172 	0.181 	0.178 	0.18 	0.179 	0.181 	0.179 	0.178 	0.177 	0.178 	0.1599 	0.1405 	0.1422 	0.1399 	0.1336 	0.1349 	0.1331 	0.1337 	0.1330 	0.1340 	0.1328 	0.1327 	0.1330 	0.1386 	0.1332 	0.1333 	0.1396 	0.1396 	0.1394 	0.1331 	0.1333 p
S,E7000,MWH500-1999,KWH,X_TAX,NAC,NL	0.0901 	0.0915 	0.091 	0.0928 	0.0962 	0.0959 	0.0863 	0.0865 	0.0837 	0.0844 	0.0824 	0.0852 	0.0795 	0.0826 	0.0769 	0.0769 	0.0722 	0.0712 	0.0652 	0.0657 	0.0650 	0.0650 	0.0660 	0.0670 	0.0730 	0.0740 	0.0741 	0.0752 	0.0777 	0.0937 	0.1391 	0.1517 	0.2004 	0.1788 	0.1658 	0.1711 	0.1633 
S,E7000,MWH500-1999,KWH,X_TAX,NAC,NO	: 	0.496 	0.518 	0.6354 	0.595 	0.5729 	0.7147 	0.6407 	0.7525 	0.5934 	0.5858 	0.5206 	0.6108 	0.5838 	0.5369 	0.5573 	0.529 	0.4914 	0.5408 	0.5851 	0.5557 	0.5695 	0.6498 	0.7405 	0.7094 	0.6591 	0.4478 	0.4201 	0.7278 	1.1210 	1.3670 	2.0807 	1.1945 	0.8512 	0.9096 	0.7071 	0.8590 
S,E7000,MWH500-1999,KWH,X_TAX,NAC,PL	: 	0.3139 	0.2841 	0.3018 	0.3836 	0.3707 	0.3716 	0.3736 	0.3808 	0.3835 	0.3692 	0.3742 	0.3687 	0.35 	0.3245 	0.3294 	0.3451 	0.3437 	0.3328 	0.3353 	0.2871 	0.2764 	0.2733 	0.2792 	0.3410 	0.2709 	0.3532 	0.3506 	0.3319 	0.3146 	0.4580 	0.5282 	0.6489 	0.6153 	0.5487 	0.5690 	0.5480 
S,E7000,MWH500-1999,KWH,X_TAX,NAC,PT	: 	0.0728 	0.0782 	0.0781 	0.0919 	0.0932 	0.0896 	0.0867 	0.0903 	0.0895 	0.105 	0.0992 	0.1015 	0.101 	0.1029 	0.1052 	0.0989 	0.1001 	0.0943 	0.0948 	0.0835 	0.0837 	0.0781 	0.0814 	0.0869 	0.0860 	0.0794 	0.0781 	0.0755 	0.0892 	0.1351 	0.1721 	0.1505 	0.1381 	0.1068 	0.1118 	0.1136 
S,E7000,MWH500-1999,KWH,X_TAX,NAC,RO	: 	0.3034 	0.3253 	0.3512 	0.3434 	0.3517 	0.3529 	0.3451 	0.3355 	0.3452 	0.3656 	0.3459 	0.3968 	0.3646 	0.3362 	0.3141 	0.3145 	0.3024 	0.2853 	0.2886 	0.2911 	0.3029 	0.3304 	0.3415 	0.3895 	0.4050 	0.4286 	0.4119 	0.4039 	0.5581 	1.0630 d	1.6696 d	0.8055 	0.7738 	0.7041 	0.7466 	0.7807 
S,E7000,MWH500-1999,KWH,X_TAX,NAC,RS	: 	: 	: 	: 	: 	: 	: 	: 	: 	: 	: 	: 	6.3601 	7.5181 	5.8627 	7.8338 	7.1479 	7.5898 	7.5687 	5.1566 	7.2391 	8.248 	7.6588 	7.8148 	9.0623 	8.7873 	8.7924 	8.5937 	8.2481 	9.0973 	10.4972 	12.0430 	14.2899 	15.4508 	15.8859 	13.7139 	14.5581 
S,E7000,MWH500-1999,KWH,X_TAX,NAC,SE	0.569 	0.604 	0.645 	0.757 	0.719 	0.711 	0.783 	0.777 	0.793 	0.7503 	0.7139 	0.6568 	0.6812 	0.65 	0.6287 	0.6104 	0.5763 	0.5477 	0.568 	0.6267 	0.6169 	0.6208 	0.6530 	0.7129 	0.7712 	0.6984 	0.6247 	0.6886 	0.7138 	0.9916 	1.1685 	1.6380 	1.2056 	1.0407 	1.0669 	0.9728 	1.0632 
S,E7000,MWH500-1999,KWH,X_TAX,NAC,SI	: 	0.0872 	0.0904 	0.0951 	0.0987 	0.0921 	0.0917 	0.0904 	0.0889 	0.0889 	0.0872 	0.0866 	0.0838 	0.0826 	0.0754 	0.0736 	0.0714 	0.0711 	0.0678 	0.0666 	0.0619 	0.0619 	0.0689 	0.0698 	0.0791 	0.0786 	0.0811 	0.0809 	0.0757 	0.0812 	0.1435 	0.1817 	0.2057 	0.1893 	0.1574 	0.1661 	0.1410 
S,E7000,MWH500-1999,KWH,X_TAX,NAC,SK	: 	3.51 	3.86 	3.89 	0.1416 	0.1396 	0.1161 	0.1185 	0.1233 	0.1218 	0.1273 	0.1227 	0.1242 	0.1224 	0.1107 	0.1129 	0.1081 	0.1077 	0.1047 	0.1067 	0.0741 	0.0736 	0.0790 	0.0819 	0.0921 	0.0952 	0.0977 	0.0972 	0.0929 	0.0999 	0.1892 	0.2161 	0.2285 	0.1928 	0.1615 	0.1793 	0.1638 
S,E7000,MWH500-1999,KWH,X_TAX,NAC,TR	: 	0.1108 	0.1248 	0.1577 	0.1622 	0.1658 	0.1745 	0.1745 	0.1679 	0.1799 	0.1941 	0.211 	0.2121 	0.2117 	0.2136 	0.2217 	0.2261 	0.2158 	0.2352 	0.2413 	0.2423 	0.2498 	0.2831 	0.3870 	0.4345 	0.5356 	0.5538 	0.5600 	0.6173 	0.8290 	1.9048 	3.5857 	3.0061 	2.9507 	3.0731 	3.5593 	3.6806 
S,E7000,MWH500-1999,KWH,X_TAX,NAC,UA	: 	: 	: 	: 	: 	: 	: 	: 	: 	: 	: 	: 	: 	: 	: 	: 	: 	: 	: 	: 	: 	: 	1.9300 	1.9693 	1.9962 	1.9494 	1.7014 	1.8394 	1.9930 	: 	: 	: 	: 	: 	: 	: 	: 
S,E7000,MWH500-1999,KWH,X_TAX,NAC,UK	0.0713 	0.0748 	0.0726 	0.0858 	0.0963 	0.0864 	0.0824 	0.0811 	0.0815 	0.0866 	0.09 	0.0916 	0.0956 	0.098 	0.1023 	0.1021 	0.0867 	0.0868 	0.0811 	0.0834 	0.0807 	0.0796 	0.0853 	0.0896 	0.0872 	0.0880 	0.0932 	: 	: 	: 	: 	: 	: 	: 	: 	: 	: 
S,E7000,MWH500-1999,KWH,X_TAX,NAC,XK	: 	: 	: 	: 	: 	: 	: 	: 	: 	: 	: 	: 	0.0617 	0.0647 	0.0637 	0.0729 	0.0705 	0.0751 	0.0687 	0.0708 	0.0731 	0.074 	0.0729 	0.0721 	0.0642 	0.0647 	0.0638 	0.0641 	0.0635 	0.0649 	0.0659 e	0.0669 	0.0713 	0.0754 	0.0741 	0.0728 	: 
S,E7000,MWH500-1999,KWH,X_TAX,PPS,AL	: 	: 	: 	: 	: 	: 	: 	: 	: 	: 	: 	: 	: 	: 	: 	: 	: 	: 	: 	: 	: 	: 	: 	: 	0.2092 e	: 	0.2017 e	0.2017 e	0.1990 e	0.1990 e	0.1998 	0.1998 	0.2010 e	0.2014 e	0.2036 	0.2048 e	0.2253 
S,E7000,MWH500-1999,KWH,X_TAX,PPS,AT	: 	0.0724 	0.0822 	0.0829 	0.0883 	0.0864 	0.0836 	0.0836 	0.0828 	0.0827 	0.0822 	0.081 	0.078 	0.0774 	0.0748 	0.0711 	0.0661 	0.0671 	0.0659 	0.0642 	0.055 	0.061 	0.0625 	0.0639 	0.0708 	0.0716 	0.0767 	0.0762 	0.0773 	0.0832 	0.1244 	0.1505 	0.2275 	0.2165 	0.1726 	0.1738 	0.1552 
S,E7000,MWH500-1999,KWH,X_TAX,PPS,BA	: 	: 	: 	: 	: 	: 	0.1258 	0.1246 	0.1248 	0.1312 	0.1342 	0.136 	0.1341 	0.1345 	0.1351 	0.1288 	0.1294 	0.1301 	0.1295 	0.1284 	0.1146 	0.1183 	0.1263 	0.1247 	0.1260 	0.1311 	0.1383 	0.1371 	0.1404 	0.1336 	0.1372 	0.1662 	0.1663 	0.1623 	0.1745 	0.1727 	0.1858 
S,E7000,MWH500-1999,KWH,X_TAX,PPS,BE	: 	0.078 	0.0884 	0.0768 	0.0899 	0.0865 	0.085 	0.0849 	0.088 	0.0914 	0.0858 	0.0867 	0.0812 	0.0815 	0.0825 	0.0792 	0.0809 	0.0834 	0.0786 	0.0822 	0.0722 	0.0638 	0.0678 	0.0720 	0.0715 	0.0711 	0.0713 	0.0726 	0.0726 	0.0930 	0.1367 	0.1811 	0.1752 	0.1573 	0.1241 	0.1290 	0.1416 
S,E7000,MWH500-1999,KWH,X_TAX,PPS,BG	: 	0.1402 	0.1304 	0.1507 	0.1429 	0.1418 	0.1442 	0.1475 	0.1348 	0.1388 	0.1454 	0.1629 	0.1688 	0.1505 	0.1561 	0.1584 	0.1446 	0.167 	0.2152 	0.1679 	0.1495 	0.1548 	0.1555 	0.1625 	0.1649 	0.1613 	0.1494 	0.1546 	0.1563 	0.3190 	0.4298 	0.6279 	0.2656 	0.2253 	0.1864 	0.2659 	0.2368 
S,E7000,MWH500-1999,KWH,X_TAX,PPS,CY	: 	0.1568 	0.1602 	0.2035 	0.1309 	0.1656 	0.1671 	0.1867 	0.1744 	0.2218 	0.2391 	0.2492 	0.2244 	0.2165 	0.1902 	0.2083 	0.1497 	0.1448 	0.1079 	0.1369 	0.1429 	0.141 	0.1383 	0.1897 	0.1424 	0.1632 	0.1286 	0.1195 	0.1191 	0.1540 	0.1878 	0.2696 	0.2100 	0.2178 	0.2031 	0.2119 	0.1799 
S,E7000,MWH500-1999,KWH,X_TAX,PPS,CZ	: 	0.1507 	0.1512 	0.1501 	0.1553 	0.1548 	0.1438 	0.1455 	0.1504 	0.1498 	0.1465 	0.1447 	0.1466 	0.145 	0.1273 	0.1265 	0.1186 	0.1199 	0.1126 	0.1137 	0.1002 	0.1 	0.1009 	0.1003 	0.0890 	0.0910 	0.0985 	0.0990 	0.0998 	0.0996 	0.1838 	0.2254 	0.2339 	0.2192 	0.2062 	0.2166 	0.2029 
S,E7000,MWH500-1999,KWH,X_TAX,PPS,DE	0.0837 	0.0873 	0.0894 	0.0915 	0.0906 	0.0891 	0.0883 	0.0876 	0.0866 	0.0865 	0.0866 	0.085 	0.0818 	0.0861 	0.081 	0.0775 	0.0776 	0.078 	0.0764 	0.0765 	0.0702 	0.0725 	0.0710 	0.0718 	0.0773 	0.0649 	0.0768 	0.0801 	0.0822 	0.0870 	0.1361 	0.1605 	0.1701 	0.1689 	0.1758 	0.1795 	0.1637 
S,E7000,MWH500-1999,KWH,X_TAX,PPS,DK	: 	0.0562 	0.0514 	0.0604 	0.0436 	0.045 	0.0528 	0.056 	0.0581 	0.0514 	0.0476 	0.046 	0.049 	0.0476 	0.0485 	0.0493 	0.0454 	0.0436 	0.0438 	0.0471 	0.0458 	0.0468 	0.0442 	0.0486 	0.0478 	0.0465 	0.0406 	0.0461 	0.0543 	0.0866 	0.1194 	0.1695 	0.1002 	0.0870 	0.0788 	0.0957 	0.0937 
S,E7000,MWH500-1999,KWH,X_TAX,PPS,EA	: 	0.0818 	0.0851 	0.0878 	0.0916 	0.087 	0.0878 	0.0864 	0.0893 	0.0898 	0.0938 	0.0906 	0.0904 	0.0892 	0.0895 	0.086 	0.0865 	0.0843 	0.0792 	0.0781 	0.0776 	0.0762 	0.0786 	0.0786 	0.0837 	0.0780 	0.0808 	0.0816 	0.0861 	0.1043 	0.1625 	0.2010 	0.1950 	0.1780 	0.1569 	0.1633 	0.1561 
S,E7000,MWH500-1999,KWH,X_TAX,PPS,EE	: 	0.0762 	0.0724 	0.0774 	0.0838 	0.082 	0.0846 	0.0891 	0.0887 	0.0934 	0.0912 	0.0962 	0.1155 	0.1149 	0.1063 	0.1083 	0.1011 	0.1136 	0.1012 	0.106 	0.0926 	0.0895 	0.0918 	0.0992 	0.0945 	0.0943 	0.0841 	0.0935 	0.1039 	0.1713 	0.1834 	0.3005 	0.1618 	0.1613 	0.1459 	0.1487 	0.1460 
S,E7000,MWH500-1999,KWH,X_TAX,PPS,EL	: 	0.0891 	0.096 	0.1025 	0.1022 	0.092 	0.093 	0.0953 	0.0988 	0.1058 	0.1125 	0.115 	0.1218 	0.1194 	0.1315 	0.1247 	0.1251 	0.1278 	0.1126 	0.106 	0.1029 	0.1039 	0.0949 	0.0953 	0.0982 	0.0988 	0.0995 	0.0973 	0.1076 	0.2453 	0.3439 	0.4770 	0.1984 	0.1885 	0.1573 	0.2117 	0.2074 
S,E7000,MWH500-1999,KWH,X_TAX,PPS,ES	: 	0.1016 	0.0993 	0.1102 	0.1164 	0.113 	0.1181 	0.1107 	0.116 	0.1179 	0.1276 	0.1257 	0.1294 	0.1269 	0.1325 	0.1241 	0.1248 	0.1204 	0.1187 	0.1095 	0.1099 	0.1069 	0.1081 	0.1121 	0.0992 d	0.0930 	0.0837 	0.0939 	0.0992 	0.1192 	0.1891 	0.2186 	0.1632 	0.1576 	0.1330 	0.1426 	0.1382 
S,E7000,MWH500-1999,KWH,X_TAX,PPS,EU27_2020	: 	: 	: 	: 	: 	: 	: 	: 	: 	: 	: 	: 	: 	: 	: 	: 	: 	: 	: 	: 	0.0810 	0.0798 	0.0820 	0.0827 	0.0888 	0.0824 	0.0864 	0.0872 	0.0905 	0.1091 	0.1678 	0.2121 	0.2000 	0.1824 	0.1601 	0.1674 	0.1600 
S,E7000,MWH500-1999,KWH,X_TAX,PPS,FI	0.0478 	0.0486 	0.0523 	0.0551 	0.0552 	0.0546 	0.0559 	0.0551 	0.057 	0.0565 	0.0567 	0.0558 	0.055 	0.055 	0.0534 	0.0524 	0.0512 	0.0512 	0.0503 	0.0515 	0.048 	0.0487 	0.0486 	0.0506 	0.0509 	0.0518 	0.0494 	0.0545 	0.0529 	0.0638 	0.0643 	0.0917 	0.0767 	0.0709 	0.0719 d	0.0649 d	0.0664 
S,E7000,MWH500-1999,KWH,X_TAX,PPS,FR	: 	0.0473 	0.053 	0.0498 	0.0583 	0.0516 	0.0612 	0.0559 	0.0645 	0.0597 	0.0721 	0.057 	0.0691 	0.0598 	0.0695 	0.0654 	0.0724 	0.0655 	0.065 	0.0596 	0.0654 	0.0594 	0.0661 	0.0600 	0.0747 	0.0678 	0.0778 	0.0693 	0.0781 	0.0745 	0.1110 	0.1141 	0.2307 	0.1929 	0.1500 	0.1457 	0.1260 
S,E7000,MWH500-1999,KWH,X_TAX,PPS,HR	0.1035 	0.112 	0.1101 	0.1366 	0.123 	0.1269 	0.132 	0.1279 	0.1331 	0.1325 	0.1395 	0.1451 	0.1483 	0.1441 	0.1424 	0.1371 	0.137 	0.1382 	0.1356 	0.1308 	0.1264 	0.1254 	0.1292 	0.1321 	0.1351 	0.1381 	0.1392 	0.1363 	0.1369 	0.1527 	0.2167 	0.3447 	0.4176 	0.3246 	0.3139 	0.3154 	0.3038 
S,E7000,MWH500-1999,KWH,X_TAX,PPS,HU	: 	0.1555 	0.1713 	0.18 	0.2122 	0.2072 	0.1714 	0.1751 	0.1592 	0.1634 	0.156 	0.1577 	0.1563 	0.1589 	0.1469 	0.146 	0.1369 	0.1398 	0.1297 	0.1274 	0.0996 e	0.1012 	0.1128 	0.1160 	0.1294 	0.1325 	0.1317 	0.1336 	0.1256 	0.1545 	0.2580 	0.3548 	0.4511 	0.3948 	0.2944 	0.3202 	0.2783 
S,E7000,MWH500-1999,KWH,X_TAX,PPS,IE	: 	0.1046 	0.1069 	0.1165 	0.1017 	0.0987 	0.1012 	0.1018 	0.1017 	0.1143 	0.1179 	0.1247 	0.1208 	0.121 	0.1171 	0.1147 	0.1163 	0.1105 	0.1079 	0.1034 	0.0947 	0.0945 	0.1002 	0.1063 	0.1077 	0.1060 	0.1055 	0.1030 	0.1149 	0.1483 	0.1783 	0.2384 	0.2456 	0.2264 	0.2117 	0.2116 	0.2227 
S,E7000,MWH500-1999,KWH,X_TAX,PPS,IS	: 	: 	: 	: 	: 	: 	: 	: 	: 	: 	: 	: 	: 	: 	: 	: 	: 	: 	0.0538 	0.0426 	0.0465 p	: 	0.0458 e	0.0245 	0.0365 	0.0367 	0.0472 e	0.0504 	0.0304 e	0.0464 e	0.0458 e	0.0491 e	0.0521 e	0.0514 e	0.0557 e	0.0616 e	: 
S,E7000,MWH500-1999,KWH,X_TAX,PPS,IT	: 	: 	: 	: 	: 	: 	: 	0.1092 	0.1124 	0.1173 	0.1188 	0.1226 	0.1112 	0.1109 	0.1076 	0.1048 	0.0939 	0.0913 	0.0857 	0.0896 	0.0825 	0.0809 	0.0890 	0.0883 	0.0956 	0.0934 	0.0862 	0.0884 	0.0945 	0.1431 	0.2401 	0.3335 	0.2112 	0.1845 	0.1569 	0.1726 	0.1855 
S,E7000,MWH500-1999,KWH,X_TAX,PPS,LT	: 	0.1294 	0.1316 	0.1331 	0.149 	0.1275 	0.1676 	0.1682 	0.1731 	0.1713 	0.1883 	0.1891 	0.1559 	0.1554 	0.1563 	0.1567 	0.1328 	0.1373 	0.1285 	0.1226 	0.108 	0.1064 	0.1064 	0.1156 	0.1242 	0.1271 	0.1278 	0.1322 	0.1367 	0.1860 	0.2527 	0.4771 	0.2314 	0.2244 	0.2180 	0.2103 	0.2045 
S,E7000,MWH500-1999,KWH,X_TAX,PPS,LU	0.0879 	0.0814 	0.0799 	0.0799 	0.0909 	0.0927 	0.0791 	0.0792 	0.081 	0.0807 	0.0853 	0.0821 	0.0775 	0.079 	0.0796 	0.0778 	0.0706 	0.067 	0.0666 	0.0649 	0.0563 	0.0582 	0.0597 	0.0604 	0.0647 	0.0652 	0.0637 	0.0643 	0.0646 	0.0670 	0.0964 	0.1112 	0.1909 	0.1763 	0.1543 	0.1534 	0.1336 
S,E7000,MWH500-1999,KWH,X_TAX,PPS,LV	: 	0.0892 	0.0913 	0.1115 	0.1315 	0.1309 	0.136 	0.1388 	0.1473 	0.1645 	0.1604 	0.1354 	0.1368 	0.1276 	0.1317 	0.1334 	0.1327 	0.1356 	0.1347 	0.1407 	0.1291 	0.1263 	0.1120 	0.1150 	0.1132 	0.1155 	0.1101 	0.1137 	0.1150 	0.1570 	0.1911 	0.2986 	0.2110 	0.1867 	0.1799 	0.1871 	0.1757 
S,E7000,MWH500-1999,KWH,X_TAX,PPS,ME	: 	: 	: 	: 	: 	: 	: 	: 	0.1257 	0.1298 	0.1378 	0.1464 	0.1489 	0.1487 	0.1482 	0.1466 	0.1587 	0.1583 	0.162 	0.162 	0.1452 	: 	0.1491 	0.1483 	0.1529 	0.1552 	0.1519 	0.1017 	0.1533 	0.1012 	0.1464 	0.1478 	0.1433 	0.1399 	0.1406 	0.1420 	0.1455 p
S,E7000,MWH500-1999,KWH,X_TAX,PPS,MK	: 	: 	: 	: 	: 	: 	: 	: 	: 	: 	: 	: @C	0.0941 	0.0987 	0.1012 	0.0999 	0.2045 	0.1985 	0.1987 	0.1249 	0.1168 	0.1249 	0.1369 	0.1478 	0.1508 	0.1610 	0.1694 	0.1646 	0.1637 	0.2577 	0.3548 	0.6900 	0.3536 	0.2460 	0.2076 	0.2874 	0.2500 
S,E7000,MWH500-1999,KWH,X_TAX,PPS,MT	: 	0.1746 	0.1703 	0.2258 	0.2071 	0.1775 	0.2355 	0.2478 	0.2354 	0.2381 	0.2335 	0.2361 	0.2295 	0.2282 	0.2208 	0.2221 	0.1994 	0.1752 	0.1773 	0.1743 	0.1607 	0.1622 	0.1545 	0.1552 	0.1549 	0.1561 	0.1514 	0.1513 	0.1516 	0.1570 	0.1525 	0.1505 	0.1557 	0.1557 	0.1535 	0.1466 	0.1465 p
S,E7000,MWH500-1999,KWH,X_TAX,PPS,NL	0.0853 	0.0866 	0.0844 	0.0861 	0.086 	0.0857 	0.0775 	0.0777 	0.0761 	0.0767 	0.0752 	0.0777 	0.0726 	0.0755 	0.0703 	0.0703 	0.0665 	0.0656 	0.0601 	0.0608 	0.0571 	0.0571 	0.0576 	0.0585 	0.0619 	0.0627 	0.0636 	0.0645 	0.0669 	0.0807 	0.1188 	0.1296 	0.1705 	0.1521 	0.1415 	0.1460 	0.1393 
S,E7000,MWH500-1999,KWH,X_TAX,PPS,NO	: 	0.0459 	0.0462 	0.0567 	0.05 	0.0481 	0.0605 	0.0543 	0.0632 	0.0498 	0.0499 	0.0444 	0.0501 	0.0479 	0.0429 	0.0445 	0.0423 	0.0391 	0.042 	0.0451 	0.0397 	0.0407 	0.0459 	0.0523 	0.0488 	0.0453 	0.0296 	0.0277 	0.0481 	0.0773 	0.0943 	0.1450 	0.0875 	0.0628 	0.0640 	0.0499 	0.0594 
S,E7000,MWH500-1999,KWH,X_TAX,PPS,PL	: 	0.1382 	0.1195 	0.127 	0.1548 	0.1496 	0.1558 	0.1567 	0.1572 	0.1583 	0.1531 	0.1551 	0.1528 	0.1451 	0.134 	0.1361 	0.1425 	0.1429 	0.1407 	0.1419 	0.1131 	0.1089 	0.1061 	0.1084 	0.1298 	0.1031 	0.1318 	0.1308 	0.1239 	0.1143 	0.1578 	0.1820 	0.2253 	0.2137 	0.1788 	0.1854 	0.1769 
S,E7000,MWH500-1999,KWH,X_TAX,PPS,PT	: 	0.0895 	0.0941 	0.094 	0.1092 	0.1107 	0.1082 	0.1047 	0.11 	0.109 	0.1318 	0.1245 	0.1302 	0.1295 	0.1323 	0.1352 	0.1271 	0.1285 	0.1211 	0.1212 	0.0996 	0.0998 	0.0927 	0.0966 	0.1035 	0.1024 	0.0933 	0.0918 	0.0887 	0.1042 	0.1577 	0.2010 	0.1760 	0.1638 	0.1291 	0.1359 	0.1378 
S,E7000,MWH500-1999,KWH,X_TAX,PPS,RO	: 	0.1628 	0.1591 	0.1718 	0.163 	0.167 	0.1693 	0.1655 	0.1591 	0.1637 	0.1721 	0.1628 	0.18 	0.1654 	0.1471 	0.1375 	0.1376 	0.1372 	0.1295 	0.1324 	0.1239 	0.1289 	0.1341 	0.1386 	0.1547 	0.1608 	0.1677 	0.1612 	0.1581 	0.2133 	0.3854 d	0.6054 d	0.2921 	0.2806 	0.2504 	0.2634 	0.2631 
S,E7000,MWH500-1999,KWH,X_TAX,PPS,RS	: 	: 	: 	: 	: 	: 	: 	: 	: 	: 	: 	: 	0.1156 	0.1366 	0.1031 	0.1377 	0.1256 	0.1411 	0.1389 	0.0952 	0.1218 	0.1387 	0.1268 	0.1293 	0.1477 	0.1432 	0.1407 	0.1375 	0.1320 	0.1421 	0.1639 	0.1884 	0.2119 	0.2257 	0.2211 	0.1921 	0.2024 
S,E7000,MWH500-1999,KWH,X_TAX,PPS,SE	0.052 	0.0552 	0.0574 	0.0674 	0.0607 	0.06 	0.0664 	0.0659 	0.0676 	0.0639 	0.0615 	0.0566 	0.0584 	0.0557 	0.0531 	0.0515 	0.0486 	0.0457 	0.0474 	0.0524 	0.0479 	0.0482 	0.0500 	0.0545 	0.0583 	0.0528 	0.0472 	0.0520 	0.0543 	0.0754 	0.0888 	0.1245 	0.0895 	0.0770 	0.0784 	0.0720 	0.0790 
S,E7000,MWH500-1999,KWH,X_TAX,PPS,SI	: 	0.1124 	0.1113 	0.1171 	0.1152 	0.1075 	0.1091 	0.1076 	0.1064 	0.1064 	0.1078 	0.107 	0.1041 	0.1026 	0.0943 	0.0921 	0.0893 	0.0889 	0.0861 	0.085 	0.0746 	0.0746 	0.0822 	0.0833 	0.0944 	0.0938 	0.0965 	0.0962 	0.0900 	0.0958 	0.1692 	0.2139 	0.2393 	0.2231 	0.1819 	0.1928 	0.1616 
S,E7000,MWH500-1999,KWH,X_TAX,PPS,SK	: 	0.1546 	0.1806 	0.182 	0.2084 	0.2054 	0.1737 	0.1773 	0.1794 	0.1773 	0.1864 	0.1797 	0.1828 	0.1802 	0.1661 	0.1695 	0.1622 	0.1657 	0.1601 	0.1642 	0.0985 	0.0979 	0.1029 	0.1066 	0.1170 	0.1209 	0.1214 	0.1207 	0.1154 	0.1234 	0.2338 	0.2686 	0.2758 	0.2431 	0.1993 	0.2241 	0.2043 
S,E7000,MWH500-1999,KWH,X_TAX,PPS,TR	: 	0.104 	0.1095 	0.1384 	0.1338 	0.1367 	0.1416 	0.1416 	0.1277 	0.1369 	0.1403 	0.1525 	0.144 	0.1438 	0.1346 	0.1397 	0.1425 	0.1381 	0.1416 	0.1451 	0.1202 	0.1239 	0.1175 	0.1606 	0.1540 	0.1898 	0.1684 	0.1703 	0.1877 	0.1989 	0.4570 	0.4944 	0.4051 	0.3977 	0.2756 	0.1967 	0.2034 
S,E7000,MWH500-1999,KWH,X_TAX,PPS,UK	0.0896 	0.094 	0.0871 	0.103 	0.1104 	0.0991 	0.091 	0.0896 	0.0879 	0.0934 	0.0984 	0.1002 	0.1033 	0.1059 	0.1091 	0.1089 	0.094 	0.0941 	0.0879 	0.0904 	0.0809 	0.0798 	0.0846 	0.0889 	0.0856 	0.0864 	0.0904 	: 	: 	: 	: 	: 	: 	: 	: 	: 	: 
S,E7000,MWH500-1999,KWH,X_VAT,EUR,AL	: 	: 	: 	: 	: 	: 	: 	: 	: 	: 	: 	: 	: 	: 	: 	: 	: 	: 	: 	: 	: 	: 	: 	: 	0.1040 e	: 	0.1037 e	0.1036 e	0.1039 e	0.1053 e	0.1057 	0.1097 	0.1135 e	0.1223 e	0.1252 	0.1292 e	0.1420 
S,E7000,MWH500-1999,KWH,X_VAT,EUR,AT	: 	0.094 	0.1064 	0.1072 	0.1184 	0.1162 	0.1127 	0.1128 	0.1126 	0.1128 	0.1102 	0.1116 	0.1114 	0.1108 	0.1089 	0.1055 	0.1039 	0.1047 	0.1026 	0.1004 	0.093 	0.0997 	0.0997 	0.1012 	0.1076 	0.1088 	0.1191 	0.1184 	0.1228 	0.1278 	0.1617 	0.1786 e	0.2597 e	0.2471 e	0.1987 e	0.2006 e	0.2029 e
S,E7000,MWH500-1999,KWH,X_VAT,EUR,BA	: 	: 	: 	: 	: 	: 	0.0622 	0.0616 	0.0613 	0.0644 	0.0646 	0.0655 	0.0653 	0.0655 	0.0652 	0.0621 	0.0625 	0.0613 	0.0612 	0.0607 	0.0594 	0.0614 	0.0661 	0.0653 	0.0667 	0.0698 	0.0734 	0.0730 	0.0747 	0.0723 	0.0741 	0.0893 	0.0910 	0.0903 	0.0956 	0.0952 	0.1101 
S,E7000,MWH500-1999,KWH,X_VAT,EUR,BE	: 	0.0949 	0.1069 	0.0961 	0.1111 	0.1079 	0.1057 	0.1054 	0.1098 	0.1147 	0.1076 	0.1107 	0.1078 	0.1099 	0.1094 	0.1086 	0.11 	0.1081 	0.1115 	0.1158 	0.1104 	0.1087 	0.1095 	0.1142 	0.1150 	0.1152 	0.1171 	0.1185 	0.1218 	0.1439 	0.1943 	0.2367 	0.2269 	0.2164 	0.1780 	0.1815 	0.1940 
S,E7000,MWH500-1999,KWH,X_VAT,EUR,BG	: 	0.0568 	0.0562 	0.0649 	0.0649 	0.0639 	0.0649 	0.0664 	0.0648 	0.0667 	0.0694 	0.0776 	0.0813 	0.0726 	0.0746 	0.0757 	0.0692 	0.0782 	0.1002 	0.0788 	0.0763 	0.079 	0.0810 	0.0846 	0.0887 	0.0868 	0.0816 	0.0843 	0.0962 	0.1564 	0.1736 	0.1794 	0.1492 	0.1362 	0.1136 	0.1322 	0.1271 
S,E7000,MWH500-1999,KWH,X_VAT,EUR,CY	: 	0.1391 	0.1427 	0.1807 	0.1186 	0.1494 	0.1505 	0.173 	0.1674 	0.2109 	0.2239 	0.2342 	0.2077 	0.2013 	0.1748 	0.1903 	0.1393 	0.1412 	0.1048 	0.1295 	0.1414 	0.1392 	0.1405 	0.1811 	0.1619 	0.1800 	0.1448 	0.1364 	0.1515 	0.1946 	0.2471 	0.3162 	0.2762 	0.2759 	0.2453 	0.2578 	0.2321 
S,E7000,MWH500-1999,KWH,X_VAT,EUR,CZ	: 	0.0946 	0.1107 	0.1121 	0.1069 	0.1122 	0.1033 	0.1081 	0.1108 	0.1082 	0.1039 	0.1029 	0.1023 	0.099 	0.0829 	0.0819 	0.0772 	0.0783 	0.073 	0.0732 	0.0688 	0.071 	0.0733 	0.0721 	0.0768 	0.0784 	0.0846 	0.0842 	0.0883 	0.0905 	0.1573 	0.1840 	0.1974 	0.1798 	0.1850 	0.1939 	0.1844 
S,E7000,MWH500-1999,KWH,X_VAT,EUR,DE	0.0957 	0.1013 	0.1053 	0.1078 	0.1132 	0.1134 	0.112 	0.119 	0.1248 	0.1243 	0.1277 	0.1297 	0.1425 	0.1444 	0.1586 	0.152 	0.1509 	0.1493 	0.1505 	0.1492 	0.1519 	0.1514 	0.1499 	0.1516 	0.1557 	0.1608 	0.1781 	0.1818 	0.1813 	0.1860 	0.2132 	0.2056 	0.2192 	0.2175 	0.2328 	0.2359 	0.2281 
S,E7000,MWH500-1999,KWH,X_VAT,EUR,DK	: 	0.0895 	0.0913 	0.1018 	0.0863 	0.092 	0.0942 	0.0961 	0.0992 	0.0927 	0.0966 	0.0993 	0.1027 	0.0998 	0.0939 	0.0972 	0.0899 	0.0899 	0.0948 	0.0936 	0.0845 	0.0846 	0.0807 	0.0788 	0.0707 	0.0681 	0.0612 	0.0686 	0.0797 	0.1164 	0.1609 	0.2278 	0.1339 	0.1170 	0.1055 	0.1284 	0.1236 
S,E7000,MWH500-1999,KWH,X_VAT,EUR,EA	0.0925 	0.0862 	0.0992 	0.1026 	0.1089 	0.1038 	0.1062 	0.1068 	0.1142 	0.1161 	0.1205 	0.1201 	0.1254 	0.124 	0.1308 	0.127 	0.1261 	0.1229 	0.1217 	0.1195 	0.1226 	0.1206 	0.1216 	0.1211 	0.1303 	0.1289 	0.1353 	0.1355 	0.1386 	0.1542 	0.1915 	0.2151 	0.2234 	0.2083 	0.1948 	0.2013 	0.1973 
S,E7000,MWH500-1999,KWH,X_VAT,EUR,EE	: 	0.053 	0.0567 	0.0601 	0.0643 	0.0645 	0.0694 	0.0727 	0.0718 	0.0751 	0.0784 	0.0818 	0.0974 	0.097 	0.0916 	0.0931 	0.0889 	0.0958 	0.0878 	0.0896 	0.087 	0.0846 	0.0865 	0.0924 	0.0917 	0.0915 	0.0823 	0.0873 	0.0957 	0.1526 	0.1625 	0.2586 	0.1567 	0.1570 	0.1429 	0.1484 	0.1435 
S,E7000,MWH500-1999,KWH,X_VAT,EUR,EL	: 	0.0789 	0.0861 	0.092 	0.0948 	0.0936 	0.0946 	0.1026 	0.1046 	0.1111 	0.1183 	0.1222 	0.1248 	0.1239 	0.1336 	0.1298 	0.1292 	0.115 	0.1173 	0.1115 	0.1073 	0.119 	0.1038 	0.1050 	0.1074 	0.1084 	0.1076 	0.1059 	0.1174 	0.2238 	0.2310 	0.2457 	0.1902 	0.1832 	0.1550 	0.2005 	0.1967 
S,E7000,MWH500-1999,KWH,X_VAT,EUR,ES	: 	0.0958 	0.0961 	0.1068 	0.1154 	0.112 	0.1167 	0.1093 	0.1137 	0.1156 	0.1214 	0.1196 	0.1224 	0.1202 	0.1246 	0.1167 	0.1173 	0.1133 	0.1105 	0.1029 	0.1061 	0.1032 	0.1059 	0.1098 	0.1148 	0.1104 	0.1076 	0.1175 	0.1074 	0.1459 	0.1879 	0.2202 	0.1597 	0.1536 	0.1371 	0.1426 	0.1413 
S,E7000,MWH500-1999,KWH,X_VAT,EUR,EU27_2020	0.0879 	0.0857 	0.0968 	0.1007 	0.1047 	0.1011 	0.1035 	0.1042 	0.1106 	0.1113 	0.1146 	0.1144 	0.119 	0.117 	0.1215 	0.1181 	0.1172 	0.1144 	0.1131 	0.1113 	0.1135 	0.1120 	0.1131 	0.1131 	0.1218 	0.1192 	0.1255 	0.1259 	0.1290 	0.1447 	0.1837 	0.2107 	0.2151 	0.2003 	0.1885 	0.1941 	0.1902 
S,E7000,MWH500-1999,KWH,X_VAT,EUR,FI	0.0577 	0.0586 	0.064 	0.0674 	0.0689 	0.0683 	0.0693 	0.0683 	0.0756 	0.075 	0.0755 	0.0744 	0.0749 	0.0749 	0.0734 	0.0722 	0.0707 	0.0706 	0.0685 	0.0694 	0.0667 	0.0676 	0.0681 	0.0707 	0.0709 	0.0721 	0.0695 	0.0759 	0.0676 	0.0800 	0.0808 	0.1150 	0.0957 	0.0885 	0.0870 	0.0786 	0.0804 
S,E7000,MWH500-1999,KWH,X_VAT,EUR,FR	: 	0.0574 	0.0651 	0.0617 	0.0725 	0.0648 	0.0778 	0.0716 	0.0849 	0.0808 	0.0949 	0.0795 	0.0968 	0.0855 	0.0986 	0.0938 	0.1027 	0.0951 	0.0962 	0.0903 	0.0978 	0.092 	0.0982 	0.0889 	0.1024 	0.0950 	0.1057 	0.0954 	0.1057 	0.1018 	0.1273 	0.1267 	0.2529 	0.2133 	0.1802 	0.1785 	0.1640 
S,E7000,MWH500-1999,KWH,X_VAT,EUR,GE	: 	: 	: 	: 	: 	: 	: 	: 	: 	: 	: 	: 	: 	: 	: 	: 	: 	: 	: 	: 	: 	: 	0.0489 	0.0564 	0.0595 	0.0475 	0.0505 	0.0435 	0.0713 	0.0657 	: 	0.0951 	0.0928 	0.0897 	0.0814 	0.0805 	0.0857 
S,E7000,MWH500-1999,KWH,X_VAT,EUR,HR	0.0666 	0.0738 	0.0756 	0.0947 	0.0867 	0.0904 	0.0939 	0.0904 	0.0907 	0.0893 	0.0899 	0.094 	0.0949 	0.0944 	0.0956 	0.0918 	0.092 	0.0928 	0.0903 	0.0877 	0.0874 	0.092 	0.0994 	0.1013 	0.1034 	0.1055 	0.1043 	0.1023 	0.1025 	0.1142 	0.1554 	0.2391 	0.2925 	0.2332 	0.2314 	0.2300 	0.2311 
S,E7000,MWH500-1999,KWH,X_VAT,EUR,HU	: 	0.1128 	0.1142 	0.1218 	0.1241 	0.1297 	0.106 	0.1053 	0.0998 	0.0995 	0.0948 	0.0999 	0.0963 	0.098 	0.0914 	0.0899 	0.0867 	0.087 	0.0805 	0.0796 	0.0772 e	0.0779 	0.0840 	0.0822 	0.0970 	0.0954 	0.0995 	0.0940 	0.0921 	0.1032 	0.1652 	0.2249 	0.3075 	0.2695 	0.2281 	0.2281 	0.2121 
S,E7000,MWH500-1999,KWH,X_VAT,EUR,IE	: 	0.1235 	0.1302 	0.1419 	0.1206 	0.1175 	0.1123 	0.1131 	0.1155 	0.1294 	0.1317 	0.1396 	0.1364 	0.1372 	0.1365 	0.1357 	0.1417 	0.1357 	0.1327 	0.1245 	0.1237 	0.1241 	0.1321 	0.1349 	0.1351 	0.1328 	0.1326 	0.1339 	0.1512 	0.1881 	0.2176 	0.2876 	0.2829 	0.2579 	0.2560 	0.2552 	0.2726 
S,E7000,MWH500-1999,KWH,X_VAT,EUR,IS	: 	: 	: 	: 	: 	: 	: 	: 	: 	: 	: 	: 	: 	: 	: 	: 	: 	: 	0.0736 	0.0652 	0.0795 p	: 	0.0769 e	0.0400 	0.0579 	0.0581 	0.0732 e	0.0721 	0.0532 e	0.0724 e	0.0756 e	0.0800 e	0.0783 e	0.0804 e	0.0860 e	0.0970 e	: 
S,E7000,MWH500-1999,KWH,X_VAT,EUR,IT	: 	: 	0.1385 	0.15 	0.1531 	0.137 	0.1389 	0.1443 	0.1523 	0.166 	0.1648 	0.1778 	0.168 	0.1718 	0.172 	0.1735 	0.1608 	0.1597 	0.1526 	0.1556 	0.1477 	0.1449 	0.1423 	0.1434 	0.1647 	0.1616 	0.1503 	0.1514 	0.1584 	0.1853 	0.2525 	0.3372 	0.2443 	0.2284 	0.2090 	0.2274 	0.2336 
S,E7000,MWH500-1999,KWH,X_VAT,EUR,LI	: 	: 	: 	: 	: 	: 	: 	: 	: 	: 	: 	: 	: 	: 	0.1384 	0.1399 	0.1631 	0.1612 	0.1463 	0.1479 	0.1296 	0.0773 	0.0868 	0.0892 	0.0957 	0.0980 	0.1021 	0.1034 	0.1000 	0.1117 	0.1405 	0.1558 	0.3255 	0.2540 	0.2045 	0.1896 	0.2135 
S,E7000,MWH500-1999,KWH,X_VAT,EUR,LT	: 	0.0744 	0.0829 	0.0838 	0.0924 	0.079 	0.0995 	0.1046 	0.1049 	0.1038 	0.1139 	0.1144 	0.1231 	0.1227 	0.1168 	0.1171 	0.0989 	0.0997 	0.094 	0.0882 	0.0837 	0.0825 	0.0838 	0.0899 	0.0926 	0.0945 	0.0943 	0.1026 	0.1046 	0.1396 	0.1803 	0.3297 	0.1668 	0.1619 	0.1688 	0.1640 	0.1600 
S,E7000,MWH500-1999,KWH,X_VAT,EUR,LU	0.1033 	0.0976 	0.0976 	0.0979 	0.1157 	0.1158 	0.1017 	0.1024 	0.1003 	0.1 	0.105 	0.1013 	0.0983 	0.1001 	0.1007 	0.0987 	0.0928 	0.0893 	0.0873 	0.0858 	0.078 	0.0803 	0.0833 	0.0846 	0.0897 	0.0904 	0.0928 	0.0938 	0.0954 	0.0974 	0.1294 	0.1512 	0.2485 	0.2342 	0.2048 	0.2040 	0.1775 
S,E7000,MWH500-1999,KWH,X_VAT,EUR,LV	: 	0.0595 	0.066 	0.0797 	0.0896 	0.0893 	0.089 	0.0907 	0.0984 	0.1101 	0.1103 	0.111 	0.1125 	0.1152 	0.1171 	0.1183 	0.1178 	0.1183 	0.1165 	0.1201 	0.1179 	0.1159 	0.1039 	0.1047 	0.1052 	0.1070 	0.1030 	0.1055 	0.1012 	0.1351 	0.1250 	0.2157 	0.1465 	0.1508 	0.1469 	0.1460 	0.1375 
S,E7000,MWH500-1999,KWH,X_VAT,EUR,MD	: 	: 	: 	: 	: 	: 	: 	: 	: 	: 	: 	: 	: 	: 	: 	: 	0.0707 	0.0765 	0.0827 	0.0778 	0.0828 	0.0852 	0.0880 	0.0787 	0.0771 	0.0787 	0.0795 	0.0718 	0.0633 	0.0640 	0.0761 	0.1495 	0.1465 	0.1098 	0.0989 	0.0975 	0.1695 
S,E7000,MWH500-1999,KWH,X_VAT,EUR,ME	: 	: 	: 	: 	: 	: 	: 	: 	0.0617 	0.0637 	0.0677 	0.0719 	0.0747 	0.0746 	0.0761 	0.0753 	0.0766 	0.0764 	0.0794 	0.0782 	0.0775 	: 	0.0810 	0.0805 	0.0868 	0.0879 	0.0857 	0.0659 	0.0867 	0.0665 	0.0850 	0.0859 	0.0861 	0.0816 	0.0851 	0.0848 	0.0867 p
S,E7000,MWH500-1999,KWH,X_VAT,EUR,MK	: 	: 	: 	: 	: 	: 	: 	: 	: 	: 	: 	: @C	0.0797 	0.0751 	0.0753 	0.0784 	0.0836 	0.0811 	0.0819 	0.0521 	0.0524 	0.0561 	0.0624 	0.0675 	0.0687 	0.0733 	0.0778 	0.0756 	0.0752 	0.1225 	0.1685 	0.3215 	0.1690 	0.1168 	0.1006 	0.1458 	0.1266 
S,E7000,MWH500-1999,KWH,X_VAT,EUR,MT	: 	0.1221 	0.1221 	0.1619 	0.1506 	0.1291 	0.172 	0.181 	0.178 	0.18 	0.179 	0.181 	0.179 	0.178 	0.177 	0.178 	0.1599 	0.1405 	0.1422 	0.1399 	0.1351 	0.1364 	0.1346 	0.1352 	0.1345 	0.1355 	0.1343 	0.1342 	0.1345 	0.1401 	0.1347 	0.1348 	0.1411 	0.1411 	0.1409 	0.1346 	0.1348 p
S,E7000,MWH500-1999,KWH,X_VAT,EUR,NL	0.1035 	0.1016 	0.1052 	0.1037 	0.111 	0.1061 	0.1012 	0.097 	0.0987 	0.095 	0.0974 	0.096 	0.0945 	0.0945 	0.0934 	0.0888 	0.0902 	0.0846 	0.0857 	0.0805 	0.0870 	0.0810 	0.0910 	0.0860 	0.0990 	0.0950 	0.1126 	0.1089 	0.1185 	0.1296 	0.1773 	0.1861 	0.2448 	0.2177 	0.2093 	0.2105 	0.2046 
S,E7000,MWH500-1999,KWH,X_VAT,EUR,NO	: 	0.0756 	0.0784 	0.0871 	0.079 	0.0795 	0.103 	0.0938 	0.1105 	0.0909 	0.0924 	0.086 	0.0967 	0.0866 	0.0798 	0.0808 	0.077 	0.0685 	0.0744 	0.0813 	0.0711 	0.0703 	0.0778 	0.0872 	0.0829 	0.0759 	0.0508 	0.0483 	0.0811 	0.1200 	0.1467 	0.2130 	0.1140 	0.0822 	0.0876 	0.0684 	0.0820 
S,E7000,MWH500-1999,KWH,X_VAT,EUR,PL	: 	0.0905 	0.0881 	0.091 	0.0902 	0.0933 	0.0979 	0.0987 	0.1014 	0.0941 	0.0917 	0.0956 	0.0931 	0.0878 	0.0825 	0.0833 	0.0882 	0.0861 	0.0808 	0.0815 	0.0866 	0.0862 	0.0876 	0.0884 	0.1003 	0.0828 	0.1086 	0.1077 	0.1092 	0.1104 	0.1555 	0.1702 	0.2133 	0.2119 	0.2083 	0.2100 	0.1995 
S,E7000,MWH500-1999,KWH,X_VAT,EUR,PT	: 	0.0793 	0.0895 	0.0901 	0.0943 	0.0944 	0.0935 	0.092 	0.0991 	0.1011 	0.1144 	0.1148 	0.1153 	0.1138 	0.1162 	0.1187 	0.114 	0.1154 	0.1125 	0.1132 	0.1145 	0.1147 	0.1123 	0.1170 	0.1162 	0.1159 	0.1125 	0.1114 	0.1066 	0.1186 	0.1202 	0.1359 	0.0954 	0.1161 	0.1149 	0.1332 	0.1322 
S,E7000,MWH500-1999,KWH,X_VAT,EUR,RO	: 	0.0908 	0.0886 	0.095 	0.0811 	0.0828 	0.085 	0.0808 	0.0803 	0.0803 	0.0833 	0.0764 	0.0904 	0.082 	0.0877 	0.0807 	0.083 	0.0802 	0.076 	0.0771 	0.0769 	0.0786 	0.0831 	0.0866 	0.0972 	0.1014 	0.1063 	0.1019 	0.0992 	0.1293 	0.2347 d	0.3573 d	0.1781 	0.1718 	0.1599 	0.1669 	0.1719 
S,E7000,MWH500-1999,KWH,X_VAT,EUR,RS	: 	: 	: 	: 	: 	: 	: 	: 	: 	: 	: 	: 	0.0572 	0.0662 	0.0514 	0.0666 	0.0598 	0.0678 	0.067 	0.047 	0.0639 	0.0751 	0.0704 	0.0719 	0.0833 	0.0813 	0.0814 	0.0796 	0.0795 	0.0873 	0.0964 	0.1172 	0.1384 	0.1492 	0.1533 	0.1333 	0.1411 
S,E7000,MWH500-1999,KWH,X_VAT,EUR,SE	0.0622 	0.0656 	0.0693 	0.0773 	0.0667 	0.0689 	0.0805 	0.0841 	0.0893 	0.0828 	0.0809 	0.0776 	0.0804 	0.0747 	0.0708 	0.0666 	0.0622 	0.059 	0.0616 	0.0656 	0.0648 	0.0647 	0.0684 	0.0727 	0.0772 	0.0694 	0.0591 	0.0672 	0.0711 	0.0982 	0.1121 	0.1525 	0.1069 	0.0901 	0.0942 	0.0853 	0.0964 
S,E7000,MWH500-1999,KWH,X_VAT,EUR,SI	: 	0.091 	0.0932 	0.0985 	0.1029 	0.0962 	0.0993 	0.1005 	0.0987 	0.0964 	0.0948 	0.0941 	0.0967 	0.0945 	0.0866 	0.0847 	0.0827 	0.087 	0.0847 	0.0832 	0.0784 	0.0784 	0.0860 	0.0866 	0.0959 	0.0953 	0.0984 	0.0976 	0.0920 	0.0999 	0.1585 	0.1968 	0.2213 	0.2047 	0.1725 	0.1802 	0.1555 
S,E7000,MWH500-1999,KWH,X_VAT,EUR,SK	: 	0.1048 	0.1197 	0.1289 	0.1423 	0.1403 	0.1174 	0.1198 	0.1276 	0.1261 	0.1316 	0.1271 	0.1286 	0.1269 	0.1152 	0.1174 	0.1126 	0.1122 	0.1092 	0.1112 	0.1118 	0.1113 	0.1166 	0.1201 	0.1286 	0.1317 	0.1321 	0.1316 	0.1275 	0.1345 	0.2160 	0.2429 	0.2687 	0.2330 	0.1883 	0.2061 	0.1967 
S,E7000,MWH500-1999,KWH,X_VAT,EUR,TR	: 	0.066 	0.0688 	0.0848 	0.078 	0.0789 	0.0893 	0.0915 	0.0786 	0.0755 	0.0863 	0.0955 	0.0925 	0.0814 	0.0742 	0.0807 	0.0817 	0.0702 	0.0744 	0.0725 	0.0634 	0.0601 	0.0589 	0.0621 	0.0706 	0.0870 	0.0799 	0.0640 	0.0661 	0.0736 	0.1181 	0.1949 	0.1402 	0.0994 	0.0905 	0.0972 	0.0902 
S,E7000,MWH500-1999,KWH,X_VAT,EUR,UA	: 	: 	: 	: 	: 	: 	: 	: 	: 	: 	: 	: 	: 	: 	: 	: 	: 	: 	: 	: 	: 	: 	0.0595 	0.0618 	0.0656 	0.0709 	0.0595 	0.0558 	0.0595 	: 	: 	: 	: 	: 	: 	: 	: 
S,E7000,MWH500-1999,KWH,X_VAT,EUR,UK	0.1103 	0.1078 	0.0977 	0.1088 	0.1117 	0.1012 	0.0989 	0.1 	0.0982 	0.1044 	0.1143 	0.1193 	0.1165 	0.1196 	0.1289 	0.1338 	0.1489 	0.152 	0.1377 	0.1278 	0.1264 	0.1246 	0.1337 	0.1423 	0.1519 	0.1560 	0.1648 	: 	: 	: 	: 	: 	: 	: 	: 	: 	: 
S,E7000,MWH500-1999,KWH,X_VAT,EUR,XK	: 	: 	: 	: 	: 	: 	: 	: 	: 	: 	: 	: 	0.0696 	0.0726 	0.0703 	0.0793 	0.0763 	0.0809 	0.075 	0.0771 	0.0798 	0.0758 	0.0746 	0.0733 	0.0660 	0.0679 	0.0672 	0.0679 	0.0673 	0.0676 	0.0670 	0.0676 	0.0730 	0.0785 	0.0772 	0.0759 	: 
S,E7000,MWH500-1999,KWH,X_VAT,NAC,AL	: 	: 	: 	: 	: 	: 	: 	: 	: 	: 	: 	: 	: 	: 	: 	: 	: 	: 	: 	: 	: 	: 	: 	: 	12.8800 e	: 	12.8300 e	12.8300 e	12.8100 e	12.8100 e	12.8100 	12.8100 	12.8100 e	12.8100 e	12.8100 	12.8100 e	14.0000 
S,E7000,MWH500-1999,KWH,X_VAT,NAC,AT	: 	0.094 	0.1064 	0.1072 	0.1184 	0.1162 	0.1127 	0.1128 	0.1126 	0.1128 	0.1102 	0.1116 	0.1114 	0.1108 	0.1089 	0.1055 	0.1039 	0.1047 	0.1026 	0.1004 	0.093 	0.0997 	0.0997 	0.1012 	0.1076 	0.1088 	0.1191 	0.1184 	0.1228 	0.1278 	0.1617 	0.1786 e	0.2597 e	0.2471 e	0.1987 e	0.2006 e	0.2029 e
S,E7000,MWH500-1999,KWH,X_VAT,NAC,BA	: 	: 	: 	: 	: 	: 	0.1219 	0.1207 	0.1201 	0.1262 	0.1266 	0.1283 	0.1279 	0.1283 	0.1277 	0.1217 	0.1223 	0.1199 	0.1197 	0.1188 	0.1162 	0.1201 	0.1292 	0.1278 	0.1304 	0.1366 	0.1435 	0.1428 	0.1461 	0.1415 	0.1449 	0.1746 	0.1779 	0.1766 	0.1870 	0.1862 	0.2154 
S,E7000,MWH500-1999,KWH,X_VAT,NAC,BE	: 	0.0949 	0.1069 	0.0961 	0.1111 	0.1079 	0.1057 	0.1054 	0.1098 	0.1147 	0.1076 	0.1107 	0.1078 	0.1099 	0.1094 	0.1086 	0.11 	0.1081 	0.1115 	0.1158 	0.1104 	0.1087 	0.1095 	0.1142 	0.1150 	0.1152 	0.1171 	0.1185 	0.1218 	0.1439 	0.1943 	0.2367 	0.2269 	0.2164 	0.1780 	0.1815 	0.1940 
S,E7000,MWH500-1999,KWH,X_VAT,NAC,BG	: 	0.111 	0.11 	0.127 	0.127 	0.125 	0.127 	0.1299 	0.1268 	0.1305 	0.1357 	0.1518 	0.159 	0.142 	0.146 	0.1481 	0.1354 	0.153 	0.196 	0.1542 	0.1492 	0.1545 	0.1584 	0.1654 	0.1735 	0.1698 	0.1595 	0.1649 	0.1882 	0.3058 	0.3396 	0.3508 	0.2919 	0.2663 	0.2221 	0.2586 	0.2486 
S,E7000,MWH500-1999,KWH,X_VAT,NAC,CY	: 	0.0813 	0.1427 	0.1807 	0.1186 	0.1494 	0.1505 	0.173 	0.1674 	0.2109 	0.2239 	0.2342 	0.2077 	0.2013 	0.1748 	0.1903 	0.1393 	0.1412 	0.1048 	0.1295 	0.1414 	0.1392 	0.1405 	0.1811 	0.1619 	0.1800 	0.1448 	0.1364 	0.1515 	0.1946 	0.2471 	0.3162 	0.2762 	0.2759 	0.2453 	0.2578 	0.2321 
S,E7000,MWH500-1999,KWH,X_VAT,NAC,CZ	: 	2.59 	2.79 	2.77 	2.9 	2.89 	2.657 	2.687 	2.698 	2.6877 	2.6157 	2.5843 	2.6278 	2.6 	2.2759 	2.2621 	2.1223 	2.1194 	1.9751 	1.9775 	1.8411 	1.8369 	1.8700 	1.8589 	1.9736 	2.0110 	2.2281 	2.2375 	2.2834 	2.3019 	3.8777 	4.5056 	4.6764 	4.3736 	4.6285 	4.8915 	4.6114 
S,E7000,MWH500-1999,KWH,X_VAT,NAC,DE	0.0957 	0.1013 	0.1053 	0.1078 	0.1132 	0.1134 	0.112 	0.119 	0.1248 	0.1243 	0.1277 	0.1297 	0.1425 	0.1444 	0.1586 	0.152 	0.1509 	0.1493 	0.1505 	0.1492 	0.1519 	0.1514 	0.1499 	0.1516 	0.1557 	0.1608 	0.1781 	0.1818 	0.1813 	0.1860 	0.2132 	0.2056 	0.2192 	0.2175 	0.2328 	0.2359 	0.2281 
S,E7000,MWH500-1999,KWH,X_VAT,NAC,DK	: 	0.667 	0.6808 	0.7593 	0.6431 	0.6851 	0.7012 	0.7163 	0.7395 	0.6901 	0.7183 	0.7399 	0.7659 	0.7443 	0.7007 	0.7236 	0.6704 	0.6704 	0.7062 	0.6964 	0.6285 	0.6292 	0.6013 	0.5876 	0.5280 	0.5086 	0.4567 	0.5110 	0.5929 	0.8655 	1.1970 	1.6943 	0.9969 	0.8725 	0.7870 	0.9578 	0.9223 
S,E7000,MWH500-1999,KWH,X_VAT,NAC,EA	: 	0.0938 	0.0996 	0.103 	0.1096 	0.1045 	0.1067 	0.1073 	0.1143 	0.1162 	0.1206 	0.1202 	0.1255 	0.1242 	0.1309 	0.1271 	0.1262 	0.123 	0.1219 	0.1197 	: 	: 	: 	: 	: 	: 	: 	: 	: 	: 	: 	: 	: 	: 	: 	: 	: 
S,E7000,MWH500-1999,KWH,X_VAT,NAC,EE	: 	0.83 	0.887 	0.94 	1.006 	1.009 	1.086 	1.138 	0.0718 	0.0751 	0.0784 	0.0818 	0.0974 	0.097 	0.0916 	0.0931 	0.0889 	0.0958 	0.0878 	0.0896 	0.087 	0.0846 	0.0865 	0.0924 	0.0917 	0.0915 	0.0823 	0.0873 	0.0957 	0.1526 	0.1625 	0.2586 	0.1567 	0.1570 	0.1429 	0.1484 	0.1435 
S,E7000,MWH500-1999,KWH,X_VAT,NAC,EL	: 	0.0789 	0.0861 	0.092 	0.0948 	0.0936 	0.0946 	0.1026 	0.1046 	0.1111 	0.1183 	0.1222 	0.1248 	0.1239 	0.1336 	0.1298 	0.1292 	0.115 	0.1173 	0.1115 	0.1073 	0.119 	0.1038 	0.1050 	0.1074 	0.1084 	0.1076 	0.1059 	0.1174 	0.2238 	0.2310 	0.2457 	0.1902 	0.1832 	0.1550 	0.2005 	0.1967 
S,E7000,MWH500-1999,KWH,X_VAT,NAC,ES	: 	0.0958 	0.0961 	0.1068 	0.1154 	0.112 	0.1167 	0.1093 	0.1137 	0.1156 	0.1214 	0.1196 	0.1224 	0.1202 	0.1246 	0.1167 	0.1173 	0.1133 	0.1105 	0.1029 	0.1061 	0.1032 	0.1059 	0.1098 	0.1148 	0.1104 	0.1076 	0.1175 	0.1074 	0.1459 	0.1879 	0.2202 	0.1597 	0.1536 	0.1371 	0.1426 	0.1413 
S,E7000,MWH500-1999,KWH,X_VAT,NAC,FI	0.0577 	0.0586 	0.064 	0.0674 	0.0689 	0.0683 	0.0693 	0.0683 	0.0756 	0.075 	0.0755 	0.0744 	0.0749 	0.0749 	0.0734 	0.0722 	0.0707 	0.0706 	0.0685 	0.0694 	0.0667 	0.0676 	0.0681 	0.0707 	0.0709 	0.0721 	0.0695 	0.0759 	0.0676 	0.0800 	0.0808 	0.1150 	0.0957 	0.0885 	0.0870 	0.0786 	0.0804 
S,E7000,MWH500-1999,KWH,X_VAT,NAC,FR	: 	0.0574 	0.0651 	0.0617 	0.0725 	0.0648 	0.0778 	0.0716 	0.0849 	0.0808 	0.0949 	0.0795 	0.0968 	0.0855 	0.0986 	0.0938 	0.1027 	0.0951 	0.0962 	0.0903 	0.0978 	0.092 	0.0982 	0.0889 	0.1024 	0.0950 	0.1057 	0.0954 	0.1057 	0.1018 	0.1273 	0.1267 	0.2529 	0.2133 	0.1802 	0.1785 	0.1640 
S,E7000,MWH500-1999,KWH,X_VAT,NAC,GE	: 	: 	: 	: 	: 	: 	: 	: 	: 	: 	: 	: 	: 	: 	: 	: 	: 	: 	: 	: 	: 	: 	0.1459 	0.1691 	0.1817 	0.1546 	0.1688 	0.1638 	0.2852 	0.2382 	: 	0.2679 	0.2606 	0.2580 	0.2380 	0.2385 	0.2600 
S,E7000,MWH500-1999,KWH,X_VAT,NAC,HR	0.49 	0.54 	0.55 	0.68 	0.64 	0.66 	0.682 	0.661 	0.671 	0.668 	0.6777 	0.705 	0.7183 	0.7163 	0.7289 	0.702 	0.7017 	0.705 	0.683 	0.6584 	0.6508 	0.6882 	0.7375 	0.7514 	0.7675 	0.7823 	0.7862 	0.7715 	0.7738 	0.8574 	1.1716 	1.8015 	0.2925 	0.2332 	0.2314 	0.2300 	0.2311 
S,E7000,MWH500-1999,KWH,X_VAT,NAC,HU	: 	28.47 	28.97 	30.41 	35.9843 	35.16 	28.8 	29.395 	26.8959 	28.7814 	28.0013 	28.2987 	28.5089 	29.1653 	28.0438 	27.8983 	26.661 	27.1756 	25.1702 	24.6776 	23.8927 e	24.0645 	26.3926 	26.5926 	31.0887 	31.4882 	34.3513 	33.5483 	32.9548 	37.0675 	61.9980 	91.5599 	117.0683 	103.1656 	88.8983 	91.4304 	85.7978 
S,E7000,MWH500-1999,KWH,X_VAT,NAC,IE	: 	0.1235 	0.1302 	0.1419 	0.1206 	0.1175 	0.1123 	0.1131 	0.1155 	0.1294 	0.1317 	0.1396 	0.1364 	0.1372 	0.1365 	0.1357 	0.1417 	0.1357 	0.1327 	0.1245 	0.1237 	0.1241 	0.1321 	0.1349 	0.1351 	0.1328 	0.1326 	0.1339 	0.1512 	0.1881 	0.2176 	0.2876 	0.2829 	0.2579 	0.2560 	0.2552 	0.2726 
S,E7000,MWH500-1999,KWH,X_VAT,NAC,IS	: 	: 	: 	: 	: 	: 	: 	: 	: 	: 	: 	: 	: 	: 	: 	: 	: 	: 	10.3394 	8.2761 	9.3074 p	: 	9.4977 e	5.2640 	7.9352 	7.9853 	10.8700 e	11.5800 	8.0699 e	10.7700 e	10.6881 e	11.4500 e	11.8300 e	11.8400 e	12.8500 e	14.4600 e	: 
S,E7000,MWH500-1999,KWH,X_VAT,NAC,IT	: 	: 	0.1385 	0.15 	0.1531 	0.137 	0.1389 	0.1443 	0.1523 	0.166 	0.1648 	0.1778 	0.168 	0.1718 	0.172 	0.1735 	0.1608 	0.1597 	0.1526 	0.1556 	0.1477 	0.1449 	0.1423 	0.1434 	0.1647 	0.1616 	0.1503 	0.1514 	0.1584 	0.1853 	0.2525 	0.3372 	0.2443 	0.2284 	0.2090 	0.2274 	0.2336 
S,E7000,MWH500-1999,KWH,X_VAT,NAC,LI	: 	: 	: 	: 	: 	: 	: 	: 	: 	: 	: 	: 	: 	: 	0.169 	0.169 	0.1723 	0.1739 	0.1604 	0.1604 	0.1395 	0.0886 	0.1015 	0.1017 	0.1081 	0.1074 	0.1086 	0.1121 	0.1095 	0.1193 	0.1450 	0.1524 	0.3207 	0.2434 	0.1966 	0.1790 	0.2010 
S,E7000,MWH500-1999,KWH,X_VAT,NAC,LT	: 	0.257 	0.2862 	0.2895 	0.3189 	0.2728 	0.3437 	0.3611 	0.3621 	0.3585 	0.3932 	0.3949 	0.4249 	0.4236 	0.4033 	0.4042 	0.0989 	0.0997 	0.094 	0.0882 	0.0837 	0.0825 	0.0838 	0.0899 	0.0926 	0.0945 	0.0943 	0.1026 	0.1046 	0.1396 	0.1803 	0.3297 	0.1668 	0.1619 	0.1688 	0.1640 	0.1600 
S,E7000,MWH500-1999,KWH,X_VAT,NAC,LU	0.1033 	0.0976 	0.0976 	0.0979 	0.1157 	0.1158 	0.1017 	0.1024 	0.1003 	0.1 	0.105 	0.1013 	0.0983 	0.1001 	0.1007 	0.0987 	0.0928 	0.0893 	0.0873 	0.0858 	0.078 	0.0803 	0.0833 	0.0846 	0.0897 	0.0904 	0.0928 	0.0938 	0.0954 	0.0974 	0.1294 	0.1512 	0.2485 	0.2342 	0.2048 	0.2040 	0.1775 
S,E7000,MWH500-1999,KWH,X_VAT,NAC,LV	: 	0.0416 	0.0461 	0.0563 	0.0633 	0.063 	0.063 	0.0643 	0.0696 	0.0777 	0.077 	0.0773 	0.0788 	0.0809 	0.1171 	0.1183 	0.1178 	0.1183 	0.1165 	0.1201 	0.1179 	0.1159 	0.1039 	0.1047 	0.1052 	0.1070 	0.1030 	0.1055 	0.1012 	0.1351 	0.1250 	0.2157 	0.1465 	0.1508 	0.1469 	0.1460 	0.1375 
S,E7000,MWH500-1999,KWH,X_VAT,NAC,MD	: 	: 	: 	: 	: 	: 	: 	: 	: 	: 	: 	: 	: 	: 	: 	: 	1.4266 	1.6513 	1.84 	1.7009 	1.7329 	1.7672 	1.7788 	1.5316 	1.5273 	1.5376 	1.5482 	1.4372 	1.3484 	1.3165 	1.5367 	2.9297 	2.9138 	2.1301 	1.9000 	1.8825 	3.3041 
S,E7000,MWH500-1999,KWH,X_VAT,NAC,ME	: 	: 	: 	: 	: 	: 	: 	: 	0.0617 	0.0637 	0.0677 	0.0719 	0.0747 	0.0746 	0.0761 	0.0753 	0.0766 	0.0764 	0.0794 	0.0782 	0.0775 	: 	0.0810 	0.0805 	0.0868 	0.0879 	0.0857 	0.0659 	0.0867 	0.0665 	0.0850 	0.0859 	0.0861 	0.0816 	0.0851 	0.0848 	0.0867 p
S,E7000,MWH500-1999,KWH,X_VAT,NAC,MK	: 	: 	: 	: 	: 	: 	: 	: 	: 	: 	: 	: @C	4.9106 	4.6216 	4.6451 	4.8277 	5.1489 	4.9977 	5.0528 	3.2056 	3.2255 	3.4505 	3.8414 	4.1493 	4.2261 	4.5104 	4.7997 	4.6620 	4.6381 	7.5476 	10.3909 	19.7924 	10.4158 	7.1847 	6.1902 	8.9651 	7.7977 
S,E7000,MWH500-1999,KWH,X_VAT,NAC,MT	: 	0.0524 	0.1221 	0.1619 	0.1506 	0.1291 	0.172 	0.181 	0.178 	0.18 	0.179 	0.181 	0.179 	0.178 	0.177 	0.178 	0.1599 	0.1405 	0.1422 	0.1399 	0.1351 	0.1364 	0.1346 	0.1352 	0.1345 	0.1355 	0.1343 	0.1342 	0.1345 	0.1401 	0.1347 	0.1348 	0.1411 	0.1411 	0.1409 	0.1346 	0.1348 p
S,E7000,MWH500-1999,KWH,X_VAT,NAC,NL	0.1035 	0.1016 	0.1052 	0.1037 	0.111 	0.1061 	0.1012 	0.097 	0.0987 	0.095 	0.0974 	0.096 	0.0945 	0.0945 	0.0934 	0.0888 	0.0902 	0.0846 	0.0857 	0.0805 	0.0870 	0.0810 	0.0910 	0.0860 	0.0990 	0.0950 	0.1126 	0.1089 	0.1185 	0.1296 	0.1773 	0.1861 	0.2448 	0.2177 	0.2093 	0.2105 	0.2046 
S,E7000,MWH500-1999,KWH,X_VAT,NAC,NO	: 	0.597 	0.623 	0.7404 	0.703 	0.6811 	0.8248 	0.7508 	0.8646 	0.7055 	0.6994 	0.6342 	0.7269 	0.6999 	0.6608 	0.6812 	0.6655 	0.6329 	0.7008 	0.7451 	0.6526 	0.6664 	0.7467 	0.8374 	0.8064 	0.7562 	0.5450 	0.5172 	0.8249 	1.2182 	1.4641 	2.1778 	1.2916 	0.9484 	1.0068 	0.8043 	0.9562 
S,E7000,MWH500-1999,KWH,X_VAT,NAC,PL	: 	0.337 	0.3076 	0.3218 	0.4036 	0.3907 	0.3916 	0.3936 	0.4008 	0.4035 	0.3892 	0.3942 	0.3887 	0.37 	0.3445 	0.3494 	0.3651 	0.3637 	0.3528 	0.3553 	0.3697 	0.366 	0.3699 	0.3804 	0.4304 	0.3563 	0.4794 	0.4818 	0.4953 	0.5067 	0.7210 	0.8062 	0.9861 	0.9449 	0.8994 	0.9021 	0.8443 
S,E7000,MWH500-1999,KWH,X_VAT,NAC,PT	: 	0.0793 	0.0895 	0.0901 	0.0943 	0.0944 	0.0935 	0.092 	0.0991 	0.1011 	0.1144 	0.1148 	0.1153 	0.1138 	0.1162 	0.1187 	0.114 	0.1154 	0.1125 	0.1132 	0.1145 	0.1147 	0.1123 	0.1170 	0.1162 	0.1159 	0.1125 	0.1114 	0.1066 	0.1186 	0.1202 	0.1359 	0.0954 	0.1161 	0.1149 	0.1332 	0.1322 
S,E7000,MWH500-1999,KWH,X_VAT,NAC,RO	: 	0.3034 	0.3253 	0.3512 	0.3434 	0.3517 	0.3529 	0.3451 	0.3355 	0.3452 	0.3656 	0.3459 	0.3968 	0.3646 	0.3913 	0.3571 	0.3692 	0.3562 	0.3417 	0.346 	0.3488 	0.3618 	0.3869 	0.4028 	0.4610 	0.4814 	0.5122 	0.4951 	0.4860 	0.6386 	1.1607 d	1.7571 d	0.8790 	0.8521 	0.7956 	0.8305 	0.8602 
S,E7000,MWH500-1999,KWH,X_VAT,NAC,RS	: 	: 	: 	: 	: 	: 	: 	: 	: 	: 	: 	: 	6.3968 	7.5621 	5.9437 	7.9148 	7.2409 	8.1692 	8.2355 	5.7998 	7.8812 	8.9635 	8.3326 	8.5004 	9.8404 	9.5619 	9.5673 	9.3538 	9.3517 	10.2649 	11.3333 	13.7546 	16.2382 	17.4860 	17.9537 	15.6008 	16.5324 
S,E7000,MWH500-1999,KWH,X_VAT,NAC,SE	0.574 	0.609 	0.65 	0.762 	0.724 	0.716 	0.788 	0.782 	0.798 	0.7553 	0.7189 	0.6618 	0.6862 	0.655 	0.6337 	0.6154 	0.5813 	0.5527 	0.573 	0.6317 	0.6219 	0.6258 	0.6940 	0.7539 	0.8122 	0.7394 	0.6297 	0.6936 	0.7198 	0.9976 	1.1745 	1.6440 	1.2116 	1.0467 	1.0729 	0.9788 	1.0692 
S,E7000,MWH500-1999,KWH,X_VAT,NAC,SI	: 	0.091 	0.0932 	0.0985 	0.1029 	0.0962 	0.0993 	0.1005 	0.0987 	0.0964 	0.0948 	0.0941 	0.0967 	0.0945 	0.0866 	0.0847 	0.0827 	0.087 	0.0847 	0.0832 	0.0784 	0.0784 	0.0860 	0.0866 	0.0959 	0.0953 	0.0984 	0.0976 	0.0920 	0.0999 	0.1585 	0.1968 	0.2213 	0.2047 	0.1725 	0.1802 	0.1555 
S,E7000,MWH500-1999,KWH,X_VAT,NAC,SK	: 	3.51 	3.86 	3.91 	0.1423 	0.1403 	0.1174 	0.1198 	0.1276 	0.1261 	0.1316 	0.1271 	0.1286 	0.1269 	0.1152 	0.1174 	0.1126 	0.1122 	0.1092 	0.1112 	0.1118 	0.1113 	0.1166 	0.1201 	0.1286 	0.1317 	0.1321 	0.1316 	0.1275 	0.1345 	0.2160 	0.2429 	0.2687 	0.2330 	0.1883 	0.2061 	0.1967 
S,E7000,MWH500-1999,KWH,X_VAT,NAC,TR	: 	0.1153 	0.1298 	0.1633 	0.1678 	0.1716 	0.1806 	0.1806 	0.1735 	0.186 	0.2015 	0.2189 	0.2202 	0.2184 	0.2202 	0.2298 	0.2339 	0.2234 	0.2424 	0.2486 	0.2498 	0.2587 	0.2918 	0.3998 	0.4488 	0.5535 	0.5714 	0.5711 	0.6293 	0.8430 	1.9199 	3.6140 	3.0285 	2.9739 	3.0984 	3.5850 	3.7074 
S,E7000,MWH500-1999,KWH,X_VAT,NAC,UA	: 	: 	: 	: 	: 	: 	: 	: 	: 	: 	: 	: 	: 	: 	: 	: 	: 	: 	: 	: 	: 	: 	1.9300 	1.9693 	1.9962 	1.9494 	1.7014 	1.8394 	1.9930 	: 	: 	: 	: 	: 	: 	: 	: 
S,E7000,MWH500-1999,KWH,X_VAT,NAC,UK	0.0744 	0.0748 	0.0757 	0.0889 	0.0998 	0.0899 	0.086 	0.0846 	0.0853 	0.0906 	0.094 	0.0954 	0.0991 	0.1014 	0.1059 	0.1059 	0.109 	0.1094 	0.1072 	0.1098 	0.1088 	0.1112 	0.1176 	0.1266 	0.1327 	0.1375 	0.1442 	: 	: 	: 	: 	: 	: 	: 	: 	: 	: 
S,E7000,MWH500-1999,KWH,X_VAT,NAC,XK	: 	: 	: 	: 	: 	: 	: 	: 	: 	: 	: 	: 	0.0696 	0.0726 	0.0703 	0.0793 	0.0763 	0.0809 	0.075 	0.0771 	0.0798 	0.0758 	0.0746 	0.0733 	0.0660 	0.0679 	0.0672 	0.0679 	0.0673 	0.0676 	0.0670 	0.0676 	0.0730 	0.0785 	0.0772 	0.0759 	: 
S,E7000,MWH500-1999,KWH,X_VAT,PPS,AL	: 	: 	: 	: 	: 	: 	: 	: 	: 	: 	: 	: 	: 	: 	: 	: 	: 	: 	: 	: 	: 	: 	: 	: 	0.2092 e	: 	0.2017 e	0.2017 e	0.1990 e	0.1990 e	0.1998 	0.1998 	0.2010 e	0.2014 e	0.2036 	0.2048 e	0.2253 
S,E7000,MWH500-1999,KWH,X_VAT,PPS,AT	: 	0.0879 	0.0975 	0.0982 	0.1055 	0.1035 	0.1022 	0.1023 	0.1017 	0.1019 	0.1 	0.1013 	0.0997 	0.0991 	0.0985 	0.0955 	0.094 	0.0964 	0.0961 	0.0941 	0.0824 	0.0883 	0.0885 	0.0898 	0.0947 	0.0957 	0.1042 	0.1036 	0.1074 	0.1107 	0.1400 	0.1566 e	0.2313 e	0.2201 e	0.1754 e	0.1770 e	0.1767 e
S,E7000,MWH500-1999,KWH,X_VAT,PPS,BA	: 	: 	: 	: 	: 	: 	0.1258 	0.1246 	0.1248 	0.1312 	0.1342 	0.136 	0.1341 	0.1345 	0.1351 	0.1288 	0.1294 	0.1301 	0.1295 	0.1284 	0.1172 	0.1212 	0.1299 	0.1285 	0.1298 	0.1360 	0.1433 	0.1426 	0.1459 	0.1391 	0.1424 	0.1714 	0.1672 	0.1632 	0.1753 	0.1735 	0.1866 
S,E7000,MWH500-1999,KWH,X_VAT,PPS,BE	: 	0.0868 	0.0956 	0.0859 	0.0974 	0.0946 	0.0953 	0.095 	0.0989 	0.1033 	0.0971 	0.0999 	0.0958 	0.0976 	0.0986 	0.0979 	0.0991 	0.0979 	0.103 	0.1083 	0.0977 	0.0962 	0.0970 	0.1012 	0.1019 	0.1021 	0.1050 	0.1062 	0.1092 	0.1293 	0.1749 	0.2130 	0.2038 	0.1934 	0.1586 	0.1608 	0.1728 
S,E7000,MWH500-1999,KWH,X_VAT,PPS,BG	: 	0.1415 	0.1316 	0.1519 	0.1452 	0.1429 	0.1465 	0.1498 	0.137 	0.1409 	0.1476 	0.1651 	0.1709 	0.1527 	0.1583 	0.1606 	0.1468 	0.1693 	0.2174 	0.1701 	0.1515 	0.1569 	0.1575 	0.1645 	0.1668 	0.1633 	0.1513 	0.1565 	0.1786 	0.2833 	0.3146 	0.3235 	0.2476 	0.2259 	0.1881 	0.2190 	0.2072 
S,E7000,MWH500-1999,KWH,X_VAT,PPS,CY	: 	0.1594 	0.1627 	0.206 	0.1334 	0.1681 	0.1696 	0.195 	0.1819 	0.2292 	0.2466 	0.258 	0.2328 	0.2256 	0.1989 	0.2165 	0.1585 	0.155 	0.1186 	0.1464 	0.1585 	0.156 	0.1565 	0.2018 	0.1786 	0.1986 	0.1581 	0.1489 	0.1654 	0.2123 	0.2695 	0.3489 	0.3020 	0.3026 	0.2730 	0.2831 	0.2542 
S,E7000,MWH500-1999,KWH,X_VAT,PPS,CZ	: 	0.1507 	0.1528 	0.1517 	0.1569 	0.1564 	0.1453 	0.147 	0.1519 	0.1514 	0.1481 	0.1463 	0.1482 	0.1466 	0.1289 	0.1282 	0.1202 	0.1215 	0.1142 	0.1153 	0.1018 	0.1015 	0.1025 	0.1019 	0.1058 	0.1078 	0.1164 	0.1169 	0.1193 	0.1189 	0.2003 	0.2344 	0.2353 	0.2207 	0.2307 	0.2408 	0.2272 
S,E7000,MWH500-1999,KWH,X_VAT,PPS,DE	0.0935 	0.099 	0.1014 	0.1038 	0.1052 	0.1054 	0.1073 	0.114 	0.1201 	0.1196 	0.1236 	0.1255 	0.1356 	0.1374 	0.1522 	0.1459 	0.1448 	0.1432 	0.1459 	0.144 	0.1401 	0.1396 	0.1380 	0.1395 	0.1408 	0.1454 	0.1612 	0.1645 	0.1641 	0.1674 	0.1920 	0.1851 	0.1958 	0.1944 	0.2070 	0.2108 	0.2043 
S,E7000,MWH500-1999,KWH,X_VAT,PPS,DK	: 	0.0657 	0.0664 	0.074 	0.0618 	0.0658 	0.069 	0.0705 	0.0734 	0.0685 	0.0713 	0.0734 	0.0762 	0.074 	0.0697 	0.0719 	0.0691 	0.0691 	0.0707 	0.0697 	0.0628 	0.0629 	0.0602 	0.0589 	0.0533 	0.0513 	0.0460 	0.0515 	0.0597 	0.0876 	0.1204 	0.1705 	0.1012 	0.0880 	0.0798 	0.0972 	0.0945 
S,E7000,MWH500-1999,KWH,X_VAT,PPS,EA	: 	0.0933 	0.0969 	0.1002 	0.1045 	0.0996 	0.1025 	0.1031 	0.1101 	0.1119 	0.1173 	0.1169 	0.1216 	0.1203 	0.1279 	0.1242 	0.1256 	0.1224 	0.1188 	0.1167 	0.1187 	0.1168 	0.1173 	0.1171 	0.1256 	0.1243 	0.1295 	0.1298 	0.1327 	0.1492 	0.1859 	0.2105 	0.2139 	0.1998 	0.1860 	0.1939 	0.1906 
S,E7000,MWH500-1999,KWH,X_VAT,PPS,EE	: 	0.0781 	0.0799 	0.0846 	0.0918 	0.0921 	0.1024 	0.1073 	0.1034 	0.1081 	0.1106 	0.1153 	0.1336 	0.133 	0.1227 	0.1247 	0.1191 	0.1321 	0.1205 	0.1258 	0.1117 	0.1086 	0.1086 	0.1160 	0.1128 	0.1126 	0.1026 	0.1088 	0.1193 	0.1863 	0.1984 	0.3155 	0.1769 	0.1750 	0.1588 	0.1617 	0.1570 
S,E7000,MWH500-1999,KWH,X_VAT,PPS,EL	: 	0.0891 	0.096 	0.1025 	0.1022 	0.1009 	0.1029 	0.1116 	0.1127 	0.1197 	0.1323 	0.1366 	0.1462 	0.1452 	0.1611 	0.1566 	0.1558 	0.1438 	0.1421 	0.1351 	0.1281 	0.1421 	0.1247 	0.1262 	0.1302 	0.1314 	0.1301 	0.1280 	0.1419 	0.2727 	0.2807 	0.2986 	0.2319 	0.2233 	0.1914 	0.2475 	0.2421 
S,E7000,MWH500-1999,KWH,X_VAT,PPS,ES	: 	0.1067 	0.1043 	0.1159 	0.1224 	0.1188 	0.1242 	0.1163 	0.1219 	0.1239 	0.1341 	0.1321 	0.1359 	0.1335 	0.1393 	0.1305 	0.1311 	0.1266 	0.1248 	0.1151 	0.1155 	0.1123 	0.1136 	0.1178 	0.1232 	0.1184 	0.1146 	0.1251 	0.1144 	0.1559 	0.2008 	0.2332 	0.1713 	0.1647 	0.1498 	0.1589 	0.1575 
S,E7000,MWH500-1999,KWH,X_VAT,PPS,EU27_2020	: 	: 	: 	: 	: 	: 	: 	: 	: 	: 	: 	: 	: 	: 	: 	: 	: 	: 	: 	: 	0.1171 	0.1157 	0.1166 	0.1172 	0.1260 	0.1230 	0.1298 	0.1303 	0.1335 	0.1504 	0.1924 	0.2241 	0.2239 	0.2087 	0.1932 	0.2004 	0.1954 
S,E7000,MWH500-1999,KWH,X_VAT,PPS,FI	0.0498 	0.0506 	0.0545 	0.0574 	0.0574 	0.0569 	0.0581 	0.0572 	0.0628 	0.0623 	0.0626 	0.0616 	0.0607 	0.0607 	0.059 	0.0581 	0.0568 	0.0569 	0.0561 	0.0573 	0.0537 	0.0544 	0.0542 	0.0563 	0.0564 	0.0574 	0.0550 	0.0600 	0.0535 	0.0643 	0.0648 	0.0922 	0.0772 	0.0714 	0.0724 	0.0655 	0.0669 
S,E7000,MWH500-1999,KWH,X_VAT,PPS,FR	: 	0.0522 	0.0576 	0.0546 	0.0633 	0.0566 	0.0693 	0.0638 	0.0759 	0.0722 	0.0846 	0.0708 	0.0856 	0.0771 	0.0896 	0.0856 	0.0959 	0.0888 	0.0876 	0.0822 	0.0872 	0.082 	0.0881 	0.0798 	0.0941 	0.0873 	0.0971 	0.0876 	0.0971 	0.0937 	0.1174 	0.1169 	0.2328 	0.1953 	0.1649 	0.1634 	0.1506 
S,E7000,MWH500-1999,KWH,X_VAT,PPS,HR	0.1035 	0.1141 	0.1121 	0.1387 	0.125 	0.1289 	0.133 	0.1289 	0.1341 	0.1335 	0.1405 	0.1461 	0.1493 	0.1489 	0.1507 	0.1451 	0.1451 	0.1465 	0.144 	0.1391 	0.1344 	0.1421 	0.1515 	0.1543 	0.1575 	0.1606 	0.1618 	0.1587 	0.1592 	0.1748 	0.2388 	0.3669 	0.4394 	0.3461 	0.3349 	0.3366 	0.3242 
S,E7000,MWH500-1999,KWH,X_VAT,PPS,HU	: 	0.1759 	0.1749 	0.1835 	0.2156 	0.2106 	0.1752 	0.1788 	0.1626 	0.174 	0.1664 	0.1681 	0.1665 	0.1704 	0.1605 	0.1596 	0.1525 	0.1554 	0.1433 	0.141 	0.1206 e	0.1215 	0.1284 	0.1294 	0.1458 	0.1477 	0.1543 	0.1507 	0.1412 	0.1598 	0.2452 	0.3621 	0.4630 	0.4080 	0.3267 	0.3416 	0.3061 
S,E7000,MWH500-1999,KWH,X_VAT,PPS,IE	: 	0.1046 	0.1069 	0.1165 	0.1017 	0.0991 	0.1017 	0.1024 	0.1047 	0.1173 	0.1201 	0.1273 	0.1238 	0.1245 	0.1226 	0.1219 	0.1273 	0.1218 	0.1195 	0.1155 	0.1069 	0.1073 	0.1131 	0.1156 	0.1125 	0.1105 	0.1106 	0.1102 	0.1261 	0.1569 	0.1844 	0.2419 	0.2364 	0.2169 	0.2131 	0.2156 	0.2302 
S,E7000,MWH500-1999,KWH,X_VAT,PPS,IS	: 	: 	: 	: 	: 	: 	: 	: 	: 	: 	: 	: 	: 	: 	: 	: 	: 	: 	0.0554 	0.044 	0.0481 p	: 	0.0466 e	0.0258 	0.0379 	0.0382 	0.0485 e	0.0517 	0.0360 e	0.0477 e	0.0474 e	0.0507 e	0.0539 e	0.0531 e	0.0574 e	0.0633 e	: 
S,E7000,MWH500-1999,KWH,X_VAT,PPS,IT	: 	: 	0.1372 	0.1485 	0.1478 	0.1322 	0.1359 	0.1412 	0.1495 	0.1629 	0.1641 	0.177 	0.1665 	0.1703 	0.1714 	0.1729 	0.1602 	0.1587 	0.1555 	0.1585 	0.147 	0.1442 	0.1419 	0.1430 	0.1655 	0.1623 	0.1513 	0.1524 	0.1595 	0.1890 	0.2575 	0.3452 	0.2541 	0.2380 	0.2165 	0.2364 	0.2442 
S,E7000,MWH500-1999,KWH,X_VAT,PPS,LT	: 	0.1294 	0.1316 	0.1331 	0.149 	0.1275 	0.1683 	0.1769 	0.1737 	0.172 	0.1889 	0.1897 	0.2007 	0.2001 	0.1905 	0.1909 	0.1606 	0.1653 	0.1554 	0.1481 	0.1298 	0.128 	0.1272 	0.1364 	0.1380 	0.1408 	0.1383 	0.1505 	0.1534 	0.2006 	0.2591 	0.4775 	0.2217 	0.2152 	0.2186 	0.2108 	0.2048 
S,E7000,MWH500-1999,KWH,X_VAT,PPS,LU	0.0907 	0.0857 	0.0841 	0.0844 	0.096 	0.096 	0.0842 	0.0847 	0.0846 	0.0844 	0.0889 	0.0858 	0.0811 	0.0826 	0.0845 	0.0828 	0.0778 	0.0744 	0.0741 	0.0726 	0.0631 	0.065 	0.0667 	0.0677 	0.0711 	0.0717 	0.0717 	0.0725 	0.0737 	0.0764 	0.1014 	0.1167 	0.1915 	0.1770 	0.1548 	0.1551 	0.1345 
S,E7000,MWH500-1999,KWH,X_VAT,PPS,LV	: 	0.0892 	0.0913 	0.1115 	0.1315 	0.1309 	0.136 	0.1388 	0.1473 	0.1645 	0.1604 	0.161 	0.1621 	0.1665 	0.1707 	0.1725 	0.1718 	0.1753 	0.175 	0.1812 	0.1671 	0.1643 	0.1435 	0.1446 	0.1423 	0.1447 	0.1395 	0.1429 	0.1371 	0.1781 	0.1628 	0.2810 	0.1835 	0.1884 	0.1822 	0.1889 	0.1784 
S,E7000,MWH500-1999,KWH,X_VAT,PPS,ME	: 	: 	: 	: 	: 	: 	: 	: 	0.1257 	0.1298 	0.1378 	0.1464 	0.1489 	0.1487 	0.1482 	0.1466 	0.1587 	0.1583 	0.162 	0.162 	0.1554 	: 	0.1579 	0.1569 	0.1710 	0.1732 	0.1699 	0.1307 	0.1719 	0.1277 	0.1633 	0.1668 	0.1606 	0.1495 	0.1496 	0.1508 	0.1546 p
S,E7000,MWH500-1999,KWH,X_VAT,PPS,MK	: 	: 	: 	: 	: 	: 	: 	: 	: 	: 	: 	: @C	0.1918 	0.1805 	0.182 	0.1892 	0.2045 	0.1985 	0.1987 	0.1249 	0.1168 	0.1249 	0.1369 	0.1478 	0.1508 	0.1610 	0.1694 	0.1646 	0.1637 	0.2577 	0.3548 	0.6900 	0.3536 	0.2460 	0.2076 	0.2874 	0.2500 
S,E7000,MWH500-1999,KWH,X_VAT,PPS,MT	: 	0.1746 	0.1703 	0.2258 	0.2071 	0.1775 	0.2355 	0.2478 	0.2354 	0.2381 	0.2335 	0.2361 	0.2295 	0.2282 	0.2208 	0.2221 	0.1994 	0.1752 	0.1773 	0.1743 	0.1625 	0.164 	0.1563 	0.1570 	0.1567 	0.1578 	0.1531 	0.1530 	0.1534 	0.1587 	0.1543 	0.1521 	0.1573 	0.1573 	0.1552 	0.1482 	0.1482 p
S,E7000,MWH500-1999,KWH,X_VAT,PPS,NL	0.0979 	0.0961 	0.0976 	0.0962 	0.0992 	0.0948 	0.0909 	0.0871 	0.0897 	0.0863 	0.0889 	0.0876 	0.0864 	0.0864 	0.0853 	0.0811 	0.0831 	0.078 	0.079 	0.0746 	0.0764 	0.0711 	0.0794 	0.0751 	0.0839 	0.0805 	0.0966 	0.0934 	0.1020 	0.1116 	0.1515 	0.1590 	0.2083 	0.1852 	0.1786 	0.1796 	0.1746 
S,E7000,MWH500-1999,KWH,X_VAT,PPS,NO	: 	0.0552 	0.0556 	0.0661 	0.059 	0.0572 	0.0698 	0.0636 	0.0726 	0.0592 	0.0596 	0.054 	0.0596 	0.0574 	0.0528 	0.0544 	0.0532 	0.0504 	0.0545 	0.0574 	0.0467 	0.0477 	0.0527 	0.0592 	0.0555 	0.0520 	0.0360 	0.0342 	0.0545 	0.0840 	0.1010 	0.1518 	0.0946 	0.0699 	0.0708 	0.0567 	0.0661 
S,E7000,MWH500-1999,KWH,X_VAT,PPS,PL	: 	0.1484 	0.1294 	0.1354 	0.1628 	0.1576 	0.1642 	0.1651 	0.1655 	0.1666 	0.1613 	0.1634 	0.1611 	0.1534 	0.1423 	0.1443 	0.1508 	0.1512 	0.1492 	0.1504 	0.1457 	0.1442 	0.1436 	0.1476 	0.1638 	0.1356 	0.1789 	0.1798 	0.1848 	0.1841 	0.2485 	0.2778 	0.3424 	0.3281 	0.2931 	0.2940 	0.2726 
S,E7000,MWH500-1999,KWH,X_VAT,PPS,PT	: 	0.0975 	0.1077 	0.1084 	0.112 	0.1121 	0.1129 	0.1111 	0.1207 	0.1231 	0.1436 	0.1441 	0.1479 	0.1459 	0.1494 	0.1526 	0.1465 	0.1481 	0.1445 	0.1448 	0.1366 	0.1368 	0.1333 	0.1389 	0.1384 	0.1380 	0.1322 	0.1309 	0.1253 	0.1385 	0.1403 	0.1587 	0.1116 	0.1377 	0.1390 	0.1618 	0.1603 
S,E7000,MWH500-1999,KWH,X_VAT,PPS,RO	: 	0.1628 	0.1591 	0.1718 	0.163 	0.167 	0.1693 	0.1655 	0.1591 	0.1637 	0.1721 	0.1628 	0.18 	0.1654 	0.1713 	0.1563 	0.1616 	0.1616 	0.1551 	0.1587 	0.1484 	0.154 	0.1570 	0.1634 	0.1831 	0.1912 	0.2004 	0.1937 	0.1902 	0.2441 	0.4209 d	0.6371 d	0.3187 	0.3090 	0.2830 	0.2930 	0.2899 
S,E7000,MWH500-1999,KWH,X_VAT,PPS,RS	: 	: 	: 	: 	: 	: 	: 	: 	: 	: 	: 	: 	0.1162 	0.1374 	0.1045 	0.1391 	0.1273 	0.1519 	0.1512 	0.1071 	0.1326 	0.1508 	0.1379 	0.1407 	0.1604 	0.1558 	0.1531 	0.1496 	0.1496 	0.1603 	0.1770 	0.2152 	0.2408 	0.2554 	0.2499 	0.2186 	0.2299 
S,E7000,MWH500-1999,KWH,X_VAT,PPS,SE	0.0524 	0.0556 	0.0579 	0.0679 	0.0611 	0.0604 	0.0669 	0.0664 	0.068 	0.0644 	0.062 	0.057 	0.0588 	0.0562 	0.0535 	0.0519 	0.0491 	0.0461 	0.0478 	0.0529 	0.0482 	0.0485 	0.0531 	0.0577 	0.0614 	0.0559 	0.0476 	0.0524 	0.0547 	0.0758 	0.0893 	0.1250 	0.0899 	0.0775 	0.0789 	0.0724 	0.0795 
S,E7000,MWH500-1999,KWH,X_VAT,PPS,SI	: 	0.1173 	0.1148 	0.1213 	0.1201 	0.1123 	0.1182 	0.1196 	0.1181 	0.1154 	0.1172 	0.1163 	0.1201 	0.1174 	0.1083 	0.106 	0.1035 	0.1088 	0.1076 	0.1062 	0.0944 	0.0944 	0.1026 	0.1033 	0.1145 	0.1138 	0.1170 	0.1161 	0.1094 	0.1178 	0.1869 	0.2317 	0.2575 	0.2413 	0.1994 	0.2092 	0.1782 
S,E7000,MWH500-1999,KWH,X_VAT,PPS,SK	: 	0.1546 	0.1806 	0.183 	0.2094 	0.2065 	0.1756 	0.1792 	0.1857 	0.1835 	0.1927 	0.1861 	0.1893 	0.1868 	0.1729 	0.1762 	0.169 	0.1727 	0.167 	0.1711 	0.1487 	0.148 	0.1518 	0.1564 	0.1633 	0.1673 	0.1641 	0.1635 	0.1584 	0.1662 	0.2669 	0.3019 	0.3243 	0.2938 	0.2324 	0.2575 	0.2453 
S,E7000,MWH500-1999,KWH,X_VAT,PPS,TR	: 	0.1083 	0.1139 	0.1433 	0.1384 	0.1415 	0.1466 	0.1466 	0.132 	0.1415 	0.1457 	0.1583 	0.1495 	0.1483 	0.1388 	0.1448 	0.1474 	0.1429 	0.1459 	0.1495 	0.1239 	0.1284 	0.1211 	0.1659 	0.1590 	0.1961 	0.1738 	0.1737 	0.1914 	0.2023 	0.4606 	0.4983 	0.4081 	0.4008 	0.2779 	0.1981 	0.2049 
S,E7000,MWH500-1999,KWH,X_VAT,PPS,UK	0.0935 	0.094 	0.0909 	0.1067 	0.1145 	0.1031 	0.095 	0.0934 	0.092 	0.0977 	0.1028 	0.1043 	0.1071 	0.1096 	0.1129 	0.1129 	0.1182 	0.1186 	0.1162 	0.1191 	0.1091 	0.1115 	0.1166 	0.1256 	0.1303 	0.1350 	0.1399 	: 	: 	: 	: 	: 	: 	: 	: 	: 	: 
S,E7000,MWH70000-149999,KWH,I_TAX,EUR,AL	: 	: 	: 	: 	: 	: 	: 	: 	: 	: 	: 	: 	: 	: 	: 	: 	: 	: 	: 	: 	: 	: 	: 	: 	0.1248 e	: 	0.1245 e	0.1243 e	0.1247 e	0.1263 e	0.1268 	0.1316 	0.1362 e	0.1468 e	0.1503 	0.1551 e	0.1703 
S,E7000,MWH70000-149999,KWH,I_TAX,EUR,AT	: 	0.0902 	0.0916 	0.1063 	0.1103 	0.1103 	0.1073 	0.1065 	0.1031 	0.1031 	0.0992 	0.0985 	0.0964 	0.0945 	0.0866 	0.0873 	0.0832 	0.0856 	0.0849 	0.083 	0.0806 	0.0778 	0.0806 	0.0869 	0.0931 	0.0936 	0.0992 	0.0986 	0.1111 	0.1431 	0.2122 	0.2413 e	0.2185 e	0.2122 e	0.1596 e	0.1629 e	0.1699 e
S,E7000,MWH70000-149999,KWH,I_TAX,EUR,BA	: 	: 	: 	: 	: 	: 	: 	: 	: 	: 	: 	: 	: 	: 	: 	: 	0.0404 	0.0403 	0.0399 	0.0532 	0.042 	0.0418 	0.0432 	0.0431 	0.0492 	0.0517 	0.0584 	0.0584 	0.0578 	0.0742 	0.0856 	0.0986 	0.0880 	0.0880 	0.0876 	0.0936 	0.0996 
S,E7000,MWH70000-149999,KWH,I_TAX,EUR,BE	: 	0.0744 	0.0877 	0.0897 	0.1027 	0.0925 	0.0867 	0.0906 	0.0907 	0.098 	0.0932 	0.0907 	0.0715 	0.0876 	0.0788 	0.0935 	0.0802 	0.0765 	0.0683 	0.0817 	0.0685 	0.0691 	0.0719 	0.0870 	0.0787 	0.0786 	0.0786 	0.0755 	0.0865 	0.1212 	0.1530 	0.1786 	0.1824 	0.1400 	0.1348 	0.1368 	0.1398 
S,E7000,MWH70000-149999,KWH,I_TAX,EUR,BG	: 	0.047 	0.0424 	0.0547 	0.0578 	0.0568 	0.0557 	0.0603 	0.0598 	0.0575 	0.0619 	0.0715 	0.0675 	0.061 	0.0678 	0.0618 	0.0635 	0.0722 	0.0782 	0.0689 	0.064 	0.0697 	0.0762 	0.0727 	0.0823 	0.0819 	0.0794 	0.0759 	0.0898 	0.1636 	0.1670 	0.1451 	0.1347 	0.1346 	0.1058 	0.1319 	0.1241 
S,E7000,MWH70000-149999,KWH,I_TAX,EUR,CY	: 	0.1319 	0.1403 	0.1782 	0.1155 	0.1396 	0.1497 	0.1691 	0.167 	0.2084 	0.2332 	0.2386 	0.2135 	0.1879 	0.1799 	0.1762 	0.1331 	0.1262 	0.0978 	0.1132 	0.1396 	0.1337 	0.1397 	0.1772 	0.1614 	0.1778 	0.1498 	0.0000 	0.1535 	0.2124 	0.2708 	0.0000 	0.0000 	0.0000 	0.2620 	0.2769 	0.0000 
S,E7000,MWH70000-149999,KWH,I_TAX,EUR,CZ	: 	0.0796 	0.0996 	0.1015 	0.1035 	0.1091 	0.1079 	0.1114 	0.1161 	0.1142 	0.1186 	0.1199 	0.1221 	0.1183 	0.0969 	0.0952 	0.0916 	0.0926 	0.0817 	0.0817 	0.0776 	0.0788 	0.0780 	0.0773 	0.0847 	0.0859 	0.0862 	0.0833 	0.0849 	0.0852 	0.1932 	0.2608 	0.2592 	0.2231 	0.2023 	0.2018 	0.2087 
S,E7000,MWH70000-149999,KWH,I_TAX,EUR,DE	0.1045 	0.1113 	0.1155 	0.1161 	0.1185 	0.1202 	0.1129 	0.122 	0.1369 	0.1373 	0.1291 	0.1248 	0.1449 	0.1339 	0.1448 	0.1412 	0.1388 	0.13 	0.113 	0.1227 	0.1447 	0.129 	0.1235 	0.1263 	0.1291 	0.1278 	0.1375 	0.1475 	0.1540 	0.1776 	0.2117 	0.2416 	0.2173 	0.2214 	0.1831 	0.1874 	0.1878 
S,E7000,MWH70000-149999,KWH,I_TAX,EUR,DK	: 	0.2002 	0.2048 	0.218 	0.1981 	0.2055 	0.2182 	0.2205 	0.2321 	0.2241 	0.228 	0.2315 	0.2384 	0.2345 	0.237 	0.2432 	0.2418 	0.2416 	0.2481 	0.2485 	0.2374 	0.2378 	0.2424 	0.2375 	0.2229 	0.2211 	0.2075 	0.2269 	0.2415 	0.3068 	0.3637 	0.4280 	0.1659 	0.2599 	0.2504 	0.2668 	0.2703 
S,E7000,MWH70000-149999,KWH,I_TAX,EUR,EA	0.0956 	0.0814 	0.0917 	0.0957 	0.0958 	0.0914 	0.0918 	0.0955 	0.101 	0.1016 	0.1031 	0.1026 	0.1069 	0.1038 	0.105 	0.1041 	0.1028 	0.0985 	0.0874 	0.0925 	0.0981 	0.0917 	0.0897 	0.0943 	0.0978 	0.0959 	0.0944 	0.0986 	0.1069 	0.1462 	0.2055 	0.2372 	0.1933 	0.1807 	0.1410 	0.1493 	0.1487 
S,E7000,MWH70000-149999,KWH,I_TAX,EUR,EE	: 	0.0403 	0.0445 	0.0467 	0.0526 	0.0553 	0.0537 	0.0713 	0.0781 	0.0738 	0.0757 	0.0833 	0.0844 	0.0838 	0.0865 	0.0815 	0.0858 	0.0831 	0.0838 	0.0835 	0.0786 	0.0845 	0.0842 	0.0900 	0.0947 	0.0906 	0.0793 	0.0830 	0.0917 	0.1588 	0.1708 	0.2471 	0.2063 	0.1835 	0.1532 	0.1632 	0.1503 
S,E7000,MWH70000-149999,KWH,I_TAX,EUR,EL	: 	0.0656 	0.0711 	0.0727 	0.0687 	0.0693 	0.0713 	0.0824 	0.0705 	0.0663 	0.0654 	0.0757 	0.0792 	0.0745 	0.0654 	0.0561 	0.0595 	0.056 	0.0711 	0.0664 	: @C	: @C	: @C	: @C	: @C	: @C	: @C	: @C	: @C	: @C	: @C	: @C	: @C	0.1460 	0.1089 	0.1561 	0.1585 
S,E7000,MWH70000-149999,KWH,I_TAX,EUR,ES	: 	0.0638 	0.0688 	0.0841 	0.0844 	0.0823 	0.0784 	0.0792 	0.084 	0.086 	0.0894 	0.0932 	0.0843 	0.0918 	0.0866 	0.0936 	0.0915 	0.0964 	0.0807 	0.0851 	0.0883 	0.0857 	0.0880 	0.1000 	0.0943 	0.0857 	0.0742 	0.0785 	0.0834 	0.1519 	0.2423 	0.2501 	0.1382 	0.1243 	0.0971 	0.1053 	0.1203 
S,E7000,MWH70000-149999,KWH,I_TAX,EUR,EU27_2020	0.0895 	0.0809 	0.0906 	0.0951 	0.0946 	0.0911 	0.0927 	0.0958 	0.1009 	0.1001 	0.1018 	0.1016 	0.1054 	0.102 	0.1017 	0.1006 	0.0996 	0.0954 	0.086 	0.0906 	0.0946 	0.0894 	0.0880 	0.0928 	0.0978 	0.0944 	0.0936 	0.0971 	0.1049 	0.1421 	0.1978 	0.2331 	0.1952 	0.1832 	0.1449 	0.1540 	0.1512 
S,E7000,MWH70000-149999,KWH,I_TAX,EUR,FI	0.0525 	0.0537 	0.0625 	0.0686 	0.0663 	0.064 	0.0737 	0.0704 	0.0779 	0.0752 	0.0724 	0.0721 	0.0725 	0.0741 	0.0693 	0.0692 	0.0637 	0.0619 	0.059 	0.0663 	0.0628 	0.0638 	0.0676 	0.0685 	0.0701 	0.0728 	0.0589 	0.0670 	0.0649 	0.0925 	0.1091 	0.1837 	0.1028 	0.0814 	0.0889 	0.0629 	0.0651 
S,E7000,MWH70000-149999,KWH,I_TAX,EUR,FR	: 	0.0613 	0.0721 	0.0645 	0.0726 	0.0641 	0.0742 	0.0649 	0.075 	0.0669 	0.0788 	0.0678 	0.0785 	0.0655 	0.0796 	0.0652 	0.079 	0.0664 	0.0639 	0.0645 	0.0623 	0.0613 	0.0682 	0.0660 	0.0694 	0.0672 	0.0699 	0.0702 	0.0780 	0.1041 	0.1428 	0.1568 	0.1442 	0.1494 	0.0845 	0.0944 	0.0956 
S,E7000,MWH70000-149999,KWH,I_TAX,EUR,GE	: 	: 	: 	: 	: 	: 	: 	: 	: 	: 	: 	: 	: 	: 	: 	: 	: 	: 	: 	: 	: 	: 	: 	0.0583 	0.0544 	: 	: 	: 	: 	: 	: 	: 	: 	: 	0.0000 	0.0000 	0.0000 
S,E7000,MWH70000-149999,KWH,I_TAX,EUR,HR	0.0462 	0.0492 	0.0509 	0.0641 	0.0664 	0.0685 	0.075 	0.0657 	0.0707 	0.0656 	0.0796 	0.0753 	0.0778 	0.0866 	0.0718 	0.069 	0.0731 	0.0666 	0.068 	0.0916 	0.057 	0.0541 	0.0664 	0.0678 	0.0731 	0.0733 	0.0755 	0.0745 	0.0786 	0.1021 	0.1651 	0.2006 	: @C	: @C	: @C	: @C	: @C
S,E7000,MWH70000-149999,KWH,I_TAX,EUR,HU	: 	0.0865 	0.0937 	0.1077 	0.1169 	0.1093 	0.1045 	0.1023 	0.0978 	0.0994 	0.1252 	0.1284 	0.1236 	0.114 	0.1105 	0.1084 	0.1057 	0.1063 	0.0893 	0.0917 	0.0894 e	0.091 	0.0865 	0.0941 	0.0995 	0.0976 	0.0945 	0.0931 	0.0938 	0.1418 	0.2490 	0.3812 	0.3284 	0.2664 	0.1945 	0.2216 	0.1986 
S,E7000,MWH70000-149999,KWH,I_TAX,EUR,IE	: 	0.1117 	: 	0.114 	0.0976 	0.0891 	0.0635 	: 	0.078 	: 	0.0966 	0.1067 	0.103 	0.1009 	0.0999 	0.1004 	0.1005 	0.097 	0.0894 	0.0866 	0.0894 	0.0883 	0.1011 	0.1078 	0.1030 	0.0983 	0.0948 	0.0974 	0.1201 	0.1859 	0.2213 	0.2365 	0.2578 	0.2163 	0.2102 	0.2020 	0.2097 
S,E7000,MWH70000-149999,KWH,I_TAX,EUR,IS	: 	: 	: 	: 	: 	: 	: 	: 	: 	: 	: 	: 	: 	: 	: 	: 	: 	: 	: 	: 	: 	: 	: 	: 	: 	: @C	: 	: 	: 	: 	: 	: 	: 	: 	: 	: 	: 
S,E7000,MWH70000-149999,KWH,I_TAX,EUR,IT	: 	: 	0.1106 	0.1234 	0.1057 	0.096 	0.103 	0.1166 	0.107 	0.1133 	0.1209 	0.1346 	0.1234 	0.1274 	0.114 	0.125 	0.1127 	0.1149 	0.0978 	0.1027 	0.0977 	0.0908 	0.0775 	0.0828 	0.0991 	0.1063 	0.0774 	0.0846 	0.0994 	0.1698 	0.2745 	0.3642 	0.2255 	0.1744 	0.1442 	0.1643 	0.1612 
S,E7000,MWH70000-149999,KWH,I_TAX,EUR,LI	: 	: 	: 	: 	: 	: 	: 	: 	: 	: 	: 	: 	: 	: 	: 	: 	: 	: 	: 	: 	0 	: 	: 	: 	: 	: 	: 	: 	: 	: 	: 	: 	: 	: 	: 	: 	: 
S,E7000,MWH70000-149999,KWH,I_TAX,EUR,LT	: 	0.0656 	0.0744 	: 	: 	: 	: 	: 	: 	: 	: 	: 	: 	: 	: 	: 	0.0938 	0.0999 	0.0871 	0.0862 	0.0827 	0.0793 	0.0793 	0.0834 	0.0979 	0.0000 	0.0946 	0.0941 	0.0990 	0.1323 	0.2175 	0.3349 	0.2324 	0.1649 	0.1393 	0.1838 	0.1103 
S,E7000,MWH70000-149999,KWH,I_TAX,EUR,LU	: 	: 	: 	: 	: 	: 	: 	: 	: 	: 	: @C	: @C	: @C	: @C	: @C	: @C	: @C	: @C	: @C	: @C	: @C	: @C	0.0373 	: @C	: @C	: @C	: @C	: @C	: @C	: @C	: @C	: @C	: @C	: @C	: @C	: @C	: @C
S,E7000,MWH70000-149999,KWH,I_TAX,EUR,LV	: 	0.0507 	0.0613 	0.0807 	0.0882 	0.0862 	0.0878 	0.0928 	0.0983 	0.0958 	0.0957 	0.0988 	0.1225 	0.116 	0.115 	0.1037 	0.103 	0.1 	0.0946 	0.107 	0.0949 	0.0982 	0.0778 	0.0820 	0.0864 	0.0912 	0.0841 	0.0786 	0.0813 	0.1007 	0.1519 	0.3305 	0.2028 	0.2012 	0.1843 	0.1502 	0.1144 
S,E7000,MWH70000-149999,KWH,I_TAX,EUR,MD	: 	: 	: 	: 	: 	: 	: 	: 	: 	: 	: 	: 	: 	: 	: 	: 	: 	: 	: 	: 	: 	: 	: 	: 	: 	: 	: 	: 	0.0704 	0.0720 	: 	: 	: 	: 	: 	: 	: 
S,E7000,MWH70000-149999,KWH,I_TAX,EUR,ME	: 	: 	: 	: 	: 	: 	: 	: 	: @C	: @C	0.0544 	: 	: 	: 	: 	: 	: 	: 	: 	: 	: 	: 	: 	: 	: 	: 	: 	: 	: 	: 	0.0578 	0.0574 	: 	: 	: 	: 	0.0000 
S,E7000,MWH70000-149999,KWH,I_TAX,EUR,MK	: 	: 	: 	: 	: 	: 	: 	: 	: 	: 	: 	0.0678 	0.0707 	0.0742 	0.064 	: @C	0.0636 	0.065 	0.0602 	0.0693 	: @C	: 	0.0643 	0.0880 	0.0787 	0.0902 	0.0641 	0.0646 	0.0760 	0.2177 	0.2828 	0.3697 	0.1413 	0.1296 	0.0976 	0.1164 	0.1075 
S,E7000,MWH70000-149999,KWH,I_TAX,EUR,MT	: 	: 	0.061 	0.1389 	0.1292 	0.0903 	0.138 	0.1474 	0.1435 	0.149 	0.1454 	0.1603 	0.1446 	0.1496 	0.1436 	0.1309 	0.1195 	0.1038 	0.1041 	0.1039 	0.1016 	0.1014 	0.1016 	0.1014 	0.1016 	0.1051 	0.1137 	0.1016 	0.1019 	0.1043 	0.1019 	0.1014 	0.1047 	0.1040 	0.1044 	0.1015 	0.1017 p
S,E7000,MWH70000-149999,KWH,I_TAX,EUR,NL	0.0873 	0.0843 	0.0946 	0.0931 	0.1042 	0.0941 	0.0873 	0.0865 	0.0863 	0.0886 	0.0839 	0.0842 	0.0895 	0.0945 	0.0895 	0.0858 	0.0857 	0.0813 	0.0751 	0.0709 	0.0590 	0.0540 	0.0600 	0.0630 	0.0710 	0.0630 	0.0733 	0.0690 	0.0716 	0.0830 	0.1623 	0.1607 	0.2691 	0.2716 	0.2090 	0.1799 	0.1583 
S,E7000,MWH70000-149999,KWH,I_TAX,EUR,NO	: 	0.0403 	0.0445 	0.0582 	0.0524 	0.055 	0.0747 	0.0587 	0.0737 	0.0695 	0.0623 	0.064 	0.0714 	0.0701 	0.0591 	0.0631 	0.0551 	0.0542 	0.0601 	0.0667 	0.0449 	0.0449 	0.0516 	0.0633 	0.0571 	0.0542 	0.0181 	0.0201 	0.0480 	0.0731 	0.1289 	0.1849 	0.0892 	0.0633 	0.0620 	0.0551 	0.0555 
S,E7000,MWH70000-149999,KWH,I_TAX,EUR,PL	: 	0.0747 	0.0815 	0.0883 	0.0897 	0.0891 	0.0948 	0.0936 	0.0973 	0.0881 	0.0898 	0.0945 	0.0854 	0.0817 	0.0751 	0.0744 	0.0819 	0.0769 	0.0732 	0.0733 	0.0803 	0.0763 	0.0744 	0.0837 	0.1057 	0.0819 	0.0987 	0.0976 	0.1022 	0.1114 	0.1399 	0.1506 	0.2606 	0.2367 	0.1784 	0.2024 	0.1709 
S,E7000,MWH70000-149999,KWH,I_TAX,EUR,PT	: 	0.0608 	0.0635 	0.0643 	0.0674 	0.0539 	0.0542 	0.0607 	0.074 	0.081 	0.1026 	0.1003 	0.1003 	0.1006 	0.0936 	0.103 	0.0966 	0.1042 	0.0818 	0.1002 	0.1001 	0.101 	0.1004 	0.1078 	0.0990 	0.0970 	0.0897 	0.0903 	0.0980 	0.1519 	0.1864 	0.1538 	0.0719 	0.0968 	0.0995 	0.1378 	0.1243 
S,E7000,MWH70000-149999,KWH,I_TAX,EUR,RO	: 	0.0684 	0.0734 	0.0655 	0.071 	0.0684 	0.0709 	0.0698 	0.076 	0.082 	0.0783 	0.0827 	0.1018 	0.0918 	0.084 	0.0806 	0.0784 	0.0741 	0.0702 	0.0758 	0.074 	0.0762 	0.0794 	0.0893 	0.0985 	0.1050 	0.1079 	0.0988 	0.1006 	0.1470 	0.2232 d	0.3395 d	0.2070 	0.1953 	0.1793 	0.1916 	0.1695 
S,E7000,MWH70000-149999,KWH,I_TAX,EUR,RS	: 	: 	: 	: 	: 	: 	: 	: 	: 	: 	: 	: 	0.0545 	0.057 	0.0569 	0.0729 	0.059 	0.0673 	0.0663 	0.0538 	0.0611 	0.0768 	0.0723 	0.0719 	0.0816 	0.0829 	0.0729 	0.0773 	0.0797 	0.0835 	0.0956 	0.1040 	0.1537 	0.1686 	0.1663 	0.1325 	0.1343 
S,E7000,MWH70000-149999,KWH,I_TAX,EUR,SE	0.0577 	0.0639 	0.0699 	0.0778 	0.0618 	0.0626 	0.081 	0.082 	0.0841 	0.0695 	0.0674 	0.0613 	0.0688 	0.066 	0.061 	0.0577 	0.0514 	0.0437 	0.048 	0.0556 	0.0496 	0.0505 	0.0527 	0.0606 	0.0672 	0.0596 	0.0471 	0.0541 	0.0638 	0.1057 	0.1044 	0.1574 	0.1049 	0.0839 	0.0825 	0.0737 	0.0854 
S,E7000,MWH70000-149999,KWH,I_TAX,EUR,SI	: 	0.0815 	0.0774 	0.0931 	0.0834 	0.091 	0.087 	0.0899 	0.092 	0.0872 	0.0849 	0.0842 	0.0887 	0.0872 	0.0811 	0.0808 	0.0775 	0.0761 	0.0692 	0.072 	0.0681 	0.071 	0.0687 	0.0726 	0.0742 	0.0745 	0.0796 	0.0806 	0.0818 	0.1084 	0.1848 	0.2150 	0.2141 	0.2121 	0.1806 	0.1901 	0.1554 
S,E7000,MWH70000-149999,KWH,I_TAX,EUR,SK	: 	0.0875 	0.1049 	0.1121 	0.1133 	0.1203 	0.1117 	0.1134 	0.1132 	0.116 	0.1216 	0.1159 	0.1214 	0.1322 	0.1092 	0.1076 	0.117 	0.1111 	0.096 	0.1082 	0.1078 	0.1138 	0.1114 	0.1208 	0.1184 	0.1189 	0.1186 	0.1228 	0.1276 	0.1568 	0.2334 	0.2740 	0.2719 	0.2400 	0.1758 	0.1934 	0.1778 
S,E7000,MWH70000-149999,KWH,I_TAX,EUR,TR	: 	0.067 	0.065 	0.0809 	0.0753 	0.0772 	0.0847 	0.0866 	0.0712 	0.0682 	0.0803 	0.091 	0.0922 	0.0796 	0.0718 	0.0794 	0.0735 	0.0666 	0.0707 	0.0745 	0.0619 	0.0564 	0.0567 	0.0650 	0.0685 	0.0785 	0.0749 	0.0585 	0.0633 	0.0823 	0.1286 	0.2067 	0.1365 	0.0997 	0.0901 	0.0950 	0.0868 
S,E7000,MWH70000-149999,KWH,I_TAX,EUR,UA	: 	: 	: 	: 	: 	: 	: 	: 	: 	: 	: 	: 	: 	: 	: 	: 	: 	: 	: 	: 	0.0656 	0.0611 d	0.0635 	0.0657 	0.0746 	0.0731 	0.0567 	0.0538 	0.0614 	: 	: 	: 	: 	: 	: 	: 	: 
S,E7000,MWH70000-149999,KWH,I_TAX,EUR,UK	0.1073 	0.0993 	0.1034 	0.1168 	0.1124 	0.0999 	0.0953 	0.0929 	0.1 	0.0982 	0.1106 	0.1241 	0.1266 	0.1242 	0.1358 	0.1406 	0.1565 	0.1588 	0.1468 	0.1361 	0.1401 	0.1361 	0.1394 	0.1419 	0.1544 	0.1557 	0.1595 	: 	: 	: 	: 	: 	: 	: 	: 	: 	: 
S,E7000,MWH70000-149999,KWH,I_TAX,EUR,XK	: 	: 	: 	: 	: 	: 	: 	: 	: 	: 	: 	: 	: 	: 	: 	: 	: 	: 	0.0528 	0.0526 	: 	: 	: 	: 	: 	: 	: 	: @C	: 	: @C	: 	: 	: 	: @C	: 	: 	: 
S,E7000,MWH70000-149999,KWH,I_TAX,NAC,AL	: 	: 	: 	: 	: 	: 	: 	: 	: 	: 	: 	: 	: 	: 	: 	: 	: 	: 	: 	: 	: 	: 	: 	: 	15.4560 e	: 	15.3960 e	15.3960 e	15.3720 e	15.3720 e	15.3700 	15.3700 	15.3720 e	15.3720 e	15.3720 	15.3720 e	16.8000 
S,E7000,MWH70000-149999,KWH,I_TAX,NAC,AT	: 	0.0902 	0.0916 	0.1063 	0.1103 	0.1103 	0.1073 	0.1065 	0.1031 	0.1031 	0.0992 	0.0985 	0.0964 	0.0945 	0.0866 	0.0873 	0.0832 	0.0856 	0.0849 	0.083 	0.0806 	0.0778 	0.0806 	0.0869 	0.0931 	0.0936 	0.0992 	0.0986 	0.1111 	0.1431 	0.2122 	0.2413 e	0.2185 e	0.2122 e	0.1596 e	0.1629 e	0.1699 e
S,E7000,MWH70000-149999,KWH,I_TAX,NAC,BA	: 	: 	: 	: 	: 	: 	: 	: 	: 	: 	: 	: 	: 	: 	: 	: 	0.079 	0.0789 	0.078 	0.1041 	0.0822 	0.0817 	0.0845 	0.0842 	0.0963 	0.1012 	0.1143 	0.1143 	0.1131 	0.1451 	0.1674 	0.1929 	0.1721 	0.1722 	0.1714 	0.1830 	0.1947 
S,E7000,MWH70000-149999,KWH,I_TAX,NAC,BE	: 	0.0744 	0.0877 	0.0897 	0.1027 	0.0925 	0.0867 	0.0906 	0.0907 	0.098 	0.0932 	0.0907 	0.0715 	0.0876 	0.0788 	0.0935 	0.0802 	0.0765 	0.0683 	0.0817 	0.0685 	0.0691 	0.0719 	0.0870 	0.0787 	0.0786 	0.0786 	0.0755 	0.0865 	0.1212 	0.1530 	0.1786 	0.1824 	0.1400 	0.1348 	0.1368 	0.1398 
S,E7000,MWH70000-149999,KWH,I_TAX,NAC,BG	: 	0.092 	0.083 	0.107 	0.113 	0.111 	0.109 	0.1179 	0.1169 	0.1125 	0.121 	0.1399 	0.132 	0.1193 	0.1326 	0.1208 	0.1241 	0.1413 	0.153 	0.1348 	0.1251 	0.1364 	0.1491 	0.1422 	0.1610 	0.1602 	0.1552 	0.1484 	0.1757 	0.3200 	0.3267 	0.2838 	0.2634 	0.2633 	0.2070 	0.2580 	0.2427 
S,E7000,MWH70000-149999,KWH,I_TAX,NAC,CY	: 	0.0771 	0.1403 	0.1782 	0.1155 	0.1396 	0.1497 	0.1691 	0.167 	0.2084 	0.2332 	0.2386 	0.2135 	0.1879 	0.1799 	0.1762 	0.1331 	0.1262 	0.0978 	0.1132 	0.1396 	0.1337 	0.1397 	0.1772 	0.1614 	0.1778 	0.1498 	0.0000 	0.1535 	0.2124 	0.2708 	0.0000 	0.0000 	0.0000 	0.2620 	0.2769 	0.0000 
S,E7000,MWH70000-149999,KWH,I_TAX,NAC,CZ	: 	2.18 	2.51 	2.51 	2.81 	2.81 	2.775 	2.77 	2.826 	2.8368 	2.985 	3.0122 	3.1368 	3.1063 	2.6585 	2.6304 	2.5191 	2.5062 	2.2096 	2.2075 	2.0784 	2.0385 	1.9884 	1.9929 	2.1742 	2.2046 	2.2701 	2.2143 	2.1939 	2.1661 	4.7626 	6.3843 	6.1401 	5.4266 	5.0599 	5.0887 	5.2187 
S,E7000,MWH70000-149999,KWH,I_TAX,NAC,DE	0.1045 	0.1113 	0.1155 	0.1161 	0.1185 	0.1202 	0.1129 	0.122 	0.1369 	0.1373 	0.1291 	0.1248 	0.1449 	0.1339 	0.1448 	0.1412 	0.1388 	0.13 	0.113 	0.1227 	0.1447 	0.129 	0.1235 	0.1263 	0.1291 	0.1278 	0.1375 	0.1475 	0.1540 	0.1776 	0.2117 	0.2416 	0.2173 	0.2214 	0.1831 	0.1874 	0.1878 
S,E7000,MWH70000-149999,KWH,I_TAX,NAC,DK	: 	1.4914 	1.5274 	1.6253 	1.4755 	1.5294 	1.6241 	1.643 	1.7307 	1.6685 	1.6954 	1.725 	1.7779 	1.7491 	1.7688 	1.8109 	1.8029 	1.8029 	1.8482 	1.8488 	1.7656 	1.7697 	1.8056 	1.7717 	1.6639 	1.6509 	1.5489 	1.6887 	1.7961 	2.2817 	2.7062 	3.1835 	1.2350 	1.9375 	1.8677 	1.9903 	2.0167 
S,E7000,MWH70000-149999,KWH,I_TAX,NAC,EA	: 	0.0817 	0.0924 	0.096 	0.0962 	0.0918 	0.0921 	0.0956 	0.1011 	0.1014 	0.1032 	0.1027 	0.107 	0.1039 	0.1051 	0.1042 	0.1029 	0.0985 	0.0875 	0.0926 	: 	: 	: 	: 	: 	: 	: 	: 	: 	: 	: 	: 	: 	: 	: 	: 	: 
S,E7000,MWH70000-149999,KWH,I_TAX,NAC,EE	: 	0.63 	0.697 	0.731 	0.823 	0.865 	0.84 	1.116 	0.0781 	0.0738 	0.0757 	0.0833 	0.0844 	0.0838 	0.0865 	0.0815 	0.0858 	0.0831 	0.0838 	0.0835 	0.0786 	0.0845 	0.0842 	0.0900 	0.0947 	0.0906 	0.0793 	0.0830 	0.0917 	0.1588 	0.1708 	0.2471 	0.2063 	0.1835 	0.1532 	0.1632 	0.1503 
S,E7000,MWH70000-149999,KWH,I_TAX,NAC,EL	: 	0.0656 	0.0711 	0.0727 	0.0687 	0.0693 	0.0713 	0.0824 	0.0705 	0.0663 	0.0654 	0.0757 	0.0792 	0.0745 	0.0654 	0.0561 	0.0595 	0.056 	0.0711 	0.0664 	: @C	: @C	: @C	: @C	: @C	: @C	: @C	: @C	: @C	: @C	: @C	: @C	: @C	0.1460 	0.1089 	0.1561 	0.1585 
S,E7000,MWH70000-149999,KWH,I_TAX,NAC,ES	: 	0.0638 	0.0688 	0.0841 	0.0844 	0.0823 	0.0784 	0.0792 	0.084 	0.086 	0.0894 	0.0932 	0.0843 	0.0918 	0.0866 	0.0936 	0.0915 	0.0964 	0.0807 	0.0851 	0.0883 	0.0857 	0.0880 	0.1000 	0.0943 	0.0857 	0.0742 	0.0785 	0.0834 	0.1519 	0.2423 	0.2501 	0.1382 	0.1243 	0.0971 	0.1053 	0.1203 
S,E7000,MWH70000-149999,KWH,I_TAX,NAC,FI	0.0525 	0.0537 	0.0625 	0.0686 	0.0663 	0.064 	0.0737 	0.0704 	0.0779 	0.0752 	0.0724 	0.0721 	0.0725 	0.0741 	0.0693 	0.0692 	0.0637 	0.0619 	0.059 	0.0663 	0.0628 	0.0638 	0.0676 	0.0685 	0.0701 	0.0728 	0.0589 	0.0670 	0.0649 	0.0925 	0.1091 	0.1837 	0.1028 	0.0814 	0.0889 	0.0629 	0.0651 
S,E7000,MWH70000-149999,KWH,I_TAX,NAC,FR	: 	0.0613 	0.0721 	0.0645 	0.0726 	0.0641 	0.0742 	0.0649 	0.075 	0.0669 	0.0788 	0.0678 	0.0785 	0.0655 	0.0796 	0.0652 	0.079 	0.0664 	0.0639 	0.0645 	0.0623 	0.0613 	0.0682 	0.0660 	0.0694 	0.0672 	0.0699 	0.0702 	0.0780 	0.1041 	0.1428 	0.1568 	0.1442 	0.1494 	0.0845 	0.0944 	0.0956 
S,E7000,MWH70000-149999,KWH,I_TAX,NAC,GE	: 	: 	: 	: 	: 	: 	: 	: 	: 	: 	: 	: 	: 	: 	: 	: 	: 	: 	: 	: 	: 	: 	: 	0.1746 	0.1662 	: 	: 	: 	: 	: 	: 	: 	: 	: 	0.0000 	0.0000 	0.0000 
S,E7000,MWH70000-149999,KWH,I_TAX,NAC,HR	0.34 	0.36 	0.37 	0.46 	0.49 	0.5 	0.545 	0.48 	0.523 	0.491 	0.6007 	0.565 	0.5886 	0.6569 	0.5478 	0.5274 	0.5574 	0.5063 	0.514 	0.688 	0.4242 	0.4047 	0.4927 	0.5030 	0.5422 	0.5433 	0.5690 	0.5618 	0.5936 	0.7666 	1.2452 	1.5113 	: @C	: @C	: @C	: @C	: @C
S,E7000,MWH70000-149999,KWH,I_TAX,NAC,HU	: 	21.83 	23.77 	26.89 	33.8933 	29.63 	28.4 	28.5453 	26.3446 	28.7666 	36.9771 	36.3694 	36.6013 	33.9322 	33.9201 	33.6606 	32.5051 	33.21 	27.9082 	28.4475 	27.6646 e	28.1189 	27.1558 	30.4456 	31.8847 	32.2121 	32.6535 	33.2394 	33.5763 	50.9251 	93.4182 	155.1895 	125.0048 	101.9789 	75.8083 	88.8069 	80.3289 
S,E7000,MWH70000-149999,KWH,I_TAX,NAC,IE	: 	0.1117 	: 	0.114 	0.0976 	0.0891 	0.0635 	: 	0.078 	: 	0.0966 	0.1067 	0.103 	0.1009 	0.0999 	0.1004 	0.1005 	0.097 	0.0894 	0.0866 	0.0894 	0.0883 	0.1011 	0.1078 	0.1030 	0.0983 	0.0948 	0.0974 	0.1201 	0.1859 	0.2213 	0.2365 	0.2578 	0.2163 	0.2102 	0.2020 	0.2097 
S,E7000,MWH70000-149999,KWH,I_TAX,NAC,IS	: 	: 	: 	: 	: 	: 	: 	: 	: 	: 	: 	: 	: 	: 	: 	: 	: 	: 	: 	: 	: 	: 	: 	: 	: 	: @C	: 	: 	: 	: 	: 	: 	: 	: 	: 	: 	: 
S,E7000,MWH70000-149999,KWH,I_TAX,NAC,IT	: 	: 	0.1106 	0.1234 	0.1057 	0.096 	0.103 	0.1166 	0.107 	0.1133 	0.1209 	0.1346 	0.1234 	0.1274 	0.114 	0.125 	0.1127 	0.1149 	0.0978 	0.1027 	0.0977 	0.0908 	0.0775 	0.0828 	0.0991 	0.1063 	0.0774 	0.0846 	0.0994 	0.1698 	0.2745 	0.3642 	0.2255 	0.1744 	0.1442 	0.1643 	0.1612 
S,E7000,MWH70000-149999,KWH,I_TAX,NAC,LI	: 	: 	: 	: 	: 	: 	: 	: 	: 	: 	: 	: 	: 	: 	: 	: 	: 	: 	: 	: 	0 	: 	: 	: 	: 	: 	: 	: 	: 	: 	: 	: 	: 	: 	: 	: 	: 
S,E7000,MWH70000-149999,KWH,I_TAX,NAC,LT	: 	0.2265 	0.2568 	: 	: 	: 	: 	: 	: 	: 	: 	: 	: 	: 	: 	: 	0.0938 	0.0999 	0.0871 	0.0862 	0.0827 	0.0793 	0.0793 	0.0834 	0.0979 	0.0000 	0.0946 	0.0941 	0.0990 	0.1323 	0.2175 	0.3349 	0.2324 	0.1649 	0.1393 	0.1838 	0.1103 
S,E7000,MWH70000-149999,KWH,I_TAX,NAC,LU	: 	: 	: 	: 	: 	: 	: 	: 	: 	: 	: @C	: @C	: @C	: @C	: @C	: @C	: @C	: @C	: @C	: @C	: @C	: @C	0.0373 	: @C	: @C	: @C	: @C	: @C	: @C	: @C	: @C	: @C	: @C	: @C	: @C	: @C	: @C
S,E7000,MWH70000-149999,KWH,I_TAX,NAC,LV	: 	0.0355 	0.0428 	0.057 	0.0623 	0.0608 	0.0622 	0.0658 	0.0695 	0.0676 	0.0668 	0.0688 	0.0858 	0.0815 	0.115 	0.1037 	0.103 	0.1 	0.0946 	0.107 	0.0949 	0.0982 	0.0778 	0.0820 	0.0864 	0.0912 	0.0841 	0.0786 	0.0813 	0.1007 	0.1519 	0.3305 	0.2028 	0.2012 	0.1843 	0.1502 	0.1144 
S,E7000,MWH70000-149999,KWH,I_TAX,NAC,MD	: 	: 	: 	: 	: 	: 	: 	: 	: 	: 	: 	: 	: 	: 	: 	: 	: 	: 	: 	: 	: 	: 	: 	: 	: 	: 	: 	: 	1.5000 	1.4800 	: 	: 	: 	: 	: 	: 	: 
S,E7000,MWH70000-149999,KWH,I_TAX,NAC,ME	: 	: 	: 	: 	: 	: 	: 	: 	: @C	: @C	0.0544 	: 	: 	: 	: 	: 	: 	: 	: 	: 	: 	: 	: 	: 	: 	: 	: 	: 	: 	: 	0.0578 	0.0574 	: 	: 	: 	: 	0.0000 
S,E7000,MWH70000-149999,KWH,I_TAX,NAC,MK	: 	: 	: 	: 	: 	: 	: 	: 	: 	: 	: 	4.173 	4.3572 	4.5656 	3.9487 	: @C	3.917 	4.0062 	3.7109 	4.2634 	: @C	: 	3.9589 	5.4133 	4.8431 	5.5485 	3.9502 	3.9839 	4.6838 	13.4152 	17.4433 	22.7593 	8.7057 	7.9726 	6.0086 	7.1599 	6.6209 
S,E7000,MWH70000-149999,KWH,I_TAX,NAC,MT	: 	: 	0.061 	0.1389 	0.1292 	0.0903 	0.138 	0.1474 	0.1435 	0.149 	0.1454 	0.1603 	0.1446 	0.1496 	0.1436 	0.1309 	0.1195 	0.1038 	0.1041 	0.1039 	0.1016 	0.1014 	0.1016 	0.1014 	0.1016 	0.1051 	0.1137 	0.1016 	0.1019 	0.1043 	0.1019 	0.1014 	0.1047 	0.1040 	0.1044 	0.1015 	0.1017 p
S,E7000,MWH70000-149999,KWH,I_TAX,NAC,NL	0.0873 	0.0843 	0.0946 	0.0931 	0.1042 	0.0941 	0.0873 	0.0865 	0.0863 	0.0886 	0.0839 	0.0842 	0.0895 	0.0945 	0.0895 	0.0858 	0.0857 	0.0813 	0.0751 	0.0709 	0.0590 	0.0540 	0.0600 	0.0630 	0.0710 	0.0630 	0.0733 	0.0690 	0.0716 	0.0830 	0.1623 	0.1607 	0.2691 	0.2716 	0.2090 	0.1799 	0.1583 
S,E7000,MWH70000-149999,KWH,I_TAX,NAC,NO	: 	0.318 	0.354 	0.4947 	0.466 	0.4714 	0.598 	0.47 	0.5766 	0.5393 	0.4721 	0.4725 	0.5369 	0.5665 	0.4894 	0.5324 	0.4769 	0.5008 	0.5665 	0.6114 	0.4127 	0.4254 	0.4947 	0.6080 	0.5553 	0.5402 	0.1942 	0.2150 	0.4884 	0.7418 	1.2870 	1.8902 	1.0106 	0.7294 	0.7124 	0.6484 	0.6468 
S,E7000,MWH70000-149999,KWH,I_TAX,NAC,PL	: 	0.2783 	0.2846 	0.3122 	0.4014 	0.3731 	0.3792 	0.3732 	0.3848 	0.3777 	0.3812 	0.3898 	0.3569 	0.3443 	0.3135 	0.3119 	0.339 	0.3248 	0.3196 	0.3193 	0.3425 	0.3237 	0.3139 	0.3600 	0.4537 	0.3525 	0.4356 	0.4368 	0.4637 	0.5113 	0.6486 	0.7134 	1.2044 	1.0554 	0.7702 	0.8692 	0.7230 
S,E7000,MWH70000-149999,KWH,I_TAX,NAC,PT	: 	0.0608 	0.0635 	0.0643 	0.0674 	0.0539 	0.0542 	0.0607 	0.074 	0.081 	0.1026 	0.1003 	0.1003 	0.1006 	0.0936 	0.103 	0.0966 	0.1042 	0.0818 	0.1002 	0.1001 	0.101 	0.1004 	0.1078 	0.0990 	0.0970 	0.0897 	0.0903 	0.0980 	0.1519 	0.1864 	0.1538 	0.0719 	0.0968 	0.0995 	0.1378 	0.1243 
S,E7000,MWH70000-149999,KWH,I_TAX,NAC,RO	: 	0.2284 	0.2695 	0.2421 	0.3005 	0.2905 	0.2941 	0.2984 	0.3176 	0.3525 	0.3439 	0.3746 	0.447 	0.4083 	0.3748 	0.3567 	0.3485 	0.3293 	0.3155 	0.3402 	0.3359 	0.3507 	0.3695 	0.4158 	0.4670 	0.4986 	0.5198 	0.4799 	0.4929 	0.7260 	1.1037 d	1.6693 d	1.0216 	0.9687 	0.8919 	0.9533 	0.8484 
S,E7000,MWH70000-149999,KWH,I_TAX,NAC,RS	: 	: 	: 	: 	: 	: 	: 	: 	: 	: 	: 	: 	6.0958 	6.51 	6.5797 	8.6577 	7.1343 	8.112 	8.1491 	6.6378 	7.536 	9.1671 	8.5572 	8.5016 	9.6319 	9.7550 	8.5764 	9.0879 	9.3668 	9.8131 	11.2431 	12.2015 	18.0316 	19.7563 	19.4795 	15.5000 	15.7416 
S,E7000,MWH70000-149999,KWH,I_TAX,NAC,SE	0.532 	0.593 	0.655 	0.767 	0.671 	0.65 	0.793 	0.762 	0.752 	0.6336 	0.5986 	0.5229 	0.5866 	0.579 	0.5459 	0.5328 	0.4805 	0.4093 	0.4462 	0.5356 	0.476 	0.4881 	0.5352 	0.6280 	0.7065 	0.6354 	0.5024 	0.5583 	0.6464 	1.0739 	1.0945 	1.6961 	1.1890 	0.9753 	0.9401 	0.8451 	0.9474 
S,E7000,MWH70000-149999,KWH,I_TAX,NAC,SI	: 	0.0815 	0.0774 	0.0931 	0.0834 	0.091 	0.087 	0.0899 	0.092 	0.0872 	0.0849 	0.0842 	0.0887 	0.0872 	0.0811 	0.0808 	0.0775 	0.0761 	0.0692 	0.072 	0.0681 	0.071 	0.0687 	0.0726 	0.0742 	0.0745 	0.0796 	0.0806 	0.0818 	0.1084 	0.1848 	0.2150 	0.2141 	0.2121 	0.1806 	0.1901 	0.1554 
S,E7000,MWH70000-149999,KWH,I_TAX,NAC,SK	: 	2.93 	3.38 	3.4 	0.1133 	0.1203 	0.1117 	0.1134 	0.1132 	0.116 	0.1216 	0.1159 	0.1214 	0.1322 	0.1092 	0.1076 	0.117 	0.1111 	0.096 	0.1082 	0.1078 	0.1138 	0.1114 	0.1208 	0.1184 	0.1189 	0.1186 	0.1228 	0.1276 	0.1568 	0.2334 	0.2740 	0.2719 	0.2400 	0.1758 	0.1934 	0.1778 
S,E7000,MWH70000-149999,KWH,I_TAX,NAC,TR	: 	0.117 	0.1227 	0.1557 	0.1621 	0.1678 	0.1713 	0.1709 	0.1572 	0.1682 	0.1876 	0.2085 	0.2196 	0.2134 	0.2131 	0.226 	0.2104 	0.212 	0.2303 	0.2553 	0.2438 	0.2427 	0.2808 	0.4188 	0.4353 	0.4992 	0.5361 	0.5220 	0.6025 	0.9427 	2.0907 	3.8328 	2.9477 	2.9843 	3.0862 	3.5016 	3.5680 
S,E7000,MWH70000-149999,KWH,I_TAX,NAC,UA	: 	: 	: 	: 	: 	: 	: 	: 	: 	: 	: 	: 	: 	: 	: 	: 	: 	: 	: 	: 	1.9 	1.9 d	2.0600 	2.0927 	2.2688 	2.0080 	1.6209 	1.7748 	2.0552 	: 	: 	: 	: 	: 	: 	: 	: 
S,E7000,MWH70000-149999,KWH,I_TAX,NAC,UK	0.0724 	0.0689 	0.0801 	0.0954 	0.1005 	0.0887 	0.0829 	0.0786 	0.0868 	0.0852 	0.0909 	0.0992 	0.1077 	0.1053 	0.1115 	0.1113 	0.1146 	0.1143 	0.1143 	0.117 	0.1206 	0.1215 	0.1226 	0.1262 	0.1349 	0.1372 	0.1395 	: 	: 	: 	: 	: 	: 	: 	: 	: 	: 
S,E7000,MWH70000-149999,KWH,I_TAX,NAC,XK	: 	: 	: 	: 	: 	: 	: 	: 	: 	: 	: 	: 	: 	: 	: 	: 	: 	: 	0.0528 	0.0526 	: 	: 	: 	: 	: 	: 	: 	: @C	: 	: @C	: 	: 	: 	: @C	: 	: 	: 
S,E7000,MWH70000-149999,KWH,I_TAX,PPS,AL	: 	: 	: 	: 	: 	: 	: 	: 	: 	: 	: 	: 	: 	: 	: 	: 	: 	: 	: 	: 	: 	: 	: 	: 	0.2511 e	: 	0.2421 e	0.2421 e	0.2388 e	0.2388 e	0.2398 	0.2398 	0.2412 e	0.2416 e	0.2443 	0.2457 e	0.2703 
S,E7000,MWH70000-149999,KWH,I_TAX,PPS,AT	: 	0.0844 	0.0839 	0.0974 	0.0983 	0.0983 	0.0973 	0.0966 	0.0931 	0.0931 	0.09 	0.0894 	0.0863 	0.0846 	0.0784 	0.079 	0.0753 	0.0788 	0.0796 	0.0778 	0.0714 	0.0689 	0.0715 	0.0771 	0.0819 	0.0824 	0.0868 	0.0862 	0.0972 	0.1239 	0.1837 	0.2115 e	0.1946 e	0.1890 e	0.1409 e	0.1437 e	0.1480 e
S,E7000,MWH70000-149999,KWH,I_TAX,PPS,BA	: 	: 	: 	: 	: 	: 	: 	: 	: 	: 	: 	: 	: 	: 	: 	: 	0.0836 	0.0856 	0.0844 	0.1125 	0.0829 	0.0824 	0.0849 	0.0846 	0.0959 	0.1007 	0.1141 	0.1141 	0.1129 	0.1426 	0.1646 	0.1894 	0.1617 	0.1591 	0.1607 	0.1706 	0.1687 
S,E7000,MWH70000-149999,KWH,I_TAX,PPS,BE	: 	0.0681 	0.0784 	0.0802 	0.09 	0.0811 	0.0782 	0.0817 	0.0817 	0.0883 	0.0841 	0.0819 	0.0635 	0.0778 	0.071 	0.0842 	0.0723 	0.0693 	0.0631 	0.0764 	0.0606 	0.0612 	0.0637 	0.0771 	0.0697 	0.0697 	0.0705 	0.0677 	0.0775 	0.1089 	0.1377 	0.1607 	0.1639 	0.1251 	0.1201 	0.1212 	0.1245 
S,E7000,MWH70000-149999,KWH,I_TAX,PPS,BG	: 	0.1173 	0.0993 	0.128 	0.1292 	0.1269 	0.1257 	0.136 	0.1263 	0.1215 	0.1316 	0.1521 	0.1419 	0.1283 	0.1438 	0.131 	0.1346 	0.1563 	0.1697 	0.1487 	0.127 	0.1385 	0.1483 	0.1414 	0.1548 	0.1540 	0.1473 	0.1408 	0.1667 	0.2964 	0.3026 	0.2617 	0.2234 	0.2233 	0.1753 	0.2185 	0.2023 
S,E7000,MWH70000-149999,KWH,I_TAX,PPS,CY	: 	0.1511 	0.16 	0.2032 	0.1299 	0.157 	0.1687 	0.1906 	0.1815 	0.2265 	0.2569 	0.2628 	0.2393 	0.2106 	0.2047 	0.2004 	0.1514 	0.1385 	0.1107 	0.128 	0.1565 	0.1498 	0.1556 	0.1974 	0.1781 	0.1962 	0.1635 	0.0000 	0.1676 	0.2317 	0.2954 	0.0000 	0.0000 	0.0000 	0.2916 	0.3041 	0.0000 
S,E7000,MWH70000-149999,KWH,I_TAX,PPS,CZ	: 	0.1269 	0.1375 	0.1375 	0.1521 	0.1521 	0.1518 	0.1515 	0.1592 	0.1598 	0.169 	0.1705 	0.1769 	0.1751 	0.1506 	0.149 	0.1427 	0.1437 	0.1278 	0.1288 	0.1149 	0.1127 	0.1090 	0.1092 	0.1166 	0.1182 	0.1186 	0.1157 	0.1146 	0.1119 	0.2460 	0.3322 	0.3090 	0.2738 	0.2522 	0.2506 	0.2571 
S,E7000,MWH70000-149999,KWH,I_TAX,PPS,DE	0.1021 	0.1087 	0.1112 	0.1117 	0.1102 	0.1117 	0.1082 	0.1169 	0.1317 	0.1321 	0.1249 	0.1208 	0.1378 	0.1274 	0.139 	0.1355 	0.1332 	0.1247 	0.1095 	0.1184 	0.1334 	0.1189 	0.1137 	0.1162 	0.1168 	0.1156 	0.1244 	0.1335 	0.1394 	0.1599 	0.1906 	0.2175 	0.1941 	0.1979 	0.1628 	0.1674 	0.1681 
S,E7000,MWH70000-149999,KWH,I_TAX,PPS,DK	: 	0.147 	0.1489 	0.1585 	0.1417 	0.1469 	0.1599 	0.1617 	0.1719 	0.1657 	0.1683 	0.1712 	0.1768 	0.1739 	0.1759 	0.1801 	0.1858 	0.1858 	0.1849 	0.185 	0.1764 	0.1768 	0.1809 	0.1775 	0.1679 	0.1666 	0.1560 	0.1701 	0.1810 	0.2310 	0.2723 	0.3203 	0.1254 	0.1954 	0.1895 	0.2019 	0.2067 
S,E7000,MWH70000-149999,KWH,I_TAX,PPS,EA	: 	0.0813 	0.0899 	0.0934 	0.0917 	0.0875 	0.0885 	0.0918 	0.0974 	0.0977 	0.1004 	0.0999 	0.1036 	0.1006 	0.1027 	0.1018 	0.1024 	0.098 	0.0853 	0.0902 	0.0947 	0.0888 	0.0864 	0.0910 	0.0939 	0.0919 	0.0898 	0.0939 	0.1019 	0.1409 	0.1995 	0.2309 	0.1845 	0.1726 	0.1347 	0.1445 	0.1441 
S,E7000,MWH70000-149999,KWH,I_TAX,PPS,EE	: 	0.0593 	0.0628 	0.0658 	0.0751 	0.0789 	0.0792 	0.1052 	0.1124 	0.1062 	0.1067 	0.1175 	0.1158 	0.1149 	0.1158 	0.1091 	0.1149 	0.1146 	0.115 	0.1172 	0.1009 	0.1085 	0.1057 	0.1130 	0.1165 	0.1115 	0.0988 	0.1034 	0.1143 	0.1939 	0.2085 	0.3015 	0.2329 	0.2045 	0.1703 	0.1778 	0.1644 
S,E7000,MWH70000-149999,KWH,I_TAX,PPS,EL	: 	0.0741 	0.0792 	0.081 	0.0741 	0.0747 	0.0776 	0.0896 	0.076 	0.0714 	0.0731 	0.0846 	0.0928 	0.0873 	0.0789 	0.0677 	0.0718 	0.07 	0.0862 	0.0805 	: @C	: @C	: @C	: @C	: @C	: @C	: @C	: @C	: @C	: @C	: @C	: @C	: @C	0.1780 	0.1345 	0.1927 	0.1950 
S,E7000,MWH70000-149999,KWH,I_TAX,PPS,ES	: 	0.0711 	0.0746 	0.0912 	0.0895 	0.0873 	0.0834 	0.0843 	0.09 	0.0922 	0.0988 	0.103 	0.0936 	0.1019 	0.0968 	0.1046 	0.1023 	0.1077 	0.0912 	0.0952 	0.0961 	0.0933 	0.0944 	0.1073 	0.1012 	0.0919 	0.0790 	0.0836 	0.0888 	0.1623 	0.2590 	0.2649 	0.1482 	0.1333 	0.1061 	0.1173 	0.1341 
S,E7000,MWH70000-149999,KWH,I_TAX,PPS,EU27_2020	: 	: 	: 	: 	: 	: 	: 	: 	: 	: 	: 	: 	: 	: 	: 	: 	: 	: 	: 	: 	0.0982 	0.0932 	0.0913 	0.0971 	0.1027 	0.0984 	0.0982 	0.1014 	0.1094 	0.1478 	0.2060 	0.2455 	0.2075 	0.1923 	0.1499 	0.1616 	0.1563 
S,E7000,MWH70000-149999,KWH,I_TAX,PPS,FI	0.0453 	0.0463 	0.0532 	0.0584 	0.0552 	0.0533 	0.0618 	0.059 	0.0648 	0.0625 	0.06 	0.0597 	0.0588 	0.0601 	0.0557 	0.0556 	0.0512 	0.0499 	0.0483 	0.0547 	0.0505 	0.0513 	0.0538 	0.0545 	0.0558 	0.0579 	0.0466 	0.0530 	0.0513 	0.0744 	0.0875 	0.1473 	0.0829 	0.0656 	0.0740 	0.0524 	0.0542 
S,E7000,MWH70000-149999,KWH,I_TAX,PPS,FR	: 	0.0557 	0.0638 	0.0571 	0.0634 	0.056 	0.0661 	0.0578 	0.067 	0.0598 	0.0702 	0.0604 	0.0694 	0.059 	0.0723 	0.0595 	0.0737 	0.062 	0.0582 	0.0587 	0.0556 	0.0547 	0.0612 	0.0592 	0.0638 	0.0618 	0.0642 	0.0645 	0.0717 	0.0958 	0.1317 	0.1446 	0.1328 	0.1368 	0.0774 	0.0864 	0.0878 
S,E7000,MWH70000-149999,KWH,I_TAX,PPS,HR	0.0718 	0.0761 	0.0754 	0.0938 	0.0957 	0.0976 	0.1063 	0.0936 	0.1045 	0.0981 	0.1245 	0.1171 	0.1223 	0.1365 	0.1132 	0.109 	0.1152 	0.1052 	0.1083 	0.1453 	0.0876 	0.0836 	0.1012 	0.1033 	0.1113 	0.1115 	0.1171 	0.1156 	0.1221 	0.1563 	0.2538 	0.3078 	: @C	: @C	: @C	: @C	: @C
S,E7000,MWH70000-149999,KWH,I_TAX,PPS,HU	: 	0.1349 	0.1435 	0.1623 	0.2031 	0.1775 	0.1728 	0.1737 	0.1593 	0.1739 	0.2197 	0.2161 	0.2138 	0.1982 	0.1941 	0.1926 	0.186 	0.1899 	0.1589 	0.1625 	0.1396 e	0.1419 	0.1322 	0.1482 	0.1495 	0.1510 	0.1466 	0.1493 	0.1438 	0.2195 	0.3694 	0.6137 	0.4944 	0.4033 	0.2786 	0.3318 	0.2866 
S,E7000,MWH70000-149999,KWH,I_TAX,PPS,IE	: 	0.0946 	: 	0.0936 	0.0823 	0.0751 	0.0575 	: 	0.0707 	: 	0.0881 	0.0973 	0.0935 	0.0916 	0.0898 	0.0902 	0.0903 	0.087 	0.0805 	0.0803 	0.0773 	0.0763 	0.0865 	0.0924 	0.0857 	0.0818 	0.0791 	0.0801 	0.1002 	0.1551 	0.1876 	0.1989 	0.2154 	0.1819 	0.1750 	0.1706 	0.1771 
S,E7000,MWH70000-149999,KWH,I_TAX,PPS,IS	: 	: 	: 	: 	: 	: 	: 	: 	: 	: 	: 	: 	: 	: 	: 	: 	: 	: 	: 	: 	: 	: 	: 	: 	: 	: @C	: 	: 	: 	: 	: 	: 	: 	: 	: 	: 	: 
S,E7000,MWH70000-149999,KWH,I_TAX,PPS,IT	: 	: 	0.1095 	0.1222 	0.102 	0.0927 	0.1008 	0.1141 	0.105 	0.1112 	0.1204 	0.134 	0.1223 	0.1263 	0.1136 	0.1245 	0.1123 	0.1142 	0.0996 	0.1046 	0.0972 	0.0904 	0.0773 	0.0826 	0.0996 	0.1068 	0.0779 	0.0852 	0.1001 	0.1732 	0.2800 	0.3729 	0.2345 	0.1817 	0.1493 	0.1708 	0.1685 
S,E7000,MWH70000-149999,KWH,I_TAX,PPS,LT	: 	0.1141 	0.1181 	: 	: 	: 	: 	: 	: 	: 	: 	: 	: 	: 	: 	: 	0.1523 	0.1656 	0.144 	0.1448 	0.1283 	0.123 	0.1203 	0.1266 	0.1459 	0.0000 	0.1388 	0.1380 	0.1452 	0.1901 	0.3126 	0.4850 	0.3089 	0.2192 	0.1804 	0.2363 	0.1412 
S,E7000,MWH70000-149999,KWH,I_TAX,PPS,LU	: 	: 	: 	: 	: 	: 	: 	: 	: 	: 	: @C	: @C	: @C	: @C	: @C	: @C	: @C	: @C	: @C	: @C	: @C	: @C	0.0299 	: @C	: @C	: @C	: @C	: @C	: @C	: @C	: @C	: @C	: @C	: @C	: @C	: @C	: @C
S,E7000,MWH70000-149999,KWH,I_TAX,PPS,LV	: 	0.0761 	0.0847 	0.1129 	0.1295 	0.1263 	0.1343 	0.1421 	0.1471 	0.1431 	0.1391 	0.1433 	0.1765 	0.1677 	0.1677 	0.1512 	0.1502 	0.1482 	0.1421 	0.1614 	0.1345 	0.1392 	0.1074 	0.1132 	0.1168 	0.1233 	0.1139 	0.1065 	0.1101 	0.1327 	0.1979 	0.4305 	0.2540 	0.2513 	0.2285 	0.1942 	0.1484 
S,E7000,MWH70000-149999,KWH,I_TAX,PPS,ME	: 	: 	: 	: 	: 	: 	: 	: 	: @C	: @C	0.1108 	: @C	0.1198 	0.1218 	: 	: 	: 	: 	: 	: 	: 	: 	: 	: 	: 	: 	: 	: 	: 	: 	0.1110 	0.1115 	: 	: 	: 	: 	0.0000 
S,E7000,MWH70000-149999,KWH,I_TAX,PPS,MK	: 	: 	: 	: 	: 	: 	: 	: 	: 	: 	: 	0.167 	0.1702 	0.1783 	0.1547 	: @C	0.1556 	0.1591 	0.1459 	0.1661 	: @C	: 	0.1410 	0.1929 	0.1728 	0.1980 	0.1394 	0.1406 	0.1653 	0.4581 	0.5956 	0.7934 	0.2956 	0.2729 	0.2015 	0.2296 	0.2123 
S,E7000,MWH70000-149999,KWH,I_TAX,PPS,MT	: 	: 	0.0851 	0.1937 	0.1776 	0.1242 	0.1889 	0.2018 	0.1898 	0.1971 	0.1897 	0.2091 	0.1854 	0.1918 	0.1791 	0.1633 	0.149 	0.1294 	0.1298 	0.1295 	0.1222 	0.1219 	0.1180 	0.1177 	0.1183 	0.1224 	0.1296 	0.1158 	0.1162 	0.1181 	0.1167 	0.1144 	0.1167 	0.1160 	0.1150 	0.1118 	0.1118 p
S,E7000,MWH70000-149999,KWH,I_TAX,PPS,NL	0.0826 	0.0798 	0.0877 	0.0863 	0.0931 	0.0841 	0.0784 	0.0777 	0.0784 	0.0805 	0.0765 	0.0768 	0.0818 	0.0864 	0.0818 	0.0784 	0.079 	0.0749 	0.0692 	0.0657 	0.0518 	0.0474 	0.0524 	0.0550 	0.0602 	0.0534 	0.0629 	0.0592 	0.0617 	0.0715 	0.1387 	0.1373 	0.2289 	0.2311 	0.1783 	0.1535 	0.1351 
S,E7000,MWH70000-149999,KWH,I_TAX,PPS,NO	: 	0.0294 	0.0316 	0.0442 	0.0391 	0.0396 	0.0506 	0.0398 	0.0484 	0.0453 	0.0402 	0.0403 	0.0441 	0.0465 	0.0391 	0.0425 	0.0381 	0.0399 	0.044 	0.0471 	0.0295 	0.0304 	0.0349 	0.0430 	0.0382 	0.0372 	0.0128 	0.0142 	0.0322 	0.0512 	0.0888 	0.1317 	0.0740 	0.0538 	0.0501 	0.0457 	0.0447 
S,E7000,MWH70000-149999,KWH,I_TAX,PPS,PL	: 	0.1225 	0.1198 	0.1314 	0.1619 	0.1505 	0.159 	0.1565 	0.1589 	0.1559 	0.158 	0.1616 	0.148 	0.1427 	0.1295 	0.1288 	0.14 	0.135 	0.1352 	0.1351 	0.1349 	0.1275 	0.1218 	0.1397 	0.1727 	0.1342 	0.1626 	0.1630 	0.1731 	0.1857 	0.2235 	0.2458 	0.4182 	0.3665 	0.2510 	0.2833 	0.2335 
S,E7000,MWH70000-149999,KWH,I_TAX,PPS,PT	: 	0.0748 	0.0764 	0.0774 	0.0801 	0.064 	0.0655 	0.0733 	0.0901 	0.0986 	0.1288 	0.1259 	0.1286 	0.129 	0.1203 	0.1324 	0.1242 	0.1337 	0.1051 	0.1281 	0.1194 	0.1205 	0.1192 	0.1280 	0.1179 	0.1155 	0.1054 	0.1061 	0.1152 	0.1774 	0.2176 	0.1796 	0.0841 	0.1148 	0.1203 	0.1674 	0.1507 
S,E7000,MWH70000-149999,KWH,I_TAX,PPS,RO	: 	0.1225 	0.1318 	0.1184 	0.1427 	0.1379 	0.1411 	0.1431 	0.1506 	0.1671 	0.1619 	0.1764 	0.2028 	0.1852 	0.164 	0.1561 	0.1525 	0.1494 	0.1432 	0.1561 	0.143 	0.1492 	0.1499 	0.1687 	0.1855 	0.1980 	0.2034 	0.1878 	0.1929 	0.2775 	0.4002 d	0.6053 d	0.3704 	0.3512 	0.3172 	0.3363 	0.2859 
S,E7000,MWH70000-149999,KWH,I_TAX,PPS,RS	: 	: 	: 	: 	: 	: 	: 	: 	: 	: 	: 	: 	0.1108 	0.1183 	0.1157 	0.1522 	0.1254 	0.1509 	0.1496 	0.1226 	0.1268 	0.1542 	0.1416 	0.1407 	0.1570 	0.1590 	0.1372 	0.1454 	0.1499 	0.1533 	0.1756 	0.1909 	0.2674 	0.2886 	0.2711 	0.2172 	0.2189 
S,E7000,MWH70000-149999,KWH,I_TAX,PPS,SE	0.0486 	0.0542 	0.0583 	0.0683 	0.0566 	0.0548 	0.0673 	0.0647 	0.0641 	0.054 	0.0516 	0.0451 	0.0503 	0.0496 	0.0461 	0.045 	0.0406 	0.0341 	0.0372 	0.0448 	0.0369 	0.0379 	0.0410 	0.0481 	0.0535 	0.0481 	0.0380 	0.0422 	0.0491 	0.0816 	0.0832 	0.1289 	0.0882 	0.0722 	0.0691 	0.0626 	0.0704 
S,E7000,MWH70000-149999,KWH,I_TAX,PPS,SI	: 	0.1051 	0.0953 	0.1147 	0.0973 	0.1062 	0.1035 	0.107 	0.1101 	0.1044 	0.1049 	0.1041 	0.1102 	0.1083 	0.1015 	0.1011 	0.097 	0.0952 	0.0879 	0.0919 	0.082 	0.0855 	0.0820 	0.0866 	0.0886 	0.0890 	0.0947 	0.0959 	0.0973 	0.1278 	0.2179 	0.2531 	0.2491 	0.2500 	0.2087 	0.2207 	0.1780 
S,E7000,MWH70000-149999,KWH,I_TAX,PPS,SK	: 	0.1291 	0.1582 	0.1591 	0.1667 	0.177 	0.1671 	0.1697 	0.1647 	0.1688 	0.1781 	0.1697 	0.1787 	0.1946 	0.1639 	0.1615 	0.1756 	0.171 	0.1468 	0.1665 	0.1433 	0.1513 	0.1450 	0.1573 	0.1504 	0.1510 	0.1473 	0.1525 	0.1585 	0.1938 	0.2884 	0.3406 	0.3282 	0.3027 	0.2170 	0.2417 	0.2217 
S,E7000,MWH70000-149999,KWH,I_TAX,PPS,TR	: 	0.1099 	0.1077 	0.1367 	0.1337 	0.1384 	0.139 	0.1387 	0.1196 	0.128 	0.1356 	0.1507 	0.1491 	0.1449 	0.1343 	0.1424 	0.1326 	0.1356 	0.1386 	0.1535 	0.121 	0.1204 	0.1166 	0.1738 	0.1542 	0.1769 	0.1630 	0.1588 	0.1832 	0.2262 	0.5016 	0.5285 	0.3972 	0.4022 	0.2768 	0.1935 	0.1972 
S,E7000,MWH70000-149999,KWH,I_TAX,PPS,UK	0.091 	0.0866 	0.0961 	0.1145 	0.1153 	0.1017 	0.0915 	0.0868 	0.0936 	0.0919 	0.0994 	0.1085 	0.1164 	0.1138 	0.1189 	0.1187 	0.1243 	0.1239 	0.1239 	0.1269 	0.121 	0.1219 	0.1216 	0.1252 	0.1325 	0.1347 	0.1353 	: 	: 	: 	: 	: 	: 	: 	: 	: 	: 
S,E7000,MWH70000-149999,KWH,X_TAX,EUR,AL	: 	: 	: 	: 	: 	: 	: 	: 	: 	: 	: 	: 	: 	: 	: 	: 	: 	: 	: 	: 	: 	: 	: 	: 	0.1040 e	: 	0.1037 e	0.1036 e	0.1039 e	0.1053 e	0.1057 	0.1097 	0.1135 e	0.1223 e	0.1252 	0.1292 e	0.1420 
S,E7000,MWH70000-149999,KWH,X_TAX,EUR,AT	: 	0.0599 	0.0612 	0.0735 	0.0748 	0.0756 	0.072 	0.0714 	0.0685 	0.0704 	0.0668 	0.0646 	0.0615 	0.0601 	0.0538 	0.0548 	0.0498 	0.0511 	0.0459 	0.0468 	0.0452 	0.0442 	0.0470 	0.0526 	0.0582 	0.0585 	0.0593 	0.0611 	0.0687 	0.0959 	0.1609 	0.1983 	0.1782 	0.1735 	0.1290 	0.1311 	0.1221 
S,E7000,MWH70000-149999,KWH,X_TAX,EUR,BA	: 	: 	: 	: 	: 	: 	: 	: 	: 	: 	: 	: 	: 	: 	: 	: 	0.0346 	0.0345 	0.0341 	0.0455 	0.0346 	0.0343 	0.0343 	0.0342 	0.0394 	0.0404 	0.0461 	0.0461 	0.0462 	0.0605 	0.0699 	0.0815 	0.0749 	0.0748 	0.0744 	0.0795 	0.0846 
S,E7000,MWH70000-149999,KWH,X_TAX,EUR,BE	: 	0.0569 	0.0666 	0.0695 	0.0789 	0.0709 	0.0642 	0.0675 	0.0669 	0.0725 	0.0685 	0.0681 	0.0529 	0.0663 	0.0617 	0.0627 	0.0596 	0.0585 	0.0516 	0.0605 	0.0497 	0.0452 	0.0463 	0.0568 	0.0539 	0.0528 	0.0533 	0.0508 	0.0579 	0.0866 	0.1145 	0.1356 	0.1421 	0.1059 	0.0988 	0.1018 	0.1048 
S,E7000,MWH70000-149999,KWH,X_TAX,EUR,BG	: 	0.0383 	0.0348 	0.045 	0.0465 	0.047 	0.0455 	0.0492 	0.0488 	0.047 	0.0505 	0.0586 	0.0552 	0.0498 	0.0555 	0.0505 	0.0518 	0.0592 	0.0642 	0.0564 	0.0523 	0.0571 	0.0625 	0.0596 	0.0676 	0.0672 	0.0651 	0.0622 	0.0635 	0.1529 	0.2037 	0.2799 	0.1230 	0.1122 	0.0872 	0.1333 	0.1197 
S,E7000,MWH70000-149999,KWH,X_TAX,EUR,CY	: 	0.113 	0.1201 	0.153 	0.0985 	0.1195 	0.1283 	0.1402 	0.1388 	0.1749 	0.1937 	0.1966 	0.1742 	0.1518 	0.1444 	0.1416 	0.1049 	0.0977 	0.0735 	0.0875 	0.105 	0.1009 	0.1026 	0.1397 	0.1052 	0.1188 	0.1009 	0.0000 	0.0894 	0.1206 	0.1558 	0.0000 	0.0000 	0.0000 	0.1601 	0.1693 	0.0000 
S,E7000,MWH70000-149999,KWH,X_TAX,EUR,CZ	: 	0.0668 	0.0825 	0.0841 	0.0859 	0.0905 	0.0888 	0.0917 	0.0956 	0.0941 	0.0977 	0.0988 	0.0998 	0.0967 	0.079 	0.0777 	0.0747 	0.0755 	0.0665 	0.0665 	0.0631 	0.064 	0.0633 	0.0628 	0.0627 	0.0638 	0.0642 	0.0619 	0.0619 	0.0664 	0.1538 	0.2158 	0.2130 	0.1832 	0.1543 	0.1539 	0.1599 
S,E7000,MWH70000-149999,KWH,X_TAX,EUR,DE	0.068 	0.0722 	0.0776 	0.0755 	0.0779 	0.0739 	0.0661 	0.0711 	0.0716 	0.0732 	0.0653 	0.0642 	0.0636 	0.0621 	0.0586 	0.0608 	0.0568 	0.0541 	0.0449 	0.0409 	0.0455 	0.0434 	0.0457 	0.0479 	0.0545 	0.0448 	0.0434 	0.0490 	0.0520 	0.0732 	0.1215 	0.1728 	0.1508 	0.1535 	0.1276 	0.1313 	0.1286 
S,E7000,MWH70000-149999,KWH,X_TAX,EUR,DK	: 	0.0708 	0.0655 	0.0778 	0.0541 	0.0562 	0.065 	0.0693 	0.0703 	0.0613 	0.0557 	0.0537 	0.0571 	0.0547 	0.05 	0.0527 	0.0454 	0.044 	0.0442 	0.05 	0.047 	0.0487 	0.0516 	0.0546 	0.0532 	0.0527 	0.0400 	0.0551 	0.0656 	0.1236 	0.1688 	0.2417 	0.1308 	0.1136 	0.0975 	0.1106 	0.1197 
S,E7000,MWH70000-149999,KWH,X_TAX,EUR,EA	0.0651 	0.0591 	0.0643 	0.066 	0.0689 	0.0647 	0.0634 	0.0686 	0.0685 	0.0688 	0.0689 	0.0689 	0.0661 	0.0667 	0.0624 	0.0636 	0.061 	0.0599 	0.0524 	0.0535 	0.0530 	0.0512 	0.0537 	0.0587 	0.0617 	0.0566 	0.0526 	0.0563 	0.0626 	0.0971 	0.1577 	0.1949 	0.1554 	0.1437 	0.1095 	0.1171 	0.1142 
S,E7000,MWH70000-149999,KWH,X_TAX,EUR,EE	: 	0.0332 	0.0336 	0.0362 	0.0405 	0.039 	0.0364 	0.0509 	0.0555 	0.0578 	0.0594 	0.0644 	0.0605 	0.0578 	0.0615 	0.0562 	0.0587 	0.0559 	0.0558 	0.0556 	0.0507 	0.0562 	0.0575 	0.0623 	0.0651 	0.0617 	0.0509 	0.0569 	0.0641 	0.1200 	0.1300 	0.1936 	0.1585 	0.1406 	0.1138 	0.1218 	0.1131 
S,E7000,MWH70000-149999,KWH,X_TAX,EUR,EL	: 	0.0599 	0.0649 	0.0664 	0.0627 	0.0574 	0.0585 	0.0608 	0.0549 	0.0512 	0.0482 	0.0569 	0.0593 	0.0566 	0.0485 	0.0408 	0.0438 	0.0407 	0.0533 	0.0497 	: @C	: @C	: @C	: @C	: @C	: @C	: @C	: @C	: @C	: @C	: @C	: @C	: @C	0.1303 	0.0968 	0.1421 	0.1454 
S,E7000,MWH70000-149999,KWH,X_TAX,EUR,ES	: 	0.0528 	0.0568 	0.069 	0.0692 	0.0675 	0.0643 	0.0638 	0.0677 	0.0693 	0.0721 	0.0733 	0.0663 	0.0722 	0.0681 	0.0736 	0.072 	0.0758 	0.0635 	0.0669 	0.0694 	0.0674 	0.0692 	0.0786 	0.0681 d	0.0600 	0.0519 	0.0555 	0.0614 	0.1096 	0.1946 	0.1943 	0.1116 	0.1013 	0.0741 	0.0831 	0.0954 
S,E7000,MWH70000-149999,KWH,X_TAX,EUR,EU27_2020	0.062 	0.0577 	0.0638 	0.0662 	0.0679 	0.0646 	0.0647 	0.0688 	0.069 	0.0681 	0.0686 	0.0686 	0.0664 	0.0662 	0.0616 	0.0624 	0.0601 	0.0588 	0.0523 	0.0537 	0.0521 	0.0508 	0.0528 	0.0575 	0.0616 	0.0566 	0.0530 	0.0560 	0.0614 	0.0938 	0.1498 	0.1892 	0.1520 	0.1398 	0.1069 	0.1151 	0.1117 
S,E7000,MWH70000-149999,KWH,X_TAX,EUR,FI	0.0407 	0.0417 	0.0486 	0.0536 	0.0517 	0.0499 	0.0578 	0.0546 	0.0563 	0.0541 	0.0518 	0.0516 	0.0515 	0.0527 	0.0489 	0.0488 	0.0443 	0.0429 	0.0405 	0.0464 	0.0436 	0.0444 	0.0475 	0.0482 	0.0495 	0.0517 	0.0405 	0.0470 	0.0517 	0.0740 	0.0874 	0.1512 	0.0823 	0.0650 	0.0710 d	0.0496 d	0.0513 
S,E7000,MWH70000-149999,KWH,X_TAX,EUR,FR	: 	0.0444 	0.0522 	0.0465 	0.0518 	0.0466 	0.057 	0.0502 	0.0562 	0.0524 	0.0577 	0.0547 	0.0566 	0.0532 	0.0565 	0.0524 	0.0557 	0.0538 	0.0513 	0.0518 	0.0483 	0.0464 	0.0514 	0.0519 	0.0555 	0.0538 	0.0537 	0.0545 	0.0605 	0.0855 	0.1211 	0.1341 	0.1210 	0.1255 	0.0721 	0.0788 	0.0755 
S,E7000,MWH70000-149999,KWH,X_TAX,EUR,GE	: 	: 	: 	: 	: 	: 	: 	: 	: 	: 	: 	: 	: 	: 	: 	: 	: 	: 	: 	: 	: 	: 	: 	0.0494 	0.0461 	: 	: 	: 	: 	: 	: 	: 	: 	: 	0.0000 	0.0000 	0.0000 
S,E7000,MWH70000-149999,KWH,X_TAX,EUR,HR	0.0381 	0.0396 	0.0399 	0.0529 	0.0528 	0.0548 	0.0614 	0.0529 	0.0568 	0.0531 	0.0631 	0.0596 	0.0615 	0.0666 	0.055 	0.0523 	0.0552 	0.0515 	0.0532 	0.0713 	0.0472 	0.047 	0.0576 	0.0588 	0.0601 	0.0604 	0.0617 	0.0605 	0.0650 	0.0859 	0.1397 	0.1700 	: @C	: @C	: @C	: @C	: @C
S,E7000,MWH70000-149999,KWH,X_TAX,EUR,HU	: 	0.059 	0.0758 	0.0874 	0.0956 	0.0856 	0.0817 	0.08 	0.0743 	0.0676 	0.0937 	0.096 	0.0925 	0.0844 	0.0807 	0.0792 	0.076 	0.0766 	0.0641 	0.066 	0.0596 e	0.0612 	0.0598 	0.0672 	0.0696 	0.0689 	0.0628 	0.0647 	0.0657 	0.1088 	0.2027 	0.2964 	0.2522 	0.2027 	0.1352 	0.1630 	0.1410 
S,E7000,MWH70000-149999,KWH,X_TAX,EUR,IE	: 	0.1026 	: 	0.1004 	0.0874 	0.0768 	0.0557 	: 	0.0678 	: 	0.0847 	0.0958 	0.0904 	0.0903 	0.0888 	0.0889 	0.0876 	0.0844 	0.0773 	0.0746 	0.0712 	0.0721 	0.0807 	0.0868 	0.0873 	0.0832 	0.0801 	0.0816 	0.1002 	0.1609 	0.1959 	0.2174 	0.2430 	0.2141 	0.1963 	0.1881 	0.1919 
S,E7000,MWH70000-149999,KWH,X_TAX,EUR,IS	: 	: 	: 	: 	: 	: 	: 	: 	: 	: 	: 	: 	: 	: 	: 	: 	: 	: 	: 	: 	: 	: 	: 	: 	: 	: @C	: 	: 	: 	: 	: 	: 	: 	: 	: 	: 	: 
S,E7000,MWH70000-149999,KWH,X_TAX,EUR,IT	: 	: 	: 	: 	: 	: 	: 	0.0934 	0.0817 	0.0817 	0.0881 	0.0915 	0.0818 	0.0826 	0.0711 	0.0764 	0.0676 	0.0664 	0.0565 	0.0616 	0.0627 	0.0595 	0.0624 	0.0721 	0.0790 	0.0779 	0.0609 	0.0686 	0.0834 	0.1489 	0.2483 	0.3334 	0.2018 	0.1525 	0.1236 	0.1407 	0.1407 
S,E7000,MWH70000-149999,KWH,X_TAX,EUR,LI	: 	: 	: 	: 	: 	: 	: 	: 	: 	: 	: 	: 	: 	: 	: 	: 	: 	: 	: 	: 	0 	: 	: 	: 	: 	: 	: 	: 	: 	: 	: 	: 	: 	: 	: 	: 	: 
S,E7000,MWH70000-149999,KWH,X_TAX,EUR,LT	: 	0.0556 	0.063 	: 	: 	: 	: 	: 	: 	: 	: 	: 	: 	: 	: 	: 	0.0612 	0.0656 	0.056 	0.0559 	0.054 	0.0516 	0.0520 	0.0555 	0.0713 	0.0000 	0.0714 	0.0651 	0.0706 	0.0992 	0.1766 	0.2768 	0.1998 	0.1441 	0.1151 	0.1517 	0.0916 
S,E7000,MWH70000-149999,KWH,X_TAX,EUR,LU	: 	: 	: 	: 	: 	: 	: 	: 	: 	: 	: @C	: @C	: @C	: @C	: @C	: @C	: @C	: @C	: @C	: @C	: @C	: @C	0.0343 	: @C	: @C	: @C	: @C	: @C	: @C	: @C	: @C	: @C	: @C	: @C	: @C	: @C	: @C
S,E7000,MWH70000-149999,KWH,X_TAX,EUR,LV	: 	0.043 	0.052 	0.0683 	0.0729 	0.0712 	0.0726 	0.0766 	0.0806 	0.0785 	0.0785 	0.0639 	0.0837 	0.069 	0.0689 	0.0635 	0.0584 	0.0558 	0.0514 	0.0617 	0.0516 	0.0543 	0.0468 	0.0502 	0.0536 	0.0572 	0.0516 	0.0468 	0.0548 	0.0707 	0.1293 	0.2753 	0.1721 	0.1647 	0.1506 	0.1078 	0.0934 
S,E7000,MWH70000-149999,KWH,X_TAX,EUR,MD	: 	: 	: 	: 	: 	: 	: 	: 	: 	: 	: 	: 	: 	: 	: 	: 	: 	: 	: 	: 	: 	: 	: 	: 	: 	: 	: 	: 	0.0587 	0.0598 	: 	: 	: 	: 	: 	: 	: 
S,E7000,MWH70000-149999,KWH,X_TAX,EUR,ME	: 	: 	: 	: 	: 	: 	: 	: 	: @C	: @C	0.0464 	: 	: 	: 	: 	: 	: 	: 	: 	: 	: 	: 	: 	: 	: 	: 	: 	: 	: 	: 	0.0472 	0.0473 	: 	: 	: 	: 	0.0000 
S,E7000,MWH70000-149999,KWH,X_TAX,EUR,MK	: 	: 	: 	: 	: 	: 	: 	: 	: 	: 	: 	0.056 	0.0505 	0.0543 	0.0485 	: @C	0.0539 	0.0551 	0.051 	0.0587 	: @C	: 	0.0545 	0.0746 	0.0667 	0.0765 	0.0543 	0.0547 	0.0644 	0.1845 	0.2397 	0.3133 	0.1197 	0.1099 	0.0828 	0.0987 	0.0911 
S,E7000,MWH70000-149999,KWH,X_TAX,EUR,MT	: 	: 	0.0581 	0.1323 	0.123 	0.086 	0.131 	0.14 	0.137 	0.142 	0.138 	0.153 	0.138 	0.142 	0.137 	0.125 	0.1138 	0.0989 	0.0992 	0.0989 	0.0953 	0.0951 	0.0953 	0.0951 	0.0953 	0.0986 	0.1068 	0.0953 	0.0955 	0.0978 	0.0955 	0.0951 	0.0982 	0.0975 	0.0979 	0.0952 	0.0954 p
S,E7000,MWH70000-149999,KWH,X_TAX,EUR,NL	0.0702 	0.069 	0.0746 	0.0754 	0.0847 	0.0786 	0.0704 	0.0722 	0.0693 	0.074 	0.0677 	0.0697 	0.0713 	0.0767 	0.0711 	0.0704 	0.0672 	0.0666 	0.0584 	0.0579 	0.0440 	0.0440 	0.0460 	0.0520 	0.0540 	0.0510 	0.0543 	0.0561 	0.0514 	0.0677 	0.1258 	0.1464 	0.2132 	0.2233 	0.1617 	0.1468 	0.1195 
S,E7000,MWH70000-149999,KWH,X_TAX,EUR,NO	: 	0.0195 	0.0225 	0.0342 	0.0298 	0.0314 	0.046 	0.0332 	0.0446 	0.0411 	0.0349 	0.0358 	0.0417 	0.0417 	0.0323 	0.0358 	0.0283 	0.028 	0.0311 	0.0359 	0.036 	0.0359 	0.0413 	0.0507 	0.0457 	0.0433 	0.0145 	0.0161 	0.0384 	0.0585 	0.1031 	0.1479 	0.0714 	0.0506 	0.0496 	0.0441 	0.0444 
S,E7000,MWH70000-149999,KWH,X_TAX,EUR,PL	: 	0.0435 	0.0611 	0.0667 	0.069 	0.0683 	0.0727 	0.0717 	0.0741 	0.067 	0.0683 	0.072 	0.0647 	0.0616 	0.0563 	0.0557 	0.0617 	0.0578 	0.0549 	0.055 	0.0456 	0.0454 	0.0444 	0.0467 	0.0647 	0.0527 	0.0542 	0.0531 	0.0506 	0.0533 	0.0813 	0.0941 	0.1389 	0.1245 	0.0821 	0.0989 	0.0847 
S,E7000,MWH70000-149999,KWH,X_TAX,EUR,PT	: 	0.0497 	0.0498 	0.0505 	0.0635 	0.0516 	0.0503 	0.0563 	0.061 	0.0601 	0.0793 	0.0754 	0.0748 	0.0773 	0.0633 	0.0697 	0.0655 	0.0706 	0.0493 	0.0603 	0.064 	0.0646 	0.0590 	0.0634 	0.0663 	0.0627 	0.0520 	0.0543 	0.0599 	0.1032 	0.1672 	0.1491 	0.1093 	0.0996 	0.0783 	0.1037 	0.0917 
S,E7000,MWH70000-149999,KWH,X_TAX,EUR,RO	: 	0.0572 	0.0617 	0.0548 	0.0593 	0.0571 	0.0591 	0.0559 	0.0591 	0.0614 	0.0625 	0.0551 	0.068 	0.0614 	0.0563 	0.0556 	0.0513 	0.0502 	0.0464 	0.0513 	0.0504 	0.0529 	0.0551 	0.0630 	0.0694 	0.0736 	0.0757 	0.0690 	0.0716 	0.1096 	0.1701 d	0.2699 d	0.1601 	0.1518 	0.1343 	0.1462 	0.1293 
S,E7000,MWH70000-149999,KWH,X_TAX,EUR,RS	: 	: 	: 	: 	: 	: 	: 	: 	: 	: 	: 	: 	0.0451 	0.0471 	0.0467 	0.06 	0.0484 	0.0521 	0.0507 	0.0404 	0.0466 	0.0587 	0.0553 	0.0549 	0.0624 	0.0634 	0.0556 	0.0590 	0.0579 	0.0609 	0.0703 	0.0743 	0.1122 	0.1237 	0.1219 	0.0957 	0.1006 
S,E7000,MWH70000-149999,KWH,X_TAX,EUR,SE	0.0456 	0.0508 	0.0555 	0.0618 	0.0491 	0.0497 	0.0645 	0.0652 	0.0668 	0.055 	0.0533 	0.0485 	0.0544 	0.0523 	0.0482 	0.0456 	0.0406 	0.0344 	0.0378 	0.044 	0.0391 	0.0398 	0.0381 	0.0445 	0.0498 	0.0438 	0.0372 	0.0428 	0.0505 	0.0840 	0.0830 	0.1253 	0.0834 	0.0666 	0.0655 	0.0584 	0.0678 
S,E7000,MWH70000-149999,KWH,X_TAX,EUR,SI	: 	0.0645 	0.0624 	0.0741 	0.0674 	0.0733 	0.066 	0.0659 	0.0677 	0.0658 	0.0641 	0.0635 	0.0631 	0.0623 	0.0588 	0.0586 	0.0557 	0.0562 	0.0514 	0.0517 	0.05 	0.0524 	0.0500 	0.0531 	0.0546 	0.0546 	0.0584 	0.0594 	0.0614 	0.0825 	0.1466 	0.1833 	0.1864 	0.1678 	0.1424 	0.1502 	0.1221 
S,E7000,MWH70000-149999,KWH,X_TAX,EUR,SK	: 	0.0734 	0.0881 	0.0936 	0.0945 	0.1004 	0.0926 	0.094 	0.09 	0.0924 	0.097 	0.0922 	0.0968 	0.1057 	0.0865 	0.0852 	0.093 	0.0881 	0.0755 	0.0857 	0.0521 	0.0571 	0.0552 	0.0625 	0.0622 	0.0626 	0.0644 	0.0679 	0.0717 	0.0961 	0.1717 	0.2055 	0.1928 	0.1662 	0.1237 	0.1384 	0.1217 
S,E7000,MWH70000-149999,KWH,X_TAX,EUR,TR	: 	0.0545 	0.053 	0.066 	0.0614 	0.0629 	0.0691 	0.0707 	0.0582 	0.0559 	0.0656 	0.0743 	0.0754 	0.0651 	0.0588 	0.0649 	0.06 	0.0544 	0.0578 	0.061 	0.0506 	0.046 	0.0463 	0.0531 	0.0558 	0.0640 	0.0612 	0.0485 	0.0521 	0.0684 	0.1083 	0.1744 	0.1156 	0.0827 	0.0747 	0.0786 	0.0720 
S,E7000,MWH70000-149999,KWH,X_TAX,EUR,UA	: 	: 	: 	: 	: 	: 	: 	: 	: 	: 	: 	: 	: 	: 	: 	: 	: 	: 	: 	: 	0.0545 	0.0508 d	0.0530 	0.0548 	0.0621 	0.0609 	0.0472 	0.0449 	0.0511 	: 	: 	: 	: 	: 	: 	: 	: 
S,E7000,MWH70000-149999,KWH,X_TAX,EUR,UK	0.087 	0.0846 	0.0857 	0.0967 	0.0952 	0.0841 	0.0785 	0.0768 	0.0808 	0.0793 	0.0894 	0.1003 	0.1027 	0.1016 	0.1108 	0.1149 	0.1049 	0.1055 	0.0909 	0.0846 	0.0999 	0.0953 	0.0916 	0.0920 	0.0820 	0.0793 	0.0813 	: 	: 	: 	: 	: 	: 	: 	: 	: 	: 
S,E7000,MWH70000-149999,KWH,X_TAX,EUR,XK	: 	: 	: 	: 	: 	: 	: 	: 	: 	: 	: 	: 	: 	: 	: 	: 	: 	: 	0.0426 	0.0424 	: 	: 	: 	: 	: 	: 	: 	: @C	: 	: @C	: 	: 	: 	: @C	: 	: 	: 
S,E7000,MWH70000-149999,KWH,X_TAX,NAC,AL	: 	: 	: 	: 	: 	: 	: 	: 	: 	: 	: 	: 	: 	: 	: 	: 	: 	: 	: 	: 	: 	: 	: 	: 	12.8800 e	: 	12.8300 e	12.8300 e	12.8100 e	12.8100 e	12.8100 	12.8100 	12.8100 e	12.8100 e	12.8100 	12.8100 e	14.0000 
S,E7000,MWH70000-149999,KWH,X_TAX,NAC,AT	: 	0.0599 	0.0612 	0.0735 	0.0748 	0.0756 	0.072 	0.0714 	0.0685 	0.0704 	0.0668 	0.0646 	0.0615 	0.0601 	0.0538 	0.0548 	0.0498 	0.0511 	0.0459 	0.0468 	0.0452 	0.0442 	0.0470 	0.0526 	0.0582 	0.0585 	0.0593 	0.0611 	0.0687 	0.0959 	0.1609 	0.1983 	0.1782 	0.1735 	0.1290 	0.1311 	0.1221 
S,E7000,MWH70000-149999,KWH,X_TAX,NAC,BA	: 	: 	: 	: 	: 	: 	: 	: 	: 	: 	: 	: 	: 	: 	: 	: 	0.0676 	0.0674 	0.0667 	0.089 	0.0677 	0.067 	0.0670 	0.0668 	0.0771 	0.0790 	0.0902 	0.0902 	0.0903 	0.1183 	0.1367 	0.1594 	0.1464 	0.1462 	0.1456 	0.1555 	0.1655 
S,E7000,MWH70000-149999,KWH,X_TAX,NAC,BE	: 	0.0569 	0.0666 	0.0695 	0.0789 	0.0709 	0.0642 	0.0675 	0.0669 	0.0725 	0.0685 	0.0681 	0.0529 	0.0663 	0.0617 	0.0627 	0.0596 	0.0585 	0.0516 	0.0605 	0.0497 	0.0452 	0.0463 	0.0568 	0.0539 	0.0528 	0.0533 	0.0508 	0.0579 	0.0866 	0.1145 	0.1356 	0.1421 	0.1059 	0.0988 	0.1018 	0.1048 
S,E7000,MWH70000-149999,KWH,X_TAX,NAC,BG	: 	0.075 	0.068 	0.088 	0.091 	0.092 	0.089 	0.0962 	0.0954 	0.0919 	0.0988 	0.1146 	0.108 	0.0974 	0.1085 	0.0987 	0.1014 	0.1158 	0.1255 	0.1103 	0.1023 	0.1117 	0.1223 	0.1165 	0.1322 	0.1315 	0.1273 	0.1216 	0.1242 	0.2991 	0.3984 	0.5475 	0.2405 	0.2194 	0.1705 	0.2608 	0.2342 
S,E7000,MWH70000-149999,KWH,X_TAX,NAC,CY	: 	0.066 	0.1201 	0.153 	0.0985 	0.1195 	0.1283 	0.1402 	0.1388 	0.1749 	0.1937 	0.1966 	0.1742 	0.1518 	0.1444 	0.1416 	0.1049 	0.0977 	0.0735 	0.0875 	0.105 	0.1009 	0.1026 	0.1397 	0.1052 	0.1188 	0.1009 	0.0000 	0.0894 	0.1206 	0.1558 	0.0000 	0.0000 	0.0000 	0.1601 	0.1693 	0.0000 
S,E7000,MWH70000-149999,KWH,X_TAX,NAC,CZ	: 	1.83 	2.08 	2.08 	2.33 	2.33 	2.284 	2.28 	2.327 	2.3357 	2.4592 	2.4819 	2.5641 	2.5389 	2.1688 	2.1456 	2.0536 	2.0429 	1.7978 	1.7961 	1.6894 	1.6564 	1.6150 	1.6187 	1.6115 	1.6366 	1.6914 	1.6453 	1.6001 	1.6902 	3.7912 	5.2827 	5.0452 	4.4555 	3.8598 	3.8823 	3.9972 
S,E7000,MWH70000-149999,KWH,X_TAX,NAC,DE	0.068 	0.0722 	0.0776 	0.0755 	0.0779 	0.0739 	0.0661 	0.0711 	0.0716 	0.0732 	0.0653 	0.0642 	0.0636 	0.0621 	0.0586 	0.0608 	0.0568 	0.0541 	0.0449 	0.0409 	0.0455 	0.0434 	0.0457 	0.0479 	0.0545 	0.0448 	0.0434 	0.0490 	0.0520 	0.0732 	0.1215 	0.1728 	0.1508 	0.1535 	0.1276 	0.1313 	0.1286 
S,E7000,MWH70000-149999,KWH,X_TAX,NAC,DK	: 	0.5271 	0.4886 	0.5803 	0.4028 	0.4186 	0.4841 	0.5165 	0.5241 	0.4563 	0.4138 	0.4 	0.4258 	0.4083 	0.3735 	0.3922 	0.3388 	0.3282 	0.3295 	0.3719 	0.3497 	0.3627 	0.3846 	0.4076 	0.3974 	0.3932 	0.2984 	0.4100 	0.4875 	0.9195 	1.2561 	1.7979 	0.9742 	0.8471 	0.7273 	0.8254 	0.8933 
S,E7000,MWH70000-149999,KWH,X_TAX,NAC,EA	: 	0.059 	0.0689 	0.0714 	0.0718 	0.067 	0.0665 	0.0687 	0.0684 	0.0689 	0.0689 	0.0689 	0.066 	0.0667 	0.0624 	0.0636 	0.0609 	0.0599 	0.0523 	0.0535 	: 	: 	: 	: 	: 	: 	: 	: 	: 	: 	: 	: 	: 	: 	: 	: 	: 
S,E7000,MWH70000-149999,KWH,X_TAX,NAC,EE	: 	0.52 	0.525 	0.566 	0.633 	0.61 	0.57 	0.796 	0.0555 	0.0578 	0.0594 	0.0644 	0.0605 	0.0578 	0.0615 	0.0562 	0.0587 	0.0559 	0.0558 	0.0556 	0.0507 	0.0562 	0.0575 	0.0623 	0.0651 	0.0617 	0.0509 	0.0569 	0.0641 	0.1200 	0.1300 	0.1936 	0.1585 	0.1406 	0.1138 	0.1218 	0.1131 
S,E7000,MWH70000-149999,KWH,X_TAX,NAC,EL	: 	0.0599 	0.0649 	0.0664 	0.0627 	0.0574 	0.0585 	0.0608 	0.0549 	0.0512 	0.0482 	0.0569 	0.0593 	0.0566 	0.0485 	0.0408 	0.0438 	0.0407 	0.0533 	0.0497 	: @C	: @C	: @C	: @C	: @C	: @C	: @C	: @C	: @C	: @C	: @C	: @C	: @C	0.1303 	0.0968 	0.1421 	0.1454 
S,E7000,MWH70000-149999,KWH,X_TAX,NAC,ES	: 	0.0528 	0.0568 	0.069 	0.0692 	0.0675 	0.0643 	0.0638 	0.0677 	0.0693 	0.0721 	0.0733 	0.0663 	0.0722 	0.0681 	0.0736 	0.072 	0.0758 	0.0635 	0.0669 	0.0694 	0.0674 	0.0692 	0.0786 	0.0681 d	0.0600 	0.0519 	0.0555 	0.0614 	0.1096 	0.1946 	0.1943 	0.1116 	0.1013 	0.0741 	0.0831 	0.0954 
S,E7000,MWH70000-149999,KWH,X_TAX,NAC,FI	0.0407 	0.0417 	0.0486 	0.0536 	0.0517 	0.0499 	0.0578 	0.0546 	0.0563 	0.0541 	0.0518 	0.0516 	0.0515 	0.0527 	0.0489 	0.0488 	0.0443 	0.0429 	0.0405 	0.0464 	0.0436 	0.0444 	0.0475 	0.0482 	0.0495 	0.0517 	0.0405 	0.0470 	0.0517 	0.0740 	0.0874 	0.1512 	0.0823 	0.0650 	0.0710 d	0.0496 d	0.0513 
S,E7000,MWH70000-149999,KWH,X_TAX,NAC,FR	: 	0.0444 	0.0522 	0.0465 	0.0518 	0.0466 	0.057 	0.0502 	0.0562 	0.0524 	0.0577 	0.0547 	0.0566 	0.0532 	0.0565 	0.0524 	0.0557 	0.0538 	0.0513 	0.0518 	0.0483 	0.0464 	0.0514 	0.0519 	0.0555 	0.0538 	0.0537 	0.0545 	0.0605 	0.0855 	0.1211 	0.1341 	0.1210 	0.1255 	0.0721 	0.0788 	0.0755 
S,E7000,MWH70000-149999,KWH,X_TAX,NAC,GE	: 	: 	: 	: 	: 	: 	: 	: 	: 	: 	: 	: 	: 	: 	: 	: 	: 	: 	: 	: 	: 	: 	: 	0.1480 	0.1408 	: 	: 	: 	: 	: 	: 	: 	: 	: 	0.0000 	0.0000 	0.0000 
S,E7000,MWH70000-149999,KWH,X_TAX,NAC,HR	0.28 	0.29 	0.29 	0.38 	0.39 	0.4 	0.446 	0.387 	0.42 	0.397 	0.476 	0.447 	0.4659 	0.5054 	0.4197 	0.4 	0.4209 	0.3913 	0.4025 	0.5351 	0.3515 	0.3518 	0.4273 	0.4363 	0.4463 	0.4480 	0.4648 	0.4563 	0.4909 	0.6448 	1.0536 	1.2805 	: @C	: @C	: @C	: @C	: @C
S,E7000,MWH70000-149999,KWH,X_TAX,NAC,HU	: 	14.89 	19.22 	21.82 	27.7257 	23.2 	22.21 	22.33 	20.0247 	19.5623 	27.6712 	27.1927 	27.3753 	25.1109 	24.7759 	24.5716 	23.3786 	23.9336 	20.0346 	20.4592 	18.4367 e	18.9142 	18.7806 	21.7420 	22.2887 	22.7493 	21.6814 	23.1124 	23.5155 	39.0609 	76.0459 	120.6812 	95.9962 	77.6111 	52.6904 	65.3416 	57.0242 
S,E7000,MWH70000-149999,KWH,X_TAX,NAC,IE	: 	0.1026 	: 	0.1004 	0.0874 	0.0768 	0.0557 	: 	0.0678 	: 	0.0847 	0.0958 	0.0904 	0.0903 	0.0888 	0.0889 	0.0876 	0.0844 	0.0773 	0.0746 	0.0712 	0.0721 	0.0807 	0.0868 	0.0873 	0.0832 	0.0801 	0.0816 	0.1002 	0.1609 	0.1959 	0.2174 	0.2430 	0.2141 	0.1963 	0.1881 	0.1919 
S,E7000,MWH70000-149999,KWH,X_TAX,NAC,IS	: 	: 	: 	: 	: 	: 	: 	: 	: 	: 	: 	: 	: 	: 	: 	: 	: 	: 	: 	: 	: 	: 	: 	: 	: 	: @C	: 	: 	: 	: 	: 	: 	: 	: 	: 	: 	: 
S,E7000,MWH70000-149999,KWH,X_TAX,NAC,IT	: 	: 	: 	: 	: 	: 	: 	0.0934 	0.0817 	0.0817 	0.0881 	0.0915 	0.0818 	0.0826 	0.0711 	0.0764 	0.0676 	0.0664 	0.0565 	0.0616 	0.0627 	0.0595 	0.0624 	0.0721 	0.0790 	0.0779 	0.0609 	0.0686 	0.0834 	0.1489 	0.2483 	0.3334 	0.2018 	0.1525 	0.1236 	0.1407 	0.1407 
S,E7000,MWH70000-149999,KWH,X_TAX,NAC,LI	: 	: 	: 	: 	: 	: 	: 	: 	: 	: 	: 	: 	: 	: 	: 	: 	: 	: 	: 	: 	0 	: 	: 	: 	: 	: 	: 	: 	: 	: 	: 	: 	: 	: 	: 	: 	: 
S,E7000,MWH70000-149999,KWH,X_TAX,NAC,LT	: 	0.1919 	0.2176 	: 	: 	: 	: 	: 	: 	: 	: 	: 	: 	: 	: 	: 	0.0612 	0.0656 	0.056 	0.0559 	0.054 	0.0516 	0.0520 	0.0555 	0.0713 	0.0000 	0.0714 	0.0651 	0.0706 	0.0992 	0.1766 	0.2768 	0.1998 	0.1441 	0.1151 	0.1517 	0.0916 
S,E7000,MWH70000-149999,KWH,X_TAX,NAC,LU	: 	: 	: 	: 	: 	: 	: 	: 	: 	: 	: @C	: @C	: @C	: @C	: @C	: @C	: @C	: @C	: @C	: @C	: @C	: @C	0.0343 	: @C	: @C	: @C	: @C	: @C	: @C	: @C	: @C	: @C	: @C	: @C	: @C	: @C	: @C
S,E7000,MWH70000-149999,KWH,X_TAX,NAC,LV	: 	0.0301 	0.0363 	0.0483 	0.0515 	0.0502 	0.0514 	0.0543 	0.057 	0.0554 	0.0548 	0.0445 	0.0586 	0.0485 	0.0689 	0.0635 	0.0584 	0.0558 	0.0514 	0.0617 	0.0516 	0.0543 	0.0468 	0.0502 	0.0536 	0.0572 	0.0516 	0.0468 	0.0548 	0.0707 	0.1293 	0.2753 	0.1721 	0.1647 	0.1506 	0.1078 	0.0934 
S,E7000,MWH70000-149999,KWH,X_TAX,NAC,MD	: 	: 	: 	: 	: 	: 	: 	: 	: 	: 	: 	: 	: 	: 	: 	: 	: 	: 	: 	: 	: 	: 	: 	: 	: 	: 	: 	: 	1.2500 	1.2300 	: 	: 	: 	: 	: 	: 	: 
S,E7000,MWH70000-149999,KWH,X_TAX,NAC,ME	: 	: 	: 	: 	: 	: 	: 	: 	: @C	: @C	0.0464 	: 	: 	: 	: 	: 	: 	: 	: 	: 	: 	: 	: 	: 	: 	: 	: 	: 	: 	: 	0.0472 	0.0473 	: 	: 	: 	: 	0.0000 
S,E7000,MWH70000-149999,KWH,X_TAX,NAC,MK	: 	: 	: 	: 	: 	: 	: 	: 	: 	: 	: 	3.4427 	3.111 	3.3419 	2.9878 	: @C	3.3195 	3.3951 	3.1448 	3.6131 	: @C	: 	3.3550 	4.5875 	4.1043 	4.7021 	3.3476 	3.3762 	3.9693 	11.3688 	14.7824 	19.2875 	7.3777 	6.7564 	5.0920 	6.0677 	5.6109 
S,E7000,MWH70000-149999,KWH,X_TAX,NAC,MT	: 	: 	0.0581 	0.1323 	0.123 	0.086 	0.131 	0.14 	0.137 	0.142 	0.138 	0.153 	0.138 	0.142 	0.137 	0.125 	0.1138 	0.0989 	0.0992 	0.0989 	0.0953 	0.0951 	0.0953 	0.0951 	0.0953 	0.0986 	0.1068 	0.0953 	0.0955 	0.0978 	0.0955 	0.0951 	0.0982 	0.0975 	0.0979 	0.0952 	0.0954 p
S,E7000,MWH70000-149999,KWH,X_TAX,NAC,NL	0.0702 	0.069 	0.0746 	0.0754 	0.0847 	0.0786 	0.0704 	0.0722 	0.0693 	0.074 	0.0677 	0.0697 	0.0713 	0.0767 	0.0711 	0.0704 	0.0672 	0.0666 	0.0584 	0.0579 	0.0440 	0.0440 	0.0460 	0.0520 	0.0540 	0.0510 	0.0543 	0.0561 	0.0514 	0.0677 	0.1258 	0.1464 	0.2132 	0.2233 	0.1617 	0.1468 	0.1195 
S,E7000,MWH70000-149999,KWH,X_TAX,NAC,NO	: 	0.154 	0.179 	0.2907 	0.265 	0.2689 	0.3683 	0.2659 	0.3491 	0.3194 	0.2641 	0.2644 	0.3134 	0.3371 	0.2676 	0.302 	0.245 	0.2591 	0.2932 	0.3291 	0.3302 	0.3403 	0.3958 	0.4864 	0.4443 	0.4321 	0.1554 	0.1720 	0.3907 	0.5934 	1.0296 	1.5122 	0.8085 	0.5835 	0.5699 	0.5187 	0.5174 
S,E7000,MWH70000-149999,KWH,X_TAX,NAC,PL	: 	0.1621 	0.2133 	0.2359 	0.309 	0.2858 	0.2908 	0.2859 	0.2929 	0.2871 	0.2899 	0.2969 	0.2702 	0.2599 	0.2349 	0.2336 	0.2556 	0.2441 	0.2398 	0.2396 	0.1945 	0.1926 	0.1875 	0.2009 	0.2775 	0.2266 	0.2390 	0.2374 	0.2295 	0.2446 	0.3767 	0.4454 	0.6422 	0.5552 	0.3544 	0.4249 	0.3582 
S,E7000,MWH70000-149999,KWH,X_TAX,NAC,PT	: 	0.0497 	0.0498 	0.0505 	0.0635 	0.0516 	0.0503 	0.0563 	0.061 	0.0601 	0.0793 	0.0754 	0.0748 	0.0773 	0.0633 	0.0697 	0.0655 	0.0706 	0.0493 	0.0603 	0.064 	0.0646 	0.0590 	0.0634 	0.0663 	0.0627 	0.0520 	0.0543 	0.0599 	0.1032 	0.1672 	0.1491 	0.1093 	0.0996 	0.0783 	0.1037 	0.0917 
S,E7000,MWH70000-149999,KWH,X_TAX,NAC,RO	: 	0.191 	0.2263 	0.2024 	0.251 	0.2426 	0.2451 	0.2389 	0.2468 	0.2637 	0.2746 	0.2494 	0.2988 	0.273 	0.2513 	0.2461 	0.2281 	0.2232 	0.2087 	0.23 	0.2289 	0.2435 	0.2563 	0.2931 	0.3293 	0.3493 	0.3649 	0.3354 	0.3509 	0.5415 	0.8414 d	1.3272 d	0.7898 	0.7529 	0.6681 	0.7271 	0.6468 
S,E7000,MWH70000-149999,KWH,X_TAX,NAC,RS	: 	: 	: 	: 	: 	: 	: 	: 	: 	: 	: 	: 	5.0429 	5.381 	5.4021 	7.1338 	5.8523 	6.273 	6.234 	4.9819 	5.749 	7.0132 	6.5405 	6.4974 	7.3736 	7.4540 	6.5404 	6.9377 	6.8095 	7.1551 	8.2636 	8.7179 	13.1620 	14.4989 	14.2844 	11.2015 	11.7838 
S,E7000,MWH70000-149999,KWH,X_TAX,NAC,SE	0.421 	0.471 	0.52 	0.609 	0.533 	0.516 	0.631 	0.606 	0.597 	0.5018 	0.4739 	0.4133 	0.4643 	0.4582 	0.4318 	0.4213 	0.3794 	0.3224 	0.352 	0.4235 	0.3758 	0.3855 	0.3871 	0.4614 	0.5242 	0.4673 	0.3969 	0.4416 	0.5111 	0.8531 	0.8696 	1.3509 	0.9452 	0.7742 	0.7461 	0.6701 	0.7519 
S,E7000,MWH70000-149999,KWH,X_TAX,NAC,SI	: 	0.0645 	0.0624 	0.0741 	0.0674 	0.0733 	0.066 	0.0659 	0.0677 	0.0658 	0.0641 	0.0635 	0.0631 	0.0623 	0.0588 	0.0586 	0.0557 	0.0562 	0.0514 	0.0517 	0.05 	0.0524 	0.0500 	0.0531 	0.0546 	0.0546 	0.0584 	0.0594 	0.0614 	0.0825 	0.1466 	0.1833 	0.1864 	0.1678 	0.1424 	0.1502 	0.1221 
S,E7000,MWH70000-149999,KWH,X_TAX,NAC,SK	: 	2.46 	2.84 	2.84 	0.0945 	0.1004 	0.0926 	0.094 	0.09 	0.0924 	0.097 	0.0922 	0.0968 	0.1057 	0.0865 	0.0852 	0.093 	0.0881 	0.0755 	0.0857 	0.0521 	0.0571 	0.0552 	0.0625 	0.0622 	0.0626 	0.0644 	0.0679 	0.0717 	0.0961 	0.1717 	0.2055 	0.1928 	0.1662 	0.1237 	0.1384 	0.1217 
S,E7000,MWH70000-149999,KWH,X_TAX,NAC,TR	: 	0.0953 	0.1 	0.127 	0.1322 	0.1368 	0.1397 	0.1394 	0.1286 	0.1377 	0.1532 	0.1703 	0.1794 	0.1746 	0.1745 	0.1848 	0.1719 	0.1731 	0.1883 	0.209 	0.1992 	0.1981 	0.2293 	0.3418 	0.3550 	0.4073 	0.4382 	0.4332 	0.4966 	0.7840 	1.7609 	3.2326 	2.4969 	2.4758 	2.5576 	2.8976 	2.9584 
S,E7000,MWH70000-149999,KWH,X_TAX,NAC,UA	: 	: 	: 	: 	: 	: 	: 	: 	: 	: 	: 	: 	: 	: 	: 	: 	: 	: 	: 	: 	1.58 	1.58 d	1.7200 	1.7439 	1.8907 	1.6734 	1.3508 	1.4790 	1.7127 	: 	: 	: 	: 	: 	: 	: 	: 
S,E7000,MWH70000-149999,KWH,X_TAX,NAC,UK	0.0587 	0.0587 	0.0664 	0.079 	0.0851 	0.0747 	0.0683 	0.065 	0.0702 	0.0688 	0.0735 	0.0802 	0.0874 	0.0861 	0.091 	0.0909 	0.0768 	0.0759 	0.0708 	0.0727 	0.086 	0.0851 	0.0806 	0.0818 	0.0716 	0.0699 	0.0711 	: 	: 	: 	: 	: 	: 	: 	: 	: 	: 
S,E7000,MWH70000-149999,KWH,X_TAX,NAC,XK	: 	: 	: 	: 	: 	: 	: 	: 	: 	: 	: 	: 	: 	: 	: 	: 	: 	: 	0.0426 	0.0424 	: 	: 	: 	: 	: 	: 	: 	: @C	: 	: @C	: 	: 	: 	: @C	: 	: 	: 
S,E7000,MWH70000-149999,KWH,X_TAX,PPS,AL	: 	: 	: 	: 	: 	: 	: 	: 	: 	: 	: 	: 	: 	: 	: 	: 	: 	: 	: 	: 	: 	: 	: 	: 	0.2092 e	: 	0.2017 e	0.2017 e	0.1990 e	0.1990 e	0.1998 	0.1998 	0.2010 e	0.2014 e	0.2036 	0.2048 e	0.2253 
S,E7000,MWH70000-149999,KWH,X_TAX,PPS,AT	: 	0.056 	0.0561 	0.0674 	0.0666 	0.0674 	0.0653 	0.0648 	0.0619 	0.0636 	0.0606 	0.0586 	0.055 	0.0538 	0.0487 	0.0496 	0.0451 	0.0471 	0.043 	0.0439 	0.04 	0.0392 	0.0417 	0.0467 	0.0512 	0.0515 	0.0519 	0.0534 	0.0601 	0.0830 	0.1393 	0.1738 	0.1587 	0.1545 	0.1139 	0.1157 	0.1063 
S,E7000,MWH70000-149999,KWH,X_TAX,PPS,BA	: 	: 	: 	: 	: 	: 	: 	: 	: 	: 	: 	: 	: 	: 	: 	: 	0.0715 	0.0731 	0.0722 	0.0962 	0.0683 	0.0676 	0.0673 	0.0671 	0.0767 	0.0786 	0.0900 	0.0900 	0.0901 	0.1163 	0.1344 	0.1565 	0.1376 	0.1351 	0.1365 	0.1449 	0.1434 
S,E7000,MWH70000-149999,KWH,X_TAX,PPS,BE	: 	0.0521 	0.0596 	0.0622 	0.0691 	0.0621 	0.0579 	0.0609 	0.0603 	0.0653 	0.0618 	0.0615 	0.047 	0.0589 	0.0556 	0.0565 	0.0537 	0.053 	0.0477 	0.0566 	0.044 	0.04 	0.0410 	0.0503 	0.0478 	0.0468 	0.0478 	0.0455 	0.0519 	0.0778 	0.1030 	0.1220 	0.1277 	0.0946 	0.0880 	0.0902 	0.0933 
S,E7000,MWH70000-149999,KWH,X_TAX,PPS,BG	: 	0.0956 	0.0813 	0.1052 	0.1041 	0.1052 	0.1026 	0.1109 	0.103 	0.0993 	0.1074 	0.1246 	0.1161 	0.1047 	0.1176 	0.107 	0.11 	0.1281 	0.1392 	0.1217 	0.1039 	0.1134 	0.1216 	0.1158 	0.1271 	0.1264 	0.1208 	0.1154 	0.1178 	0.2771 	0.3691 	0.5049 	0.2040 	0.1861 	0.1444 	0.2209 	0.1952 
S,E7000,MWH70000-149999,KWH,X_TAX,PPS,CY	: 	0.1294 	0.1369 	0.1745 	0.1108 	0.1344 	0.1446 	0.158 	0.1508 	0.1901 	0.2134 	0.2166 	0.1952 	0.1701 	0.1643 	0.1611 	0.1193 	0.1073 	0.0832 	0.0989 	0.1177 	0.1131 	0.1143 	0.1556 	0.1161 	0.1311 	0.1102 	0.0000 	0.0976 	0.1315 	0.1699 	0.0000 	0.0000 	0.0000 	0.1782 	0.1859 	0.0000 
S,E7000,MWH70000-149999,KWH,X_TAX,PPS,CZ	: 	0.1065 	0.1139 	0.1139 	0.1261 	0.1261 	0.1249 	0.1247 	0.1311 	0.1315 	0.1392 	0.1405 	0.1446 	0.1432 	0.1229 	0.1216 	0.1163 	0.1171 	0.104 	0.1048 	0.0934 	0.0915 	0.0885 	0.0887 	0.0864 	0.0878 	0.0883 	0.0859 	0.0836 	0.0873 	0.1958 	0.2748 	0.2539 	0.2248 	0.1924 	0.1912 	0.1969 
S,E7000,MWH70000-149999,KWH,X_TAX,PPS,DE	0.0664 	0.0705 	0.0747 	0.0727 	0.0724 	0.0687 	0.0633 	0.0681 	0.0689 	0.0704 	0.0632 	0.0621 	0.0605 	0.0591 	0.0562 	0.0584 	0.0545 	0.0519 	0.0435 	0.0395 	0.042 	0.04 	0.0421 	0.0441 	0.0493 	0.0405 	0.0393 	0.0443 	0.0471 	0.0659 	0.1094 	0.1556 	0.1347 	0.1372 	0.1135 	0.1173 	0.1151 
S,E7000,MWH70000-149999,KWH,X_TAX,PPS,DK	: 	0.0519 	0.0476 	0.0566 	0.0387 	0.0402 	0.0476 	0.0508 	0.052 	0.0453 	0.0411 	0.0397 	0.0423 	0.0406 	0.0371 	0.039 	0.0349 	0.0338 	0.033 	0.0372 	0.0349 	0.0362 	0.0385 	0.0408 	0.0401 	0.0397 	0.0301 	0.0413 	0.0491 	0.0931 	0.1264 	0.1809 	0.0989 	0.0854 	0.0738 	0.0837 	0.0916 
S,E7000,MWH70000-149999,KWH,X_TAX,PPS,EA	: 	0.0587 	0.067 	0.0694 	0.0685 	0.0639 	0.0639 	0.066 	0.0659 	0.0664 	0.067 	0.067 	0.0639 	0.0646 	0.061 	0.0621 	0.0606 	0.0596 	0.051 	0.0521 	0.0517 	0.0500 	0.0521 	0.0571 	0.0597 	0.0547 	0.0507 	0.0542 	0.0604 	0.0945 	0.1543 	0.1903 	0.1492 	0.1379 	0.1050 	0.1137 	0.1114 
S,E7000,MWH70000-149999,KWH,X_TAX,PPS,EE	: 	0.0489 	0.0473 	0.051 	0.0578 	0.0557 	0.0537 	0.075 	0.0799 	0.0832 	0.0838 	0.0908 	0.083 	0.0793 	0.0824 	0.0753 	0.0786 	0.0771 	0.0766 	0.078 	0.0651 	0.0721 	0.0722 	0.0782 	0.0801 	0.0759 	0.0634 	0.0709 	0.0799 	0.1465 	0.1587 	0.2362 	0.1789 	0.1567 	0.1265 	0.1327 	0.1237 
S,E7000,MWH70000-149999,KWH,X_TAX,PPS,EL	: 	0.0676 	0.0723 	0.074 	0.0676 	0.0619 	0.0636 	0.0661 	0.0592 	0.0552 	0.0539 	0.0636 	0.0695 	0.0663 	0.0585 	0.0492 	0.0528 	0.0509 	0.0646 	0.0602 	: @C	: @C	: @C	: @C	: @C	: @C	: @C	: @C	: @C	: @C	: @C	: @C	: @C	0.1589 	0.1195 	0.1754 	0.1789 
S,E7000,MWH70000-149999,KWH,X_TAX,PPS,ES	: 	0.0588 	0.0616 	0.0749 	0.0734 	0.0716 	0.0684 	0.0679 	0.0726 	0.0743 	0.0797 	0.081 	0.0736 	0.0802 	0.0761 	0.0823 	0.0805 	0.0847 	0.0717 	0.0748 	0.0755 	0.0734 	0.0742 	0.0843 	0.0731 d	0.0644 	0.0553 	0.0591 	0.0654 	0.1171 	0.2080 	0.2058 	0.1197 	0.1086 	0.0809 	0.0926 	0.1064 
S,E7000,MWH70000-149999,KWH,X_TAX,PPS,EU27_2020	: 	: 	: 	: 	: 	: 	: 	: 	: 	: 	: 	: 	: 	: 	: 	: 	: 	: 	: 	: 	0.0554 	0.0543 	0.0559 	0.0611 	0.0657 	0.0604 	0.0569 	0.0597 	0.0649 	0.0984 	0.1572 	0.2001 	0.1595 	0.1453 	0.1094 	0.1199 	0.1153 
S,E7000,MWH70000-149999,KWH,X_TAX,PPS,FI	0.0351 	0.036 	0.0414 	0.0456 	0.0431 	0.0416 	0.0484 	0.0458 	0.0468 	0.045 	0.0429 	0.0428 	0.0418 	0.0427 	0.0393 	0.0392 	0.0356 	0.0346 	0.0332 	0.0383 	0.0351 	0.0357 	0.0378 	0.0384 	0.0394 	0.0411 	0.0320 	0.0372 	0.0409 	0.0595 	0.0701 	0.1213 	0.0664 	0.0524 	0.0592 d	0.0413 d	0.0427 
S,E7000,MWH70000-149999,KWH,X_TAX,PPS,FR	: 	0.0403 	0.0462 	0.0412 	0.0453 	0.0407 	0.0508 	0.0447 	0.0502 	0.0468 	0.0514 	0.0487 	0.05 	0.048 	0.0513 	0.0478 	0.052 	0.0502 	0.0467 	0.0472 	0.0431 	0.0414 	0.0461 	0.0466 	0.0510 	0.0495 	0.0493 	0.0501 	0.0556 	0.0787 	0.1117 	0.1237 	0.1114 	0.1149 	0.0660 	0.0721 	0.0693 
S,E7000,MWH70000-149999,KWH,X_TAX,PPS,HR	0.0592 	0.0613 	0.0591 	0.0775 	0.0762 	0.0781 	0.087 	0.0755 	0.0839 	0.0793 	0.0987 	0.0927 	0.0968 	0.105 	0.0868 	0.0827 	0.087 	0.0813 	0.0848 	0.113 	0.0726 	0.0727 	0.0877 	0.0896 	0.0916 	0.0920 	0.0956 	0.0939 	0.1010 	0.1315 	0.2148 	0.2608 	: @C	: @C	: @C	: @C	: @C
S,E7000,MWH70000-149999,KWH,X_TAX,PPS,HU	: 	0.092 	0.116 	0.1317 	0.1661 	0.139 	0.1351 	0.1359 	0.121 	0.1183 	0.1644 	0.1616 	0.1599 	0.1467 	0.1418 	0.1406 	0.1338 	0.1368 	0.1141 	0.1169 	0.0931 e	0.0955 	0.0914 	0.1058 	0.1045 	0.1067 	0.0974 	0.1038 	0.1007 	0.1684 	0.3007 	0.4773 	0.3796 	0.3069 	0.1937 	0.2441 	0.2035 
S,E7000,MWH70000-149999,KWH,X_TAX,PPS,IE	: 	0.0869 	: 	0.0824 	0.0737 	0.0648 	0.0504 	: 	0.0615 	: 	0.0772 	0.0874 	0.082 	0.0819 	0.0798 	0.0799 	0.0787 	0.0757 	0.0696 	0.0692 	0.0615 	0.0623 	0.0691 	0.0744 	0.0727 	0.0693 	0.0668 	0.0671 	0.0836 	0.1342 	0.1660 	0.1829 	0.2030 	0.1801 	0.1635 	0.1589 	0.1621 
S,E7000,MWH70000-149999,KWH,X_TAX,PPS,IS	: 	: 	: 	: 	: 	: 	: 	: 	: 	: 	: 	: 	: 	: 	: 	: 	: 	: 	: 	: 	: 	: 	: 	: 	: 	: @C	: 	: 	: 	: 	: 	: 	: 	: 	: 	: 	: 
S,E7000,MWH70000-149999,KWH,X_TAX,PPS,IT	: 	: 	: 	: 	: 	: 	: 	0.0914 	0.0802 	0.0802 	0.0877 	0.0911 	0.0811 	0.0819 	0.0708 	0.0761 	0.0673 	0.066 	0.0576 	0.0628 	0.0624 	0.0592 	0.0622 	0.0719 	0.0794 	0.0783 	0.0613 	0.0691 	0.0840 	0.1519 	0.2533 	0.3413 	0.2099 	0.1589 	0.1280 	0.1463 	0.1470 
S,E7000,MWH70000-149999,KWH,X_TAX,PPS,LT	: 	0.0966 	0.1001 	: 	: 	: 	: 	: 	: 	: 	: 	: 	: 	: 	: 	: 	0.0994 	0.1087 	0.0926 	0.0939 	0.0838 	0.08 	0.0789 	0.0842 	0.1063 	0.0000 	0.1047 	0.0955 	0.1036 	0.1426 	0.2538 	0.4009 	0.2656 	0.1915 	0.1490 	0.1950 	0.1173 
S,E7000,MWH70000-149999,KWH,X_TAX,PPS,LU	: 	: 	: 	: 	: 	: 	: 	: 	: 	: 	: @C	: @C	: @C	: @C	: @C	: @C	: @C	: @C	: @C	: @C	: @C	: @C	0.0275 	: @C	: @C	: @C	: @C	: @C	: @C	: @C	: @C	: @C	: @C	: @C	: @C	: @C	: @C
S,E7000,MWH70000-149999,KWH,X_TAX,PPS,LV	: 	0.0645 	0.0719 	0.0956 	0.107 	0.1043 	0.111 	0.1172 	0.1207 	0.1173 	0.1141 	0.0927 	0.1206 	0.0998 	0.1005 	0.0926 	0.0852 	0.0827 	0.0772 	0.0931 	0.0731 	0.077 	0.0646 	0.0693 	0.0725 	0.0773 	0.0699 	0.0634 	0.0742 	0.0932 	0.1684 	0.3586 	0.2156 	0.2057 	0.1867 	0.1395 	0.1212 
S,E7000,MWH70000-149999,KWH,X_TAX,PPS,ME	: 	: 	: 	: 	: 	: 	: 	: 	: @C	: @C	0.0945 	: @C	0.1024 	0.1024 	: 	: 	: 	: 	: 	: 	: 	: 	: 	: 	: 	: 	: 	: 	: 	: 	0.0907 	0.0919 	: 	: 	: 	: 	0.0000 
S,E7000,MWH70000-149999,KWH,X_TAX,PPS,MK	: 	: 	: 	: 	: 	: 	: 	: 	: 	: 	: 	0.1378 	0.1215 	0.1305 	0.1171 	: @C	0.1318 	0.1349 	0.1237 	0.1408 	: @C	: 	0.1195 	0.1634 	0.1465 	0.1678 	0.1182 	0.1192 	0.1401 	0.3882 	0.5048 	0.6724 	0.2505 	0.2313 	0.1708 	0.1945 	0.1799 
S,E7000,MWH70000-149999,KWH,X_TAX,PPS,MT	: 	: 	0.081 	0.1845 	0.1691 	0.1182 	0.1793 	0.1917 	0.1812 	0.1878 	0.18 	0.1996 	0.1769 	0.1821 	0.1709 	0.1559 	0.1419 	0.1233 	0.1237 	0.1232 	0.1146 	0.1144 	0.1107 	0.1104 	0.1110 	0.1149 	0.1218 	0.1087 	0.1089 	0.1108 	0.1094 	0.1073 	0.1095 	0.1087 	0.1078 	0.1049 	0.1049 p
S,E7000,MWH70000-149999,KWH,X_TAX,PPS,NL	0.0664 	0.0653 	0.0692 	0.0699 	0.0757 	0.0703 	0.0632 	0.0649 	0.063 	0.0672 	0.0618 	0.0636 	0.0652 	0.0701 	0.065 	0.0643 	0.0619 	0.0614 	0.0538 	0.0536 	0.0386 	0.0386 	0.0402 	0.0454 	0.0458 	0.0432 	0.0466 	0.0481 	0.0443 	0.0583 	0.1075 	0.1251 	0.1814 	0.1900 	0.1380 	0.1252 	0.1020 
S,E7000,MWH70000-149999,KWH,X_TAX,PPS,NO	: 	0.0142 	0.016 	0.0259 	0.0223 	0.0226 	0.0312 	0.0225 	0.0293 	0.0268 	0.0225 	0.0225 	0.0257 	0.0277 	0.0214 	0.0241 	0.0196 	0.0206 	0.0228 	0.0254 	0.0236 	0.0243 	0.0280 	0.0344 	0.0306 	0.0297 	0.0103 	0.0114 	0.0258 	0.0409 	0.0710 	0.1054 	0.0592 	0.0430 	0.0401 	0.0366 	0.0358 
S,E7000,MWH70000-149999,KWH,X_TAX,PPS,PL	: 	0.0714 	0.0898 	0.0993 	0.1247 	0.1153 	0.1219 	0.1199 	0.1209 	0.1185 	0.1202 	0.1231 	0.112 	0.1077 	0.097 	0.0965 	0.1056 	0.1015 	0.1014 	0.1014 	0.0766 	0.0759 	0.0728 	0.0780 	0.1056 	0.0863 	0.0892 	0.0886 	0.0856 	0.0889 	0.1298 	0.1535 	0.2230 	0.1928 	0.1155 	0.1385 	0.1157 
S,E7000,MWH70000-149999,KWH,X_TAX,PPS,PT	: 	0.0611 	0.0599 	0.0608 	0.0754 	0.0613 	0.0607 	0.068 	0.0743 	0.0732 	0.0995 	0.0946 	0.0959 	0.0991 	0.0814 	0.0896 	0.0842 	0.0906 	0.0633 	0.0771 	0.0763 	0.0771 	0.0700 	0.0753 	0.0789 	0.0747 	0.0611 	0.0638 	0.0704 	0.1205 	0.1952 	0.1741 	0.1278 	0.1181 	0.0946 	0.1260 	0.1112 
S,E7000,MWH70000-149999,KWH,X_TAX,PPS,RO	: 	0.1025 	0.1107 	0.099 	0.1192 	0.1152 	0.1176 	0.1146 	0.117 	0.125 	0.1293 	0.1174 	0.1356 	0.1239 	0.11 	0.1077 	0.0998 	0.1013 	0.0947 	0.1055 	0.0974 	0.1036 	0.1040 	0.1189 	0.1308 	0.1387 	0.1428 	0.1313 	0.1373 	0.2070 	0.3051 d	0.4812 d	0.2864 	0.2730 	0.2376 	0.2565 	0.2180 
S,E7000,MWH70000-149999,KWH,X_TAX,PPS,RS	: 	: 	: 	: 	: 	: 	: 	: 	: 	: 	: 	: 	0.0916 	0.0978 	0.095 	0.1254 	0.1029 	0.1167 	0.1144 	0.092 	0.0967 	0.118 	0.1083 	0.1075 	0.1202 	0.1215 	0.1046 	0.1110 	0.1089 	0.1117 	0.1291 	0.1364 	0.1952 	0.2118 	0.1988 	0.1569 	0.1639 
S,E7000,MWH70000-149999,KWH,X_TAX,PPS,SE	0.0384 	0.043 	0.0463 	0.0542 	0.045 	0.0435 	0.0535 	0.0514 	0.0509 	0.0428 	0.0409 	0.0356 	0.0398 	0.0393 	0.0364 	0.0356 	0.032 	0.0269 	0.0294 	0.0354 	0.0292 	0.0299 	0.0296 	0.0353 	0.0397 	0.0354 	0.0300 	0.0334 	0.0389 	0.0648 	0.0661 	0.1027 	0.0701 	0.0573 	0.0549 	0.0496 	0.0559 
S,E7000,MWH70000-149999,KWH,X_TAX,PPS,SI	: 	0.0832 	0.0768 	0.0913 	0.0787 	0.0856 	0.0785 	0.0784 	0.081 	0.0788 	0.0792 	0.0785 	0.0784 	0.0774 	0.0736 	0.0733 	0.0697 	0.0703 	0.0653 	0.066 	0.0602 	0.0631 	0.0597 	0.0634 	0.0652 	0.0652 	0.0695 	0.0707 	0.0730 	0.0973 	0.1729 	0.2158 	0.2169 	0.1978 	0.1645 	0.1744 	0.1399 
S,E7000,MWH70000-149999,KWH,X_TAX,PPS,SK	: 	0.1084 	0.1329 	0.1329 	0.1391 	0.1477 	0.1385 	0.1406 	0.131 	0.1345 	0.142 	0.135 	0.1425 	0.1556 	0.1298 	0.1279 	0.1396 	0.1356 	0.1154 	0.1319 	0.0693 	0.0759 	0.0719 	0.0814 	0.0790 	0.0795 	0.0800 	0.0843 	0.0891 	0.1187 	0.2122 	0.2554 	0.2327 	0.2096 	0.1527 	0.1729 	0.1518 
S,E7000,MWH70000-149999,KWH,X_TAX,PPS,TR	: 	0.0895 	0.0878 	0.1115 	0.109 	0.1128 	0.1134 	0.1131 	0.0978 	0.1048 	0.1108 	0.1231 	0.1218 	0.1186 	0.11 	0.1165 	0.1083 	0.1108 	0.1134 	0.1257 	0.0988 	0.0983 	0.0952 	0.1419 	0.1258 	0.1443 	0.1333 	0.1317 	0.1510 	0.1881 	0.4225 	0.4457 	0.3365 	0.3337 	0.2294 	0.1601 	0.1635 
S,E7000,MWH70000-149999,KWH,X_TAX,PPS,UK	0.0738 	0.0738 	0.0797 	0.0948 	0.0976 	0.0857 	0.0754 	0.0718 	0.0757 	0.0742 	0.0804 	0.0877 	0.0945 	0.0931 	0.0971 	0.097 	0.0833 	0.0823 	0.0768 	0.0788 	0.0863 	0.0854 	0.0799 	0.0811 	0.0703 	0.0686 	0.0690 	: 	: 	: 	: 	: 	: 	: 	: 	: 	: 
S,E7000,MWH70000-149999,KWH,X_VAT,EUR,AL	: 	: 	: 	: 	: 	: 	: 	: 	: 	: 	: 	: 	: 	: 	: 	: 	: 	: 	: 	: 	: 	: 	: 	: 	0.1040 e	: 	0.1037 e	0.1036 e	0.1039 e	0.1053 e	0.1057 	0.1097 	0.1135 e	0.1223 e	0.1252 	0.1292 e	0.1420 
S,E7000,MWH70000-149999,KWH,X_VAT,EUR,AT	: 	0.0751 	0.0763 	0.0886 	0.0919 	0.0919 	0.0894 	0.0888 	0.0859 	0.0859 	0.0827 	0.0821 	0.0803 	0.0787 	0.0722 	0.0728 	0.0693 	0.0713 	0.0649 	0.0653 	0.0671 	0.0651 	0.0677 	0.0730 	0.0782 	0.0786 	0.0827 	0.0828 	0.0925 	0.1192 	0.1768 	0.2011 e	0.1821 e	0.1768 e	0.1330 e	0.1357 e	0.1415 e
S,E7000,MWH70000-149999,KWH,X_VAT,EUR,BA	: 	: 	: 	: 	: 	: 	: 	: 	: 	: 	: 	: 	: 	: 	: 	: 	0.0346 	0.0345 	0.0341 	0.0455 	0.0359 	0.0357 	0.0369 	0.0368 	0.0421 	0.0442 	0.0500 	0.0500 	0.0494 	0.0634 	0.0732 	0.0843 	0.0752 	0.0753 	0.0749 	0.0800 	0.0851 
S,E7000,MWH70000-149999,KWH,X_VAT,EUR,BE	: 	0.0615 	0.0725 	0.0741 	0.0849 	0.0766 	0.0716 	0.0749 	0.075 	0.081 	0.0771 	0.075 	0.0591 	0.0729 	0.0684 	0.07 	0.0671 	0.0635 	0.0565 	0.0688 	0.0566 	0.0574 	0.0599 	0.0723 	0.0654 	0.0652 	0.0654 	0.0628 	0.0720 	0.1006 	0.1265 	0.1476 	0.1508 	0.1158 	0.1114 	0.1130 	0.1155 
S,E7000,MWH70000-149999,KWH,X_VAT,EUR,BG	: 	0.0389 	0.0353 	0.0455 	0.0481 	0.0476 	0.0465 	0.0502 	0.0498 	0.048 	0.0515 	0.0596 	0.0562 	0.0508 	0.0565 	0.0515 	0.0529 	0.0602 	0.0652 	0.0574 	0.0533 	0.0581 	0.0636 	0.0606 	0.0686 	0.0683 	0.0661 	0.0632 	0.0749 	0.1364 	0.1392 	0.1209 	0.1122 	0.1122 	0.0882 	0.1099 	0.1034 
S,E7000,MWH70000-149999,KWH,X_VAT,EUR,CY	: 	0.1152 	0.1223 	0.1552 	0.1007 	0.1217 	0.1305 	0.1476 	0.1458 	0.1818 	0.2007 	0.2046 	0.1818 	0.16 	0.1521 	0.1489 	0.1127 	0.107 	0.083 	0.0959 	0.1189 	0.1143 	0.1190 	0.1505 	0.1372 	0.1510 	0.1266 	0.0000 	0.1298 	0.1793 	0.2284 	0.0000 	0.0000 	0.0000 	0.2210 	0.2335 	0.0000 
S,E7000,MWH70000-149999,KWH,X_VAT,EUR,CZ	: 	0.0668 	0.0837 	0.0854 	0.087 	0.0916 	0.0899 	0.0928 	0.0967 	0.0952 	0.0988 	0.0999 	0.1009 	0.0978 	0.0801 	0.0787 	0.0757 	0.0765 	0.0675 	0.0675 	0.0641 	0.0651 	0.0644 	0.0639 	0.0700 	0.0710 	0.0712 	0.0689 	0.0701 	0.0748 	0.1597 	0.2193 	0.2142 	0.1844 	0.1672 	0.1667 	0.1725 
S,E7000,MWH70000-149999,KWH,X_VAT,EUR,DE	0.0757 	0.0824 	0.0859 	0.0853 	0.0877 	0.0861 	0.0824 	0.0902 	0.1013 	0.1 	0.0931 	0.0921 	0.1064 	0.0971 	0.1063 	0.1033 	0.1012 	0.0939 	0.0796 	0.0877 	0.1062 	0.093 	0.0884 	0.0908 	0.0931 	0.0925 	0.1007 	0.1122 	0.1149 	0.1347 	0.1634 	0.1886 	0.1686 	0.1720 	0.1394 	0.1430 	0.1447 
S,E7000,MWH70000-149999,KWH,X_VAT,EUR,DK	: 	0.0797 	0.0822 	0.0927 	0.0754 	0.0813 	0.0836 	0.0855 	0.0874 	0.0809 	0.0841 	0.0871 	0.09 	0.0866 	0.0785 	0.0832 	0.0762 	0.0762 	0.0786 	0.0777 	0.0681 	0.0685 	0.0718 	0.0680 	0.0604 	0.0590 	0.0470 	0.0622 	0.0727 	0.1250 	0.1702 	0.2430 	0.1321 	0.1149 	0.0988 	0.1125 	0.1208 
S,E7000,MWH70000-149999,KWH,X_VAT,EUR,EA	0.0715 	0.0655 	0.0759 	0.0793 	0.0793 	0.0747 	0.0754 	0.0787 	0.0828 	0.0825 	0.084 	0.0842 	0.0869 	0.0841 	0.0853 	0.0843 	0.0835 	0.0798 	0.0703 	0.0748 	0.0793 	0.0736 	0.0720 	0.0761 	0.0793 	0.0775 	0.0757 	0.0804 	0.0867 	0.1206 	0.1722 	0.2017 	0.1619 	0.1507 	0.1171 	0.1245 	0.1238 
S,E7000,MWH70000-149999,KWH,X_VAT,EUR,EE	: 	0.0345 	0.0378 	0.0396 	0.0445 	0.0461 	0.0447 	0.0594 	0.0655 	0.0615 	0.0631 	0.0695 	0.0737 	0.0698 	0.0721 	0.0679 	0.0716 	0.0692 	0.0698 	0.0696 	0.0655 	0.0704 	0.0702 	0.0750 	0.0789 	0.0755 	0.0661 	0.0692 	0.0764 	0.1323 	0.1423 	0.2059 	0.1719 	0.1529 	0.1256 	0.1338 	0.1232 
S,E7000,MWH70000-149999,KWH,X_VAT,EUR,EL	: 	0.0599 	0.0649 	0.0664 	0.0627 	0.0636 	0.0651 	0.0742 	0.0624 	0.0587 	0.0578 	0.067 	0.0701 	0.0659 	0.0578 	0.0497 	0.0527 	0.0468 	0.0629 	0.0588 	: @C	: @C	: @C	: @C	: @C	: @C	: @C	: @C	: @C	: @C	: @C	: @C	: @C	0.1377 	0.1043 	0.1496 	0.1533 
S,E7000,MWH70000-149999,KWH,X_VAT,EUR,ES	: 	0.0553 	0.0595 	0.0725 	0.0728 	0.0709 	0.0676 	0.0671 	0.0712 	0.0729 	0.0758 	0.077 	0.0696 	0.0759 	0.0716 	0.0774 	0.0756 	0.0797 	0.0667 	0.0703 	0.073 	0.0708 	0.0727 	0.0827 	0.0779 	0.0709 	0.0613 	0.0649 	0.0689 	0.1262 	0.2008 	0.2082 	0.1155 	0.1033 	0.0812 	0.0880 	0.1001 
S,E7000,MWH70000-149999,KWH,X_VAT,EUR,EU27_2020	0.0674 	0.0642 	0.0739 	0.0776 	0.0772 	0.0734 	0.0749 	0.0776 	0.0812 	0.0799 	0.0817 	0.0818 	0.0841 	0.0812 	0.0812 	0.0801 	0.0794 	0.0759 	0.0679 	0.0718 	0.0750 	0.0705 	0.0693 	0.0735 	0.0779 	0.0750 	0.0738 	0.0776 	0.0836 	0.1154 	0.1644 	0.1965 	0.1627 	0.1507 	0.1186 	0.1264 	0.1240 
S,E7000,MWH70000-149999,KWH,X_VAT,EUR,FI	0.043 	0.044 	0.0512 	0.0562 	0.0543 	0.0525 	0.0604 	0.0573 	0.0633 	0.0611 	0.0589 	0.0586 	0.0585 	0.0598 	0.0559 	0.0558 	0.0514 	0.0499 	0.0476 	0.0535 	0.0506 	0.0515 	0.0545 	0.0553 	0.0565 	0.0587 	0.0475 	0.0540 	0.0523 	0.0746 	0.0880 	0.1519 	0.0829 	0.0656 	0.0717 	0.0503 	0.0519 
S,E7000,MWH70000-149999,KWH,X_VAT,EUR,FR	: 	0.0516 	0.0604 	0.054 	0.0608 	0.0537 	0.0621 	0.0546 	0.0631 	0.056 	0.0659 	0.0569 	0.066 	0.0549 	0.0668 	0.0547 	0.0661 	0.0556 	0.0542 	0.0547 	0.0528 	0.0517 	0.0581 	0.0578 	0.0604 	0.0578 	0.0588 	0.0596 	0.0658 	0.0883 	0.1231 	0.1348 	0.1219 	0.1265 	0.0733 	0.0818 	0.0808 
S,E7000,MWH70000-149999,KWH,X_VAT,EUR,GE	: 	: 	: 	: 	: 	: 	: 	: 	: 	: 	: 	: 	: 	: 	: 	: 	: 	: 	: 	: 	: 	: 	: 	0.0494 	0.0461 	: 	: 	: 	: 	: 	: 	: 	: 	: 	0.0000 	0.0000 	0.0000 
S,E7000,MWH70000-149999,KWH,X_VAT,EUR,HR	0.0381 	0.041 	0.0413 	0.0543 	0.0542 	0.0562 	0.0621 	0.0536 	0.0575 	0.0537 	0.0638 	0.0603 	0.0622 	0.0693 	0.0575 	0.0552 	0.0591 	0.0533 	0.0544 	0.0733 	0.0504 	0.0479 	0.0588 	0.0600 	0.0647 	0.0648 	0.0668 	0.0659 	0.0696 	0.0904 	0.1461 	0.1775 	: @C	: @C	: @C	: @C	: @C
S,E7000,MWH70000-149999,KWH,X_VAT,EUR,HU	: 	0.0721 	0.0781 	0.0897 	0.0976 	0.0877 	0.084 	0.0822 	0.0764 	0.0737 	0.0996 	0.1022 	0.0984 	0.0909 	0.0885 	0.0868 	0.0849 	0.0854 	0.0717 	0.0736 	0.073 e	0.0742 	0.0700 	0.0757 	0.0805 	0.0787 	0.0774 	0.0754 	0.0758 	0.1122 	0.1940 	0.3009 	0.2601 	0.2114 	0.1578 	0.1774 	0.1602 
S,E7000,MWH70000-149999,KWH,X_VAT,EUR,IE	: 	0.1026 	: 	0.1004 	0.0874 	0.0788 	0.0562 	: 	0.0687 	: 	0.0869 	0.0978 	0.0924 	0.0929 	0.0919 	0.0926 	0.0924 	0.0876 	0.0807 	0.078 	0.0797 	0.0805 	0.0915 	0.0965 	0.0920 	0.0877 	0.0846 	0.0872 	0.1082 	0.1670 	0.2006 	0.2209 	0.2397 	0.2030 	0.1966 	0.1903 	0.1971 
S,E7000,MWH70000-149999,KWH,X_VAT,EUR,IS	: 	: 	: 	: 	: 	: 	: 	: 	: 	: 	: 	: 	: 	: 	: 	: 	: 	: 	: 	: 	: 	: 	: 	: 	: 	: @C	: 	: 	: 	: 	: 	: 	: 	: 	: 	: 	: 
S,E7000,MWH70000-149999,KWH,X_VAT,EUR,IT	: 	: 	0.102 	0.114 	0.098 	0.0888 	0.0942 	0.1073 	0.0982 	0.1033 	0.1117 	0.1236 	0.1136 	0.1162 	0.1049 	0.1153 	0.1044 	0.1065 	0.0909 	0.0956 	0.0909 	0.0834 	0.0710 	0.0755 	0.0897 	0.0949 	0.0698 	0.0770 	0.0902 	0.1540 	0.2500 	0.3340 	0.2074 	0.1587 	0.1316 	0.1492 	0.1460 
S,E7000,MWH70000-149999,KWH,X_VAT,EUR,LI	: 	: 	: 	: 	: 	: 	: 	: 	: 	: 	: 	: 	: 	: 	: 	: 	: 	: 	: 	: 	0 	: 	: 	: 	: 	: 	: 	: 	: 	: 	: 	: 	: 	: 	: 	: 	: 
S,E7000,MWH70000-149999,KWH,X_VAT,EUR,LT	: 	0.0556 	0.063 	: 	: 	: 	: 	: 	: 	: 	: 	: 	: 	: 	: 	: 	0.0776 	0.0825 	0.0722 	0.0709 	0.0679 	0.0654 	0.0656 	0.0690 	0.0809 	0.0000 	0.0782 	0.0778 	0.0818 	0.1093 	0.1798 	0.2768 	0.1920 	0.1364 	0.1151 	0.1519 	0.0916 
S,E7000,MWH70000-149999,KWH,X_VAT,EUR,LU	: 	: 	: 	: 	: 	: 	: 	: 	: 	: 	: @C	: @C	: @C	: @C	: @C	: @C	: @C	: @C	: @C	: @C	: @C	: @C	0.0344 	: @C	: @C	: @C	: @C	: @C	: @C	: @C	: @C	: @C	: @C	: @C	: @C	: @C	: @C
S,E7000,MWH70000-149999,KWH,X_VAT,EUR,LV	: 	0.043 	0.052 	0.0683 	0.0729 	0.0712 	0.0726 	0.0766 	0.0806 	0.0785 	0.0785 	0.0816 	0.1012 	0.0959 	0.0957 	0.0903 	0.0852 	0.0826 	0.0782 	0.0885 	0.0784 	0.0811 	0.0643 	0.0678 	0.0714 	0.0754 	0.0695 	0.0649 	0.0672 	0.0832 	0.1255 	0.2731 	0.1676 	0.1660 	0.1523 	0.1241 	0.0945 
S,E7000,MWH70000-149999,KWH,X_VAT,EUR,MD	: 	: 	: 	: 	: 	: 	: 	: 	: 	: 	: 	: 	: 	: 	: 	: 	: 	: 	: 	: 	: 	: 	: 	: 	: 	: 	: 	: 	0.0587 	0.0598 	: 	: 	: 	: 	: 	: 	: 
S,E7000,MWH70000-149999,KWH,X_VAT,EUR,ME	: 	: 	: 	: 	: 	: 	: 	: 	: @C	: @C	0.0464 	: 	: 	: 	: 	: 	: 	: 	: 	: 	: 	: 	: 	: 	: 	: 	: 	: 	: 	: 	0.0478 	0.0474 	: 	: 	: 	: 	0.0000 
S,E7000,MWH70000-149999,KWH,X_VAT,EUR,MK	: 	: 	: 	: 	: 	: 	: 	: 	: 	: 	: 	0.0575 	0.0599 	0.0629 	0.0543 	: @C	0.0539 	0.0551 	0.051 	0.0587 	: @C	: 	0.0545 	0.0746 	0.0667 	0.0765 	0.0543 	0.0547 	0.0644 	0.1845 	0.2397 	0.3133 	0.1197 	0.1099 	0.0828 	0.0987 	0.0911 
S,E7000,MWH70000-149999,KWH,X_VAT,EUR,MT	: 	: 	0.0581 	0.1323 	0.123 	0.086 	0.131 	0.14 	0.137 	0.142 	0.138 	0.153 	0.138 	0.142 	0.137 	0.125 	0.1138 	0.0989 	0.0992 	0.0989 	0.0968 	0.0966 	0.0968 	0.0966 	0.0968 	0.1001 	0.1083 	0.0968 	0.0970 	0.0993 	0.0970 	0.0966 	0.0997 	0.0990 	0.0994 	0.0967 	0.0969 p
S,E7000,MWH70000-149999,KWH,X_VAT,EUR,NL	0.0734 	0.0708 	0.0795 	0.0782 	0.0876 	0.0791 	0.0734 	0.0727 	0.0725 	0.0745 	0.0705 	0.0702 	0.074 	0.0781 	0.0739 	0.0709 	0.0708 	0.0672 	0.0621 	0.0586 	0.0490 	0.0450 	0.0500 	0.0520 	0.0590 	0.0520 	0.0606 	0.0570 	0.0592 	0.0686 	0.1341 	0.1475 	0.2224 	0.2245 	0.1727 	0.1487 	0.1309 
S,E7000,MWH70000-149999,KWH,X_VAT,EUR,NO	: 	0.0322 	0.0357 	0.0466 	0.0419 	0.044 	0.0598 	0.047 	0.0589 	0.0556 	0.0499 	0.0512 	0.0571 	0.0561 	0.0473 	0.0505 	0.0441 	0.0434 	0.0481 	0.0534 	0.036 	0.0359 	0.0413 	0.0507 	0.0457 	0.0433 	0.0145 	0.0161 	0.0384 	0.0585 	0.1031 	0.1479 	0.0714 	0.0506 	0.0496 	0.0441 	0.0444 
S,E7000,MWH70000-149999,KWH,X_VAT,EUR,PL	: 	0.0612 	0.0668 	0.0724 	0.0735 	0.0731 	0.0777 	0.0767 	0.0792 	0.0716 	0.073 	0.0768 	0.0695 	0.0664 	0.061 	0.0605 	0.0666 	0.0625 	0.0595 	0.0596 	0.0652 	0.062 	0.0605 	0.0680 	0.0860 	0.0666 	0.0802 	0.0794 	0.0831 	0.0905 	0.1300 	0.1400 	0.2118 	0.1924 	0.1451 	0.1645 	0.1389 
S,E7000,MWH70000-149999,KWH,X_VAT,EUR,PT	: 	0.0579 	0.0605 	0.0612 	0.0642 	0.0544 	0.0516 	0.0589 	0.0698 	0.0705 	0.0834 	0.0815 	0.0816 	0.0818 	0.0761 	0.0838 	0.0786 	0.0847 	0.0665 	0.0814 	0.0814 	0.0821 	0.0816 	0.0877 	0.0835 	0.0820 	0.0734 	0.0734 	0.0796 	0.1235 	0.1515 	0.1251 	0.0586 	0.0822 	0.0812 	0.1140 	0.1011 
S,E7000,MWH70000-149999,KWH,X_VAT,EUR,RO	: 	0.0572 	0.0617 	0.0548 	0.0593 	0.0571 	0.0591 	0.0559 	0.0591 	0.0614 	0.0625 	0.0551 	0.068 	0.0614 	0.0677 	0.065 	0.0632 	0.0598 	0.0585 	0.0632 	0.0622 	0.0641 	0.0667 	0.0751 	0.0830 	0.0882 	0.0907 	0.0830 	0.0845 	0.1235 	0.1875 d	0.2853 d	0.1740 	0.1641 	0.1507 	0.1610 	0.1424 
S,E7000,MWH70000-149999,KWH,X_VAT,EUR,RS	: 	: 	: 	: 	: 	: 	: 	: 	: 	: 	: 	: 	0.0454 	0.0475 	0.0474 	0.0607 	0.0491 	0.0561 	0.0552 	0.0449 	0.0509 	0.064 	0.0603 	0.0599 	0.0680 	0.0691 	0.0608 	0.0644 	0.0664 	0.0696 	0.0797 	0.0867 	0.1281 	0.1405 	0.1386 	0.1104 	0.1139 
S,E7000,MWH70000-149999,KWH,X_VAT,EUR,SE	0.0462 	0.0513 	0.056 	0.0623 	0.0495 	0.0502 	0.065 	0.0657 	0.0673 	0.0556 	0.0539 	0.049 	0.055 	0.0528 	0.0488 	0.0461 	0.0412 	0.035 	0.0384 	0.0445 	0.0397 	0.0404 	0.0422 	0.0485 	0.0537 	0.0477 	0.0377 	0.0433 	0.0510 	0.0845 	0.0836 	0.1259 	0.0839 	0.0671 	0.0660 	0.0589 	0.0683 
S,E7000,MWH70000-149999,KWH,X_VAT,EUR,SI	: 	0.0679 	0.0645 	0.0776 	0.0695 	0.0758 	0.0725 	0.0749 	0.0766 	0.0727 	0.0707 	0.0702 	0.0739 	0.0715 	0.0665 	0.0663 	0.0635 	0.0624 	0.0567 	0.059 	0.0558 	0.0582 	0.0563 	0.0595 	0.0608 	0.0610 	0.0652 	0.0660 	0.0670 	0.0888 	0.1515 	0.1885 	0.1917 	0.1738 	0.1480 	0.1559 	0.1273 
S,E7000,MWH70000-149999,KWH,X_VAT,EUR,SK	: 	0.0734 	0.0881 	0.0943 	0.0952 	0.1011 	0.0939 	0.0953 	0.0943 	0.0967 	0.1013 	0.0966 	0.1012 	0.1102 	0.091 	0.0897 	0.0975 	0.0926 	0.08 	0.0902 	0.0898 	0.0948 	0.0928 	0.1007 	0.0987 	0.0991 	0.0988 	0.1023 	0.1063 	0.1307 	0.1945 	0.2283 	0.2266 	0.2000 	0.1465 	0.1612 	0.1494 
S,E7000,MWH70000-149999,KWH,X_VAT,EUR,TR	: 	0.0567 	0.0551 	0.0685 	0.0638 	0.0654 	0.0718 	0.0734 	0.0603 	0.0578 	0.0681 	0.0771 	0.0782 	0.0674 	0.0609 	0.0673 	0.0623 	0.0565 	0.0599 	0.0631 	0.0524 	0.0478 	0.0480 	0.0551 	0.0580 	0.0665 	0.0635 	0.0497 	0.0537 	0.0700 	0.1091 	0.1757 	0.1165 	0.0834 	0.0754 	0.0793 	0.0726 
S,E7000,MWH70000-149999,KWH,X_VAT,EUR,UA	: 	: 	: 	: 	: 	: 	: 	: 	: 	: 	: 	: 	: 	: 	: 	: 	: 	: 	: 	: 	0.0545 	0.0508 d	0.0530 	0.0548 	0.0621 	0.0609 	0.0472 	0.0449 	0.0511 	: 	: 	: 	: 	: 	: 	: 	: 
S,E7000,MWH70000-149999,KWH,X_VAT,EUR,UK	0.0913 	0.0846 	0.088 	0.0994 	0.0978 	0.0869 	0.0811 	0.0791 	0.0834 	0.0819 	0.0922 	0.1033 	0.1053 	0.1035 	0.1131 	0.1173 	0.1304 	0.1324 	0.1223 	0.1135 	0.1186 	0.1152 	0.1164 	0.1182 	0.1288 	0.1297 	0.1332 	: 	: 	: 	: 	: 	: 	: 	: 	: 	: 
S,E7000,MWH70000-149999,KWH,X_VAT,EUR,XK	: 	: 	: 	: 	: 	: 	: 	: 	: 	: 	: 	: 	: 	: 	: 	: 	: 	: 	0.0489 	0.0487 	: 	: 	: 	: 	: 	: 	: 	: @C	: 	: @C	: 	: 	: 	: @C	: 	: 	: 
S,E7000,MWH70000-149999,KWH,X_VAT,NAC,AL	: 	: 	: 	: 	: 	: 	: 	: 	: 	: 	: 	: 	: 	: 	: 	: 	: 	: 	: 	: 	: 	: 	: 	: 	12.8800 e	: 	12.8300 e	12.8300 e	12.8100 e	12.8100 e	12.8100 	12.8100 	12.8100 e	12.8100 e	12.8100 	12.8100 e	14.0000 
S,E7000,MWH70000-149999,KWH,X_VAT,NAC,AT	: 	0.0751 	0.0763 	0.0886 	0.0919 	0.0919 	0.0894 	0.0888 	0.0859 	0.0859 	0.0827 	0.0821 	0.0803 	0.0787 	0.0722 	0.0728 	0.0693 	0.0713 	0.0649 	0.0653 	0.0671 	0.0651 	0.0677 	0.0730 	0.0782 	0.0786 	0.0827 	0.0828 	0.0925 	0.1192 	0.1768 	0.2011 e	0.1821 e	0.1768 e	0.1330 e	0.1357 e	0.1415 e
S,E7000,MWH70000-149999,KWH,X_VAT,NAC,BA	: 	: 	: 	: 	: 	: 	: 	: 	: 	: 	: 	: 	: 	: 	: 	: 	0.0676 	0.0674 	0.0667 	0.089 	0.0703 	0.0698 	0.0722 	0.0720 	0.0823 	0.0865 	0.0977 	0.0977 	0.0967 	0.1240 	0.1431 	0.1648 	0.1471 	0.1472 	0.1465 	0.1564 	0.1664 
S,E7000,MWH70000-149999,KWH,X_VAT,NAC,BE	: 	0.0615 	0.0725 	0.0741 	0.0849 	0.0766 	0.0716 	0.0749 	0.075 	0.081 	0.0771 	0.075 	0.0591 	0.0729 	0.0684 	0.07 	0.0671 	0.0635 	0.0565 	0.0688 	0.0566 	0.0574 	0.0599 	0.0723 	0.0654 	0.0652 	0.0654 	0.0628 	0.0720 	0.1006 	0.1265 	0.1476 	0.1508 	0.1158 	0.1114 	0.1130 	0.1155 
S,E7000,MWH70000-149999,KWH,X_VAT,NAC,BG	: 	0.076 	0.069 	0.089 	0.094 	0.093 	0.091 	0.0982 	0.0974 	0.0939 	0.1008 	0.1166 	0.11 	0.0994 	0.1105 	0.1007 	0.1034 	0.1178 	0.1275 	0.1123 	0.1043 	0.1137 	0.1243 	0.1185 	0.1342 	0.1335 	0.1293 	0.1236 	0.1465 	0.2667 	0.2723 	0.2365 	0.2195 	0.2194 	0.1725 	0.2150 	0.2023 
S,E7000,MWH70000-149999,KWH,X_VAT,NAC,CY	: 	0.0673 	0.1223 	0.1552 	0.1007 	0.1217 	0.1305 	0.1476 	0.1458 	0.1818 	0.2007 	0.2046 	0.1818 	0.16 	0.1521 	0.1489 	0.1127 	0.107 	0.083 	0.0959 	0.1189 	0.1143 	0.1190 	0.1505 	0.1372 	0.1510 	0.1266 	0.0000 	0.1298 	0.1793 	0.2284 	0.0000 	0.0000 	0.0000 	0.2210 	0.2335 	0.0000 
S,E7000,MWH70000-149999,KWH,X_VAT,NAC,CZ	: 	1.83 	2.11 	2.11 	2.36 	2.36 	2.312 	2.308 	2.355 	2.364 	2.4875 	2.5102 	2.5924 	2.5672 	2.1971 	2.1739 	2.0819 	2.0712 	1.8261 	1.8244 	1.7177 	1.6847 	1.6433 	1.6470 	1.7969 	1.8220 	1.8761 	1.8300 	1.8131 	1.9032 	3.9360 	5.3697 	5.0745 	4.4848 	4.1817 	4.2055 	4.3130 
S,E7000,MWH70000-149999,KWH,X_VAT,NAC,DE	0.0757 	0.0824 	0.0859 	0.0853 	0.0877 	0.0861 	0.0824 	0.0902 	0.1013 	0.1 	0.0931 	0.0921 	0.1064 	0.0971 	0.1063 	0.1033 	0.1012 	0.0939 	0.0796 	0.0877 	0.1062 	0.093 	0.0884 	0.0908 	0.0931 	0.0925 	0.1007 	0.1122 	0.1149 	0.1347 	0.1634 	0.1886 	0.1686 	0.1720 	0.1394 	0.1430 	0.1447 
S,E7000,MWH70000-149999,KWH,X_VAT,NAC,DK	: 	0.5937 	0.6129 	0.6911 	0.5619 	0.605 	0.622 	0.6371 	0.652 	0.6022 	0.6254 	0.6491 	0.6715 	0.6461 	0.586 	0.6197 	0.5683 	0.5683 	0.5855 	0.5782 	0.5065 	0.5098 	0.5345 	0.5073 	0.4511 	0.4407 	0.3511 	0.4629 	0.5408 	0.9294 	1.2660 	1.8078 	0.9840 	0.8570 	0.7372 	0.8393 	0.9013 
S,E7000,MWH70000-149999,KWH,X_VAT,NAC,EA	: 	0.0657 	0.0766 	0.0796 	0.0797 	0.075 	0.0756 	0.0787 	0.0828 	0.0825 	0.0841 	0.0842 	0.0869 	0.0842 	0.0853 	0.0843 	0.0835 	0.0798 	0.0704 	0.0748 	: 	: 	: 	: 	: 	: 	: 	: 	: 	: 	: 	: 	: 	: 	: 	: 	: 
S,E7000,MWH70000-149999,KWH,X_VAT,NAC,EE	: 	0.54 	0.591 	0.62 	0.697 	0.721 	0.7 	0.93 	0.0655 	0.0615 	0.0631 	0.0695 	0.0737 	0.0698 	0.0721 	0.0679 	0.0716 	0.0692 	0.0698 	0.0696 	0.0655 	0.0704 	0.0702 	0.0750 	0.0789 	0.0755 	0.0661 	0.0692 	0.0764 	0.1323 	0.1423 	0.2059 	0.1719 	0.1529 	0.1256 	0.1338 	0.1232 
S,E7000,MWH70000-149999,KWH,X_VAT,NAC,EL	: 	0.0599 	0.0649 	0.0664 	0.0627 	0.0636 	0.0651 	0.0742 	0.0624 	0.0587 	0.0578 	0.067 	0.0701 	0.0659 	0.0578 	0.0497 	0.0527 	0.0468 	0.0629 	0.0588 	: @C	: @C	: @C	: @C	: @C	: @C	: @C	: @C	: @C	: @C	: @C	: @C	: @C	0.1377 	0.1043 	0.1496 	0.1533 
S,E7000,MWH70000-149999,KWH,X_VAT,NAC,ES	: 	0.0553 	0.0595 	0.0725 	0.0728 	0.0709 	0.0676 	0.0671 	0.0712 	0.0729 	0.0758 	0.077 	0.0696 	0.0759 	0.0716 	0.0774 	0.0756 	0.0797 	0.0667 	0.0703 	0.073 	0.0708 	0.0727 	0.0827 	0.0779 	0.0709 	0.0613 	0.0649 	0.0689 	0.1262 	0.2008 	0.2082 	0.1155 	0.1033 	0.0812 	0.0880 	0.1001 
S,E7000,MWH70000-149999,KWH,X_VAT,NAC,FI	0.043 	0.044 	0.0512 	0.0562 	0.0543 	0.0525 	0.0604 	0.0573 	0.0633 	0.0611 	0.0589 	0.0586 	0.0585 	0.0598 	0.0559 	0.0558 	0.0514 	0.0499 	0.0476 	0.0535 	0.0506 	0.0515 	0.0545 	0.0553 	0.0565 	0.0587 	0.0475 	0.0540 	0.0523 	0.0746 	0.0880 	0.1519 	0.0829 	0.0656 	0.0717 	0.0503 	0.0519 
S,E7000,MWH70000-149999,KWH,X_VAT,NAC,FR	: 	0.0516 	0.0604 	0.054 	0.0608 	0.0537 	0.0621 	0.0546 	0.0631 	0.056 	0.0659 	0.0569 	0.066 	0.0549 	0.0668 	0.0547 	0.0661 	0.0556 	0.0542 	0.0547 	0.0528 	0.0517 	0.0581 	0.0578 	0.0604 	0.0578 	0.0588 	0.0596 	0.0658 	0.0883 	0.1231 	0.1348 	0.1219 	0.1265 	0.0733 	0.0818 	0.0808 
S,E7000,MWH70000-149999,KWH,X_VAT,NAC,GE	: 	: 	: 	: 	: 	: 	: 	: 	: 	: 	: 	: 	: 	: 	: 	: 	: 	: 	: 	: 	: 	: 	: 	0.1480 	0.1408 	: 	: 	: 	: 	: 	: 	: 	: 	: 	0.0000 	0.0000 	0.0000 
S,E7000,MWH70000-149999,KWH,X_VAT,NAC,HR	0.28 	0.3 	0.3 	0.39 	0.4 	0.41 	0.451 	0.392 	0.425 	0.402 	0.481 	0.452 	0.4709 	0.5255 	0.4382 	0.4219 	0.4511 	0.405 	0.4112 	0.5503 	0.3754 	0.3583 	0.4361 	0.4451 	0.4798 	0.4808 	0.5035 	0.4972 	0.5253 	0.6785 	1.1019 	1.3377 	: @C	: @C	: @C	: @C	: @C
S,E7000,MWH70000-149999,KWH,X_VAT,NAC,HU	: 	18.19 	19.81 	22.41 	28.2977 	23.77 	22.82 	22.945 	20.5797 	21.3173 	29.4262 	28.9477 	29.1303 	27.0726 	27.1509 	26.9466 	26.1091 	26.6641 	22.4151 	22.8397 	22.6028 e	22.9282 	22.0012 	24.4915 	25.7830 	25.9860 	26.7156 	26.9152 	27.1433 	40.2948 	72.8020 	122.5217 	99.0020 	80.9401 	61.4980 	71.0808 	64.8249 
S,E7000,MWH70000-149999,KWH,X_VAT,NAC,IE	: 	0.1026 	: 	0.1004 	0.0874 	0.0788 	0.0562 	: 	0.0687 	: 	0.0869 	0.0978 	0.0924 	0.0929 	0.0919 	0.0926 	0.0924 	0.0876 	0.0807 	0.078 	0.0797 	0.0805 	0.0915 	0.0965 	0.0920 	0.0877 	0.0846 	0.0872 	0.1082 	0.1670 	0.2006 	0.2209 	0.2397 	0.2030 	0.1966 	0.1903 	0.1971 
S,E7000,MWH70000-149999,KWH,X_VAT,NAC,IS	: 	: 	: 	: 	: 	: 	: 	: 	: 	: 	: 	: 	: 	: 	: 	: 	: 	: 	: 	: 	: 	: 	: 	: 	: 	: @C	: 	: 	: 	: 	: 	: 	: 	: 	: 	: 	: 
S,E7000,MWH70000-149999,KWH,X_VAT,NAC,IT	: 	: 	0.102 	0.114 	0.098 	0.0888 	0.0942 	0.1073 	0.0982 	0.1033 	0.1117 	0.1236 	0.1136 	0.1162 	0.1049 	0.1153 	0.1044 	0.1065 	0.0909 	0.0956 	0.0909 	0.0834 	0.0710 	0.0755 	0.0897 	0.0949 	0.0698 	0.0770 	0.0902 	0.1540 	0.2500 	0.3340 	0.2074 	0.1587 	0.1316 	0.1492 	0.1460 
S,E7000,MWH70000-149999,KWH,X_VAT,NAC,LI	: 	: 	: 	: 	: 	: 	: 	: 	: 	: 	: 	: 	: 	: 	: 	: 	: 	: 	: 	: 	0 	: 	: 	: 	: 	: 	: 	: 	: 	: 	: 	: 	: 	: 	: 	: 	: 
S,E7000,MWH70000-149999,KWH,X_VAT,NAC,LT	: 	0.1919 	0.2176 	: 	: 	: 	: 	: 	: 	: 	: 	: 	: 	: 	: 	: 	0.0776 	0.0825 	0.0722 	0.0709 	0.0679 	0.0654 	0.0656 	0.0690 	0.0809 	0.0000 	0.0782 	0.0778 	0.0818 	0.1093 	0.1798 	0.2768 	0.1920 	0.1364 	0.1151 	0.1519 	0.0916 
S,E7000,MWH70000-149999,KWH,X_VAT,NAC,LU	: 	: 	: 	: 	: 	: 	: 	: 	: 	: 	: @C	: @C	: @C	: @C	: @C	: @C	: @C	: @C	: @C	: @C	: @C	: @C	0.0344 	: @C	: @C	: @C	: @C	: @C	: @C	: @C	: @C	: @C	: @C	: @C	: @C	: @C	: @C
S,E7000,MWH70000-149999,KWH,X_VAT,NAC,LV	: 	0.0301 	0.0363 	0.0483 	0.0515 	0.0502 	0.0514 	0.0543 	0.057 	0.0554 	0.0548 	0.0568 	0.0709 	0.0674 	0.0957 	0.0903 	0.0852 	0.0826 	0.0782 	0.0885 	0.0784 	0.0811 	0.0643 	0.0678 	0.0714 	0.0754 	0.0695 	0.0649 	0.0672 	0.0832 	0.1255 	0.2731 	0.1676 	0.1660 	0.1523 	0.1241 	0.0945 
S,E7000,MWH70000-149999,KWH,X_VAT,NAC,MD	: 	: 	: 	: 	: 	: 	: 	: 	: 	: 	: 	: 	: 	: 	: 	: 	: 	: 	: 	: 	: 	: 	: 	: 	: 	: 	: 	: 	1.2500 	1.2300 	: 	: 	: 	: 	: 	: 	: 
S,E7000,MWH70000-149999,KWH,X_VAT,NAC,ME	: 	: 	: 	: 	: 	: 	: 	: 	: @C	: @C	0.0464 	: 	: 	: 	: 	: 	: 	: 	: 	: 	: 	: 	: 	: 	: 	: 	: 	: 	: 	: 	0.0478 	0.0474 	: 	: 	: 	: 	0.0000 
S,E7000,MWH70000-149999,KWH,X_VAT,NAC,MK	: 	: 	: 	: 	: 	: 	: 	: 	: 	: 	: 	3.5365 	3.6925 	3.8691 	3.3463 	: @C	3.3195 	3.3951 	3.1448 	3.6131 	: @C	: 	3.3550 	4.5875 	4.1043 	4.7021 	3.3476 	3.3762 	3.9693 	11.3688 	14.7824 	19.2875 	7.3777 	6.7564 	5.0920 	6.0677 	5.6109 
S,E7000,MWH70000-149999,KWH,X_VAT,NAC,MT	: 	: 	0.0581 	0.1323 	0.123 	0.086 	0.131 	0.14 	0.137 	0.142 	0.138 	0.153 	0.138 	0.142 	0.137 	0.125 	0.1138 	0.0989 	0.0992 	0.0989 	0.0968 	0.0966 	0.0968 	0.0966 	0.0968 	0.1001 	0.1083 	0.0968 	0.0970 	0.0993 	0.0970 	0.0966 	0.0997 	0.0990 	0.0994 	0.0967 	0.0969 p
S,E7000,MWH70000-149999,KWH,X_VAT,NAC,NL	0.0734 	0.0708 	0.0795 	0.0782 	0.0876 	0.0791 	0.0734 	0.0727 	0.0725 	0.0745 	0.0705 	0.0702 	0.074 	0.0781 	0.0739 	0.0709 	0.0708 	0.0672 	0.0621 	0.0586 	0.0490 	0.0450 	0.0500 	0.0520 	0.0590 	0.0520 	0.0606 	0.0570 	0.0592 	0.0686 	0.1341 	0.1475 	0.2224 	0.2245 	0.1727 	0.1487 	0.1309 
S,E7000,MWH70000-149999,KWH,X_VAT,NAC,NO	: 	0.254 	0.284 	0.3957 	0.373 	0.3771 	0.4784 	0.376 	0.4612 	0.4315 	0.3777 	0.378 	0.4295 	0.4532 	0.3915 	0.4259 	0.3815 	0.4006 	0.4532 	0.4891 	0.3302 	0.3403 	0.3958 	0.4864 	0.4443 	0.4321 	0.1554 	0.1720 	0.3907 	0.5935 	1.0296 	1.5122 	0.8085 	0.5835 	0.5699 	0.5187 	0.5174 
S,E7000,MWH70000-149999,KWH,X_VAT,NAC,PL	: 	0.2281 	0.2333 	0.2559 	0.329 	0.3058 	0.3108 	0.3059 	0.3129 	0.3071 	0.3099 	0.3169 	0.2902 	0.2799 	0.2549 	0.2536 	0.2756 	0.2641 	0.2598 	0.2596 	0.2784 	0.2632 	0.2552 	0.2927 	0.3689 	0.2866 	0.3541 	0.3551 	0.3770 	0.4157 	0.6028 	0.6632 	0.9792 	0.8581 	0.6262 	0.7067 	0.5878 
S,E7000,MWH70000-149999,KWH,X_VAT,NAC,PT	: 	0.0579 	0.0605 	0.0612 	0.0642 	0.0544 	0.0516 	0.0589 	0.0698 	0.0705 	0.0834 	0.0815 	0.0816 	0.0818 	0.0761 	0.0838 	0.0786 	0.0847 	0.0665 	0.0814 	0.0814 	0.0821 	0.0816 	0.0877 	0.0835 	0.0820 	0.0734 	0.0734 	0.0796 	0.1235 	0.1515 	0.1251 	0.0586 	0.0822 	0.0812 	0.1140 	0.1011 
S,E7000,MWH70000-149999,KWH,X_VAT,NAC,RO	: 	0.191 	0.2263 	0.2024 	0.251 	0.2426 	0.2451 	0.2389 	0.2468 	0.2637 	0.2746 	0.2494 	0.2988 	0.273 	0.3022 	0.2877 	0.281 	0.2656 	0.263 	0.2836 	0.2823 	0.2947 	0.3105 	0.3494 	0.3934 	0.4190 	0.4368 	0.4034 	0.4141 	0.6101 	0.9275 d	1.4028 d	0.8585 	0.8140 	0.7495 	0.8011 	0.7129 
S,E7000,MWH70000-149999,KWH,X_VAT,NAC,RS	: 	: 	: 	: 	: 	: 	: 	: 	: 	: 	: 	: 	5.0798 	5.425 	5.4831 	7.2148 	5.9453 	6.76 	6.7909 	5.5315 	6.28 	7.6392 	7.1310 	7.0846 	8.0266 	8.1292 	7.1470 	7.5733 	7.8057 	8.1775 	9.3692 	10.1679 	15.0263 	16.4635 	16.2329 	12.9188 	13.3481 
S,E7000,MWH70000-149999,KWH,X_VAT,NAC,SE	0.426 	0.476 	0.525 	0.614 	0.538 	0.521 	0.636 	0.611 	0.602 	0.5068 	0.4789 	0.4183 	0.4693 	0.4632 	0.4368 	0.4263 	0.3844 	0.3274 	0.357 	0.4285 	0.3808 	0.3905 	0.4281 	0.5024 	0.5652 	0.5083 	0.4019 	0.4466 	0.5171 	0.8591 	0.8756 	1.3569 	0.9512 	0.7802 	0.7521 	0.6761 	0.7579 
S,E7000,MWH70000-149999,KWH,X_VAT,NAC,SI	: 	0.0679 	0.0645 	0.0776 	0.0695 	0.0758 	0.0725 	0.0749 	0.0766 	0.0727 	0.0707 	0.0702 	0.0739 	0.0715 	0.0665 	0.0663 	0.0635 	0.0624 	0.0567 	0.059 	0.0558 	0.0582 	0.0563 	0.0595 	0.0608 	0.0610 	0.0652 	0.0660 	0.0670 	0.0888 	0.1515 	0.1885 	0.1917 	0.1738 	0.1480 	0.1559 	0.1273 
S,E7000,MWH70000-149999,KWH,X_VAT,NAC,SK	: 	2.46 	2.84 	2.86 	0.0952 	0.1011 	0.0939 	0.0953 	0.0943 	0.0967 	0.1013 	0.0966 	0.1012 	0.1102 	0.091 	0.0897 	0.0975 	0.0926 	0.08 	0.0902 	0.0898 	0.0948 	0.0928 	0.1007 	0.0987 	0.0991 	0.0988 	0.1023 	0.1063 	0.1307 	0.1945 	0.2283 	0.2266 	0.2000 	0.1465 	0.1612 	0.1494 
S,E7000,MWH70000-149999,KWH,X_VAT,NAC,TR	: 	0.0991 	0.104 	0.1319 	0.1374 	0.1422 	0.1451 	0.1448 	0.1332 	0.1425 	0.159 	0.1767 	0.1861 	0.1808 	0.1806 	0.1916 	0.1783 	0.1797 	0.1952 	0.2164 	0.2066 	0.2057 	0.2379 	0.3550 	0.3689 	0.4231 	0.4543 	0.4439 	0.5117 	0.8016 	1.7739 	3.2578 	2.5168 	2.4964 	2.5831 	2.9237 	2.9844 
S,E7000,MWH70000-149999,KWH,X_VAT,NAC,UA	: 	: 	: 	: 	: 	: 	: 	: 	: 	: 	: 	: 	: 	: 	: 	: 	: 	: 	: 	: 	1.58 	1.58 d	1.7200 	1.7439 	1.8907 	1.6734 	1.3508 	1.4790 	1.7127 	: 	: 	: 	: 	: 	: 	: 	: 
S,E7000,MWH70000-149999,KWH,X_VAT,NAC,UK	0.0616 	0.0587 	0.0682 	0.0812 	0.0874 	0.0772 	0.0706 	0.0669 	0.0724 	0.071 	0.0758 	0.0826 	0.0896 	0.0877 	0.0929 	0.0928 	0.0955 	0.0953 	0.0952 	0.0975 	0.1021 	0.1028 	0.1024 	0.1051 	0.1125 	0.1143 	0.1165 	: 	: 	: 	: 	: 	: 	: 	: 	: 	: 
S,E7000,MWH70000-149999,KWH,X_VAT,NAC,XK	: 	: 	: 	: 	: 	: 	: 	: 	: 	: 	: 	: 	: 	: 	: 	: 	: 	: 	0.0489 	0.0487 	: 	: 	: 	: 	: 	: 	: 	: @C	: 	: @C	: 	: 	: 	: @C	: 	: 	: 
S,E7000,MWH70000-149999,KWH,X_VAT,PPS,AL	: 	: 	: 	: 	: 	: 	: 	: 	: 	: 	: 	: 	: 	: 	: 	: 	: 	: 	: 	: 	: 	: 	: 	: 	0.2092 e	: 	0.2017 e	0.2017 e	0.1990 e	0.1990 e	0.1998 	0.1998 	0.2010 e	0.2014 e	0.2036 	0.2048 e	0.2253 
S,E7000,MWH70000-149999,KWH,X_VAT,PPS,AT	: 	0.0702 	0.0699 	0.0812 	0.0819 	0.0819 	0.0811 	0.0805 	0.0776 	0.0776 	0.075 	0.0745 	0.0719 	0.0704 	0.0653 	0.0659 	0.0627 	0.0657 	0.0608 	0.0612 	0.0595 	0.0577 	0.0601 	0.0648 	0.0688 	0.0692 	0.0723 	0.0724 	0.0809 	0.1032 	0.1531 	0.1763 e	0.1622 e	0.1575 e	0.1174 e	0.1197 e	0.1232 e
S,E7000,MWH70000-149999,KWH,X_VAT,PPS,BA	: 	: 	: 	: 	: 	: 	: 	: 	: 	: 	: 	: 	: 	: 	: 	: 	0.0715 	0.0731 	0.0722 	0.0962 	0.0709 	0.0704 	0.0726 	0.0724 	0.0819 	0.0861 	0.0975 	0.0975 	0.0965 	0.1219 	0.1407 	0.1618 	0.1382 	0.1360 	0.1373 	0.1458 	0.1442 
S,E7000,MWH70000-149999,KWH,X_VAT,PPS,BE	: 	0.0563 	0.0648 	0.0663 	0.0744 	0.0671 	0.0646 	0.0675 	0.0676 	0.073 	0.0696 	0.0677 	0.0525 	0.0648 	0.0616 	0.0631 	0.0605 	0.0575 	0.0522 	0.0644 	0.0501 	0.0508 	0.0531 	0.0641 	0.0580 	0.0578 	0.0586 	0.0563 	0.0645 	0.0904 	0.1138 	0.1328 	0.1355 	0.1035 	0.0993 	0.1001 	0.1029 
S,E7000,MWH70000-149999,KWH,X_VAT,PPS,BG	: 	0.0969 	0.0825 	0.1064 	0.1075 	0.1063 	0.105 	0.1133 	0.1052 	0.1014 	0.1096 	0.1268 	0.1183 	0.1069 	0.1198 	0.1092 	0.1121 	0.1303 	0.1414 	0.1239 	0.1059 	0.1155 	0.1236 	0.1178 	0.1290 	0.1284 	0.1227 	0.1173 	0.1390 	0.2471 	0.2522 	0.2181 	0.1862 	0.1861 	0.1461 	0.1821 	0.1686 
S,E7000,MWH70000-149999,KWH,X_VAT,PPS,CY	: 	0.1319 	0.1395 	0.177 	0.1133 	0.1369 	0.1471 	0.1663 	0.1584 	0.1976 	0.2211 	0.2254 	0.2038 	0.1793 	0.173 	0.1694 	0.1282 	0.1175 	0.0939 	0.1084 	0.1333 	0.1281 	0.1326 	0.1677 	0.1514 	0.1666 	0.1382 	0.0000 	0.1417 	0.1956 	0.2491 	0.0000 	0.0000 	0.0000 	0.2459 	0.2564 	0.0000 
S,E7000,MWH70000-149999,KWH,X_VAT,PPS,CZ	: 	0.1065 	0.1156 	0.1156 	0.1277 	0.1277 	0.1265 	0.1263 	0.1326 	0.1331 	0.1408 	0.1421 	0.1462 	0.1447 	0.1245 	0.1232 	0.1179 	0.1187 	0.1056 	0.1064 	0.0949 	0.0931 	0.0901 	0.0903 	0.0963 	0.0977 	0.0980 	0.0956 	0.0947 	0.0983 	0.2033 	0.2794 	0.2554 	0.2263 	0.2084 	0.2071 	0.2125 
S,E7000,MWH70000-149999,KWH,X_VAT,PPS,DE	0.0739 	0.0805 	0.0827 	0.0821 	0.0815 	0.08 	0.079 	0.0864 	0.0975 	0.0962 	0.0901 	0.0891 	0.1012 	0.0924 	0.102 	0.0991 	0.0971 	0.09 	0.0771 	0.0846 	0.0979 	0.0857 	0.0814 	0.0836 	0.0842 	0.0837 	0.0911 	0.1015 	0.1040 	0.1212 	0.1471 	0.1698 	0.1506 	0.1537 	0.1240 	0.1277 	0.1296 
S,E7000,MWH70000-149999,KWH,X_VAT,PPS,DK	: 	0.0585 	0.0598 	0.0674 	0.054 	0.0581 	0.0612 	0.0627 	0.0647 	0.0598 	0.0621 	0.0644 	0.0668 	0.0643 	0.0583 	0.0616 	0.0586 	0.0586 	0.0586 	0.0578 	0.0506 	0.0509 	0.0535 	0.0508 	0.0455 	0.0445 	0.0354 	0.0466 	0.0545 	0.0941 	0.1274 	0.1819 	0.0999 	0.0864 	0.0748 	0.0851 	0.0924 
S,E7000,MWH70000-149999,KWH,X_VAT,PPS,EA	: 	0.0654 	0.0745 	0.0774 	0.076 	0.0715 	0.0726 	0.0756 	0.0797 	0.0795 	0.0818 	0.0819 	0.0842 	0.0816 	0.0833 	0.0824 	0.0831 	0.0794 	0.0686 	0.0729 	0.0768 	0.0715 	0.0695 	0.0736 	0.0764 	0.0745 	0.0722 	0.0768 	0.0829 	0.1165 	0.1675 	0.1966 	0.1550 	0.1444 	0.1123 	0.1210 	0.1205 
S,E7000,MWH70000-149999,KWH,X_VAT,PPS,EE	: 	0.0508 	0.0532 	0.0558 	0.0636 	0.0658 	0.066 	0.0877 	0.0943 	0.0885 	0.089 	0.098 	0.1011 	0.0957 	0.0966 	0.0909 	0.0959 	0.0954 	0.0958 	0.0977 	0.0841 	0.0904 	0.0881 	0.0941 	0.0971 	0.0929 	0.0824 	0.0862 	0.0952 	0.1615 	0.1737 	0.2512 	0.1941 	0.1704 	0.1396 	0.1457 	0.1348 
S,E7000,MWH70000-149999,KWH,X_VAT,PPS,EL	: 	0.0676 	0.0723 	0.074 	0.0676 	0.0686 	0.0708 	0.0807 	0.0672 	0.0633 	0.0646 	0.0749 	0.0821 	0.0772 	0.0697 	0.0599 	0.0636 	0.0585 	0.0762 	0.0713 	: @C	: @C	: @C	: @C	: @C	: @C	: @C	: @C	: @C	: @C	: @C	: @C	: @C	0.1679 	0.1288 	0.1847 	0.1886 
S,E7000,MWH70000-149999,KWH,X_VAT,PPS,ES	: 	0.0616 	0.0645 	0.0786 	0.0772 	0.0752 	0.0719 	0.0714 	0.0763 	0.0781 	0.0837 	0.0851 	0.0773 	0.0843 	0.08 	0.0865 	0.0845 	0.089 	0.0753 	0.0786 	0.0795 	0.0771 	0.0780 	0.0887 	0.0836 	0.0761 	0.0653 	0.0691 	0.0734 	0.1349 	0.2146 	0.2205 	0.1239 	0.1108 	0.0888 	0.0981 	0.1115 
S,E7000,MWH70000-149999,KWH,X_VAT,PPS,EU27_2020	: 	: 	: 	: 	: 	: 	: 	: 	: 	: 	: 	: 	: 	: 	: 	: 	: 	: 	: 	: 	0.0786 	0.0742 	0.0726 	0.0776 	0.0826 	0.0789 	0.0783 	0.0818 	0.0879 	0.1208 	0.1725 	0.2080 	0.1731 	0.1587 	0.1232 	0.1332 	0.1289 
S,E7000,MWH70000-149999,KWH,X_VAT,PPS,FI	0.0371 	0.038 	0.0436 	0.0478 	0.0452 	0.0437 	0.0506 	0.048 	0.0526 	0.0508 	0.0488 	0.0486 	0.0474 	0.0485 	0.0449 	0.0449 	0.0413 	0.0402 	0.039 	0.0442 	0.0407 	0.0414 	0.0434 	0.0440 	0.0450 	0.0467 	0.0376 	0.0427 	0.0414 	0.0600 	0.0706 	0.1218 	0.0669 	0.0529 	0.0597 	0.0419 	0.0432 
S,E7000,MWH70000-149999,KWH,X_VAT,PPS,FR	: 	0.0469 	0.0535 	0.0478 	0.0531 	0.0469 	0.0553 	0.0486 	0.0564 	0.05 	0.0587 	0.0507 	0.0584 	0.0495 	0.0607 	0.0499 	0.0617 	0.0519 	0.0493 	0.0498 	0.0471 	0.0461 	0.0521 	0.0519 	0.0555 	0.0531 	0.0540 	0.0548 	0.0605 	0.0813 	0.1136 	0.1244 	0.1122 	0.1158 	0.0671 	0.0749 	0.0742 
S,E7000,MWH70000-149999,KWH,X_VAT,PPS,HR	0.0592 	0.0634 	0.0612 	0.0795 	0.0781 	0.0801 	0.0879 	0.0764 	0.0849 	0.0803 	0.0997 	0.0937 	0.0979 	0.1092 	0.0906 	0.0872 	0.0933 	0.0841 	0.0867 	0.1162 	0.0775 	0.074 	0.0896 	0.0914 	0.0985 	0.0987 	0.1036 	0.1023 	0.1081 	0.1383 	0.2246 	0.2724 	: @C	: @C	: @C	: @C	: @C
S,E7000,MWH70000-149999,KWH,X_VAT,PPS,HU	: 	0.1124 	0.1196 	0.1353 	0.1695 	0.1424 	0.1388 	0.1396 	0.1244 	0.1289 	0.1748 	0.172 	0.1702 	0.1581 	0.1554 	0.1542 	0.1494 	0.1525 	0.1276 	0.1305 	0.1141 e	0.1157 	0.1071 	0.1192 	0.1209 	0.1219 	0.1200 	0.1209 	0.1163 	0.1737 	0.2879 	0.4845 	0.3915 	0.3201 	0.2260 	0.2656 	0.2313 
S,E7000,MWH70000-149999,KWH,X_VAT,PPS,IE	: 	0.0869 	: 	0.0824 	0.0737 	0.0664 	0.0509 	: 	0.0623 	: 	0.0793 	0.0892 	0.0838 	0.0843 	0.0826 	0.0832 	0.083 	0.0786 	0.0727 	0.0724 	0.0689 	0.0696 	0.0783 	0.0827 	0.0766 	0.0730 	0.0706 	0.0718 	0.0902 	0.1393 	0.1700 	0.1858 	0.2003 	0.1708 	0.1637 	0.1608 	0.1665 
S,E7000,MWH70000-149999,KWH,X_VAT,PPS,IS	: 	: 	: 	: 	: 	: 	: 	: 	: 	: 	: 	: 	: 	: 	: 	: 	: 	: 	: 	: 	: 	: 	: 	: 	: 	: @C	: 	: 	: 	: 	: 	: 	: 	: 	: 	: 	: 
S,E7000,MWH70000-149999,KWH,X_VAT,PPS,IT	: 	: 	0.101 	0.1129 	0.0946 	0.0857 	0.0922 	0.105 	0.0964 	0.1014 	0.1112 	0.1231 	0.1126 	0.1152 	0.1045 	0.1149 	0.104 	0.1059 	0.0926 	0.0974 	0.0905 	0.083 	0.0708 	0.0753 	0.0901 	0.0953 	0.0703 	0.0775 	0.0908 	0.1571 	0.2550 	0.3420 	0.2157 	0.1654 	0.1363 	0.1551 	0.1526 
S,E7000,MWH70000-149999,KWH,X_VAT,PPS,LT	: 	0.0966 	0.1001 	: 	: 	: 	: 	: 	: 	: 	: 	: 	: 	: 	: 	: 	0.126 	0.1368 	0.1194 	0.1191 	0.1053 	0.1014 	0.0996 	0.1047 	0.1206 	0.0000 	0.1147 	0.1141 	0.1200 	0.1571 	0.2584 	0.4009 	0.2552 	0.1813 	0.1490 	0.1953 	0.1173 
S,E7000,MWH70000-149999,KWH,X_VAT,PPS,LU	: 	: 	: 	: 	: 	: 	: 	: 	: 	: 	: @C	: @C	: @C	: @C	: @C	: @C	: @C	: @C	: @C	: @C	: @C	: @C	0.0275 	: @C	: @C	: @C	: @C	: @C	: @C	: @C	: @C	: @C	: @C	: @C	: @C	: @C	: @C
S,E7000,MWH70000-149999,KWH,X_VAT,PPS,LV	: 	0.0645 	0.0719 	0.0956 	0.107 	0.1043 	0.111 	0.1172 	0.1207 	0.1173 	0.1141 	0.1183 	0.1459 	0.1387 	0.1395 	0.1317 	0.1242 	0.1224 	0.1175 	0.1335 	0.1111 	0.1149 	0.0888 	0.0936 	0.0965 	0.1020 	0.0942 	0.0879 	0.0910 	0.1097 	0.1635 	0.3557 	0.2099 	0.2074 	0.1889 	0.1605 	0.1226 
S,E7000,MWH70000-149999,KWH,X_VAT,PPS,ME	: 	: 	: 	: 	: 	: 	: 	: 	: @C	: @C	0.0945 	: @C	0.1024 	0.1024 	: 	: 	: 	: 	: 	: 	: 	: 	: 	: 	: 	: 	: 	: 	: 	: 	0.0918 	0.0921 	: 	: 	: 	: 	0.0000 
S,E7000,MWH70000-149999,KWH,X_VAT,PPS,MK	: 	: 	: 	: 	: 	: 	: 	: 	: 	: 	: 	0.1416 	0.1442 	0.1511 	0.1311 	: @C	0.1318 	0.1349 	0.1237 	0.1408 	: @C	: 	0.1195 	0.1634 	0.1465 	0.1678 	0.1182 	0.1192 	0.1401 	0.3882 	0.5048 	0.6724 	0.2505 	0.2313 	0.1708 	0.1945 	0.1799 
S,E7000,MWH70000-149999,KWH,X_VAT,PPS,MT	: 	: 	0.081 	0.1845 	0.1691 	0.1182 	0.1793 	0.1917 	0.1812 	0.1878 	0.18 	0.1996 	0.1769 	0.1821 	0.1709 	0.1559 	0.1419 	0.1233 	0.1237 	0.1232 	0.1164 	0.1162 	0.1124 	0.1122 	0.1128 	0.1166 	0.1235 	0.1104 	0.1106 	0.1125 	0.1111 	0.1090 	0.1112 	0.1104 	0.1095 	0.1065 	0.1065 p
S,E7000,MWH70000-149999,KWH,X_VAT,PPS,NL	0.0695 	0.067 	0.0737 	0.0725 	0.0783 	0.0707 	0.0659 	0.0653 	0.0659 	0.0677 	0.0643 	0.064 	0.0676 	0.0714 	0.0675 	0.0648 	0.0653 	0.0619 	0.0572 	0.0543 	0.0430 	0.0395 	0.0436 	0.0454 	0.0500 	0.0441 	0.0520 	0.0489 	0.0510 	0.0591 	0.1146 	0.1260 	0.1892 	0.1910 	0.1473 	0.1269 	0.1117 
S,E7000,MWH70000-149999,KWH,X_VAT,PPS,NO	: 	0.0235 	0.0253 	0.0353 	0.0313 	0.0317 	0.0405 	0.0318 	0.0387 	0.0362 	0.0322 	0.0322 	0.0352 	0.0372 	0.0313 	0.034 	0.0305 	0.0319 	0.0352 	0.0377 	0.0236 	0.0243 	0.0280 	0.0344 	0.0306 	0.0297 	0.0103 	0.0114 	0.0258 	0.0409 	0.0710 	0.1054 	0.0592 	0.0430 	0.0401 	0.0366 	0.0358 
S,E7000,MWH70000-149999,KWH,X_VAT,PPS,PL	: 	0.1004 	0.0982 	0.1077 	0.1327 	0.1234 	0.1303 	0.1283 	0.1292 	0.1268 	0.1285 	0.1314 	0.1203 	0.116 	0.1053 	0.1048 	0.1138 	0.1098 	0.1099 	0.1099 	0.1097 	0.1037 	0.0990 	0.1136 	0.1404 	0.1091 	0.1322 	0.1325 	0.1407 	0.1510 	0.2077 	0.2285 	0.3400 	0.2980 	0.2041 	0.2303 	0.1898 
S,E7000,MWH70000-149999,KWH,X_VAT,PPS,PT	: 	0.0712 	0.0728 	0.0736 	0.0763 	0.0646 	0.0623 	0.0711 	0.085 	0.0859 	0.1047 	0.1023 	0.1046 	0.1049 	0.0978 	0.1077 	0.101 	0.1087 	0.0854 	0.1041 	0.0971 	0.0979 	0.0969 	0.1041 	0.0994 	0.0976 	0.0863 	0.0863 	0.0936 	0.1442 	0.1769 	0.1461 	0.0685 	0.0975 	0.0982 	0.1385 	0.1226 
S,E7000,MWH70000-149999,KWH,X_VAT,PPS,RO	: 	0.1025 	0.1107 	0.099 	0.1192 	0.1152 	0.1176 	0.1146 	0.117 	0.125 	0.1293 	0.1174 	0.1356 	0.1239 	0.1323 	0.1259 	0.123 	0.1205 	0.1194 	0.1301 	0.1201 	0.1254 	0.1260 	0.1418 	0.1562 	0.1664 	0.1709 	0.1579 	0.1620 	0.2332 	0.3363 d	0.5086 d	0.3113 	0.2952 	0.2666 	0.2826 	0.2402 
S,E7000,MWH70000-149999,KWH,X_VAT,PPS,RS	: 	: 	: 	: 	: 	: 	: 	: 	: 	: 	: 	: 	0.0923 	0.0986 	0.0964 	0.1268 	0.1045 	0.1257 	0.1247 	0.1022 	0.1056 	0.1285 	0.1180 	0.1173 	0.1308 	0.1325 	0.1143 	0.1212 	0.1249 	0.1277 	0.1463 	0.1591 	0.2228 	0.2405 	0.2259 	0.1810 	0.1856 
S,E7000,MWH70000-149999,KWH,X_VAT,PPS,SE	0.0389 	0.0435 	0.0467 	0.0547 	0.0454 	0.044 	0.054 	0.0518 	0.0513 	0.0432 	0.0413 	0.0361 	0.0402 	0.0397 	0.0369 	0.036 	0.0324 	0.0273 	0.0298 	0.0359 	0.0295 	0.0303 	0.0328 	0.0384 	0.0428 	0.0385 	0.0304 	0.0337 	0.0393 	0.0653 	0.0666 	0.1031 	0.0706 	0.0577 	0.0553 	0.0500 	0.0563 
S,E7000,MWH70000-149999,KWH,X_VAT,PPS,SI	: 	0.0875 	0.0794 	0.0956 	0.0811 	0.0885 	0.0863 	0.0891 	0.0917 	0.087 	0.0874 	0.0868 	0.0918 	0.0888 	0.0832 	0.0829 	0.0794 	0.078 	0.072 	0.0753 	0.0672 	0.0701 	0.0672 	0.0710 	0.0726 	0.0728 	0.0776 	0.0785 	0.0797 	0.1047 	0.1787 	0.2219 	0.2230 	0.2048 	0.1710 	0.1809 	0.1459 
S,E7000,MWH70000-149999,KWH,X_VAT,PPS,SK	: 	0.1084 	0.1329 	0.1338 	0.1401 	0.1488 	0.1405 	0.1426 	0.1372 	0.1407 	0.1483 	0.1415 	0.149 	0.1622 	0.1366 	0.1346 	0.1463 	0.1425 	0.1223 	0.1388 	0.1194 	0.1261 	0.1208 	0.1311 	0.1254 	0.1259 	0.1227 	0.1271 	0.1320 	0.1615 	0.2403 	0.2838 	0.2735 	0.2522 	0.1808 	0.2014 	0.1863 
S,E7000,MWH70000-149999,KWH,X_VAT,PPS,TR	: 	0.093 	0.0913 	0.1158 	0.1133 	0.1173 	0.1177 	0.1175 	0.1013 	0.1084 	0.1149 	0.1277 	0.1264 	0.1228 	0.1138 	0.1207 	0.1124 	0.115 	0.1175 	0.1301 	0.1025 	0.1021 	0.0987 	0.1473 	0.1307 	0.1499 	0.1382 	0.1350 	0.1556 	0.1923 	0.4256 	0.4492 	0.3392 	0.3364 	0.2317 	0.1616 	0.1649 
S,E7000,MWH70000-149999,KWH,X_VAT,PPS,UK	0.0774 	0.0738 	0.0819 	0.0975 	0.1002 	0.0885 	0.078 	0.0739 	0.0781 	0.0766 	0.0829 	0.0903 	0.0969 	0.0948 	0.0991 	0.099 	0.1036 	0.1033 	0.1032 	0.1057 	0.1024 	0.1031 	0.1016 	0.1042 	0.1105 	0.1122 	0.1130 	: 	: 	: 	: 	: 	: 	: 	: 	: 	: 
S,E7000,MWH_GE150000,KWH,I_TAX,EUR,AL	: 	: 	: 	: 	: 	: 	: 	: 	: 	: 	: 	: 	: 	: 	: 	: 	: 	: 	: 	: 	: 	: 	: 	: 	0.1248 e	: 	0.1245 e	0.1243 e	0.1247 e	0.1263 e	0.1268 	0.1316 	0.1362 e	0.1468 e	0.1503 	0.1551 e	0.1703 
S,E7000,MWH_GE150000,KWH,I_TAX,EUR,AT	: 	: 	: 	0.1056 	: 	: 	: 	: 	: 	: 	: 	: 	: 	: 	: 	: 	: 	0.077 	: 	: 	0.0735 	0.0714 	0.0740 	0.0866 	0.0864 	0.0853 	0.0883 	0.0905 	0.1030 	0.1392 	0.2033 	0.2513 e	0.2362 e	0.2087 e	0.1620 e	0.1713 e	0.1711 e
S,E7000,MWH_GE150000,KWH,I_TAX,EUR,BA	: 	: 	: 	: 	: 	: 	: 	: 	: 	: 	0.0613 	0.0616 	0.0652 	0.0633 	0.0643 	0.0604 	0.0572 	0.0573 	0.0504 	0.0557 	0.051 	0.0556 	0.0661 	0.0734 	0.0798 	0.0653 	0.0734 	0.0902 	0.0691 	0.0818 	0.1026 	0.0950 	0.0926 	0.0936 	0.0990 	0.0988 	0.1236 
S,E7000,MWH_GE150000,KWH,I_TAX,EUR,BE	: 	: 	: 	: 	: 	: 	: 	: 	: 	: 	: 	: 	: 	: 	: 	: 	: 	: 	0.0713 	: 	0.0544 	0.0551 	0.0635 	0.0726 	0.0596 	0.0548 	0.0504 	0.0580 	0.0709 	0.1374 	0.2062 	0.2724 	0.1684 	0.1266 	0.0941 	0.1082 	0.1188 
S,E7000,MWH_GE150000,KWH,I_TAX,EUR,BG	: 	0.0429 	0.0419 	0.0527 	0.0562 	0.0568 	0.0562 	0.0616 	0.0562 	0.0573 	0.0604 	0.063 	0.0668 	0.0607 	0.0635 	0.0625 	0.0583 	0.0711 	0.0745 	0.0692 	0.0604 	0.0656 	0.0727 	0.0662 	0.0743 	0.0787 	0.0695 	0.0763 	0.0899 	0.1649 	0.1834 	0.1756 	0.1345 	0.1295 	0.1057 	0.1506 	0.1242 
S,E7000,MWH_GE150000,KWH,I_TAX,EUR,CY	: 	: 	: 	: 	: 	: 	: 	: 	: 	: 	: 	: 	: 	: 	: 	: 	: 	: 	: 	: 	: 	: 	: 	: 	: 	0.0000 	0.0000 	0.1347 	0.0000 	0.0000 	0.0000 	0.3390 	0.3011 	0.2895 	0.0000 n	: 	0.2483 
S,E7000,MWH_GE150000,KWH,I_TAX,EUR,CZ	: 	: 	: 	: 	: 	: 	: 	: 	: 	: 	: 	: 	: 	: 	: 	: 	: 	: 	: 	: 	: @C	: @C	0.0764 	: @C	: @C	: @C	: @C	: @C	: @C	: @C	: @C	: @C	: @C	: @C	: @C	: @C	: @C
S,E7000,MWH_GE150000,KWH,I_TAX,EUR,DE	: 	: 	: 	: 	: 	: 	: 	: 	: 	: 	: 	: 	: 	: 	: 	: 	: 	: 	: 	: 	: 	: 	: 	: 	: 	0.1114 	0.0965 	0.1044 	0.1248 	0.1758 	0.2262 	0.2662 	0.2088 	0.2014 	0.1640 	0.1851 	0.1752 
S,E7000,MWH_GE150000,KWH,I_TAX,EUR,DK	: 	: 	: 	: 	: 	: 	: 	: 	: 	: 	: 	: 	: 	: 	: 	: 	: 	: 	: 	: 	0.2349 	0.2371 	0.2423 	0.2381 	0.2295 	0.2239 	0.2076 	0.2224 	0.2457 	0.3150 	0.3730 	0.4435 	0.1439 	0.2490 	0.2494 	0.2682 	0.2656 
S,E7000,MWH_GE150000,KWH,I_TAX,EUR,EA	: 	0.0523 	0.0802 	0.0917 	0.0852 	0.0767 	0.0829 	0.0907 	0.082 	0.0843 	0.0836 	0.0901 	0.0914 	0.0997 	0.0797 	0.0898 	0.0813 	0.088 	0.0733 	0.079 	0.0743 	0.0747 	0.0735 	0.0753 	0.0717 	0.0825 	0.0737 	0.0770 	0.0902 	0.1425 	0.2048 	0.2335 	0.1693 	0.1561 	0.1240 	0.1366 	0.1290 
S,E7000,MWH_GE150000,KWH,I_TAX,EUR,EE	: 	: 	: 	: 	: 	: 	: 	: 	: 	: 	: 	: 	: 	: 	: 	: 	: 	: 	: 	: 	: 	: 	: 	: 	: 	0.0826 	: @C	: @C	: @C	0.0000 	0.0000 	0.0000 	0.0000 	0.0000 	0.0000 	0.0000 	: @C
S,E7000,MWH_GE150000,KWH,I_TAX,EUR,EL	: 	: 	: 	: 	: 	0.0648 	0.0665 	0.0747 	0.0691 	0.0686 	0.0675 	: 	: 	: 	: 	: 	: 	: 	: 	: 	: @C	: @C	: @C	: @C	: @C	: @C	: @C	: @C	: @C	: @C	: @C	0.0963 	0.1050 	0.1049 	0.1057 	0.1173 	0.1188 
S,E7000,MWH_GE150000,KWH,I_TAX,EUR,ES	: 	0.0477 	0.0513 	0.0597 	0.0621 	0.0579 	0.0594 	0.0603 	0.062 	0.0626 	0.066 	0.068 	0.068 	0.0795 	0.0654 	0.0822 	0.0808 	0.091 	0.0657 	0.0752 	0.0834 	0.082 	0.0800 	0.0947 	0.0821 	0.0740 	0.0608 	0.0655 	0.0749 	0.1491 	0.2541 	0.2475 	0.1386 	0.1291 	0.0911 	0.1174 	0.1061 
S,E7000,MWH_GE150000,KWH,I_TAX,EUR,EU27_2020	0.0462 	0.0545 	0.0789 	0.0899 	0.0862 	0.0802 	0.0851 	0.0912 	0.0845 	0.0852 	0.0861 	0.0915 	0.0916 	0.0959 	0.0782 	0.0862 	0.0797 	0.0855 	0.0733 	0.0778 	0.0751 	0.0761 	0.0763 	0.0789 	0.0756 	0.0845 	0.0758 	0.0794 	0.0914 	0.1391 	0.1987 	0.2297 	0.1741 	0.1617 	0.1311 	0.1449 	0.1370 
S,E7000,MWH_GE150000,KWH,I_TAX,EUR,FI	: 	: 	: 	: 	: 	: 	: 	: 	: 	: 	: 	: 	: 	: 	: 	: 	: 	: 	: 	: 	: @C	: 	: @C	: @C	: @C	: @C	0.0570 	: @C	0.0658 	0.1046 	0.1085 	0.1736 	: @C	: @C	: @C	: @C	: @C
S,E7000,MWH_GE150000,KWH,I_TAX,EUR,FR	: 	: 	: 	: 	: 	: 	: 	: 	: 	: 	: 	: 	: 	: 	: 	: 	: 	: 	: 	: 	0.0553 	0.055 	0.0541 	0.0512 	0.0573 	0.0583 	0.0624 	0.0595 	0.0655 	0.0892 	0.1061 	0.1015 	0.0929 	0.1091 	0.0962 	0.0852 	0.0816 
S,E7000,MWH_GE150000,KWH,I_TAX,EUR,GE	: 	: 	: 	: 	: 	: 	: 	: 	: 	: 	: 	: 	: 	: 	: 	: 	: 	: 	: 	: 	: 	: 	0.0538 	0.0585 	0.0574 	: 	: 	: 	: 	: 	: 	: 	: 	: 	0.0000 	0.0000 	0.0000 
S,E7000,MWH_GE150000,KWH,I_TAX,EUR,HR	0.0462 	0.056 	0.0564 	0.0696 	: 	: 	: 	0.0718 	: 	: 	: 	: 	: 	: 	: 	: 	: 	: 	: 	: 	: 	: 	: 	: 	: @C	0.0790 	: @C	: @C	: @C	: @C	: @C	: @C	: @C	: @C	: @C	: @C	: @C
S,E7000,MWH_GE150000,KWH,I_TAX,EUR,HU	: 	0.0804 	0.0927 	0.0987 	0.1099 	0.1187 	0.0955 	0.0963 	0.0882 	0.0956 	0.1179 	0.1219 	0.1207 	0.1188 	0.1041 	0.1041 	0.1015 	0.1032 	0.0912 	0.0918 	0.089 e	0.0919 	0.0754 	0.0801 	0.0840 	0.0857 	0.0796 	0.0831 	0.0913 	0.1602 	0.2930 	0.4051 	0.2635 	0.2416 	0.1738 	0.2267 	0.1933 
S,E7000,MWH_GE150000,KWH,I_TAX,EUR,IE	: 	: 	: 	: 	: 	: 	: 	: 	: 	: 	: 	: 	: 	: 	: 	: 	: 	: 	: 	: 	: @C	: 	0.0922 	0.0952 	0.0925 	0.0893 	0.0855 	0.0873 	0.1166 	0.1950 	0.2503 	0.3063 	0.2279 	0.1898 	0.1744 	0.1888 	0.2075 
S,E7000,MWH_GE150000,KWH,I_TAX,EUR,IS	: 	: 	: 	: 	: 	: 	: 	: 	: 	: 	: 	: 	: 	: 	: 	: 	: 	: 	: 	: 	: @C	: 	: 	: 	: 	: @C	: 	: 	: 	: 	: 	: 	: 	: 	: 	: 	: 
S,E7000,MWH_GE150000,KWH,I_TAX,EUR,IT	: 	: 	0.0999 	0.1115 	0.1019 	0.092 	0.1034 	0.1207 	0.0975 	0.1018 	0.1006 	0.1096 	0.1062 	0.1163 	0.0882 	0.0998 	: 	0.0926 	0.0797 	0.0845 	0.0986 	0.0997 	0.0969 	0.0906 	0.0797 	0.0910 	0.0651 	0.0727 	0.0862 	0.1675 	0.2892 	0.3555 	0.1987 	0.1487 	0.1218 	0.1435 	0.1295 
S,E7000,MWH_GE150000,KWH,I_TAX,EUR,LI	: 	: 	: 	: 	: 	: 	: 	: 	: 	: 	: 	: 	: 	: 	: 	: 	: 	: 	: 	: 	0 	: 	: 	: 	: 	: 	: 	: 	: 	: 	: 	: 	: 	: 	: 	: 	: 
S,E7000,MWH_GE150000,KWH,I_TAX,EUR,LT	: 	: 	: 	: 	: 	: 	: 	: 	: 	: 	: 	: 	: 	: 	: 	: 	: 	: 	: 	: 	: 	: 	: 	0.0764 	: 	0.0000 	: 	0.0000 	: 	0.0952 	0.0873 	0.1964 	: 	: 	: 	: 	0.0000 
S,E7000,MWH_GE150000,KWH,I_TAX,EUR,LU	: 	: 	: 	: 	: 	: 	: 	: 	: 	: 	: 	: 	: 	: @C	: @C	: @C	: @C	: 	: 	: 	: @C	: @C	0.0511 	: @C	: @C	: @C	: @C	: @C	: @C	: @C	: @C	: @C	: @C	: @C	: @C	: @C	: @C
S,E7000,MWH_GE150000,KWH,I_TAX,EUR,LV	: 	: 	: 	: 	: 	: 	: 	: 	: 	: 	: 	: 	: 	: 	: 	: 	: 	: 	: 	: 	: 	: 	: 	: 	: 	0.0000 	0.0000 	0.0000 	0.0000 	0.0000 	0.0000 	: 	0.0000 	0.0000 	0.0000 	0.0000 	: 
S,E7000,MWH_GE150000,KWH,I_TAX,EUR,ME	: 	: 	: 	: 	: 	: 	: 	: 	: @C	: @C	: @C	: @C	: @C	: @C	: @C	: @C	: @C	: @C	: @C	: @C	: @C	: 	: @C	: @C	: @C	: @C	: @C	: @C	: @C	: @C	: 	: 	: 	: 	: 	: 	0.0000 
S,E7000,MWH_GE150000,KWH,I_TAX,EUR,MK	: 	: 	: 	: 	: 	: 	: 	: 	: 	: 	: 	: @C	0.0633 	0.07 	: @C	: @C	: 	: 	: 	: 	: 	: 	0.0658 	0.0817 	0.0693 	0.0737 	0.0630 	0.0637 	0.0682 	0.1839 	0.1983 	0.1710 	0.1337 	0.1304 	0.0932 	0.1125 	0.1220 
S,E7000,MWH_GE150000,KWH,I_TAX,EUR,MT	: 	: 	0.061 	0.1389 	0.1292 	0.0903 	: 	: 	: 	: 	: 	: 	: 	: 	: 	: 	: 	: 	: 	: 	: 	: 	: 	: 	: 	: 	: 	: 	: 	: 	: 	: 	: 	: 	: 	: 	: 
S,E7000,MWH_GE150000,KWH,I_TAX,EUR,NL	: 	: 	: 	: 	0.0804 	0.0722 	0.0744 	0.0761 	0.0759 	0.0775 	0.0709 	0.0767 	0.0881 	0.0906 	0.079 	0.0797 	0.0808 	0.0779 	0.0707 	0.0703 	0.0530 	0.0520 	0.0530 	0.0580 	0.0610 	0.0590 	0.0640 	0.0623 	0.0667 	0.1120 	0.1688 	0.1789 	0.2462 	0.2213 	0.1390 	0.1271 	0.1098 
S,E7000,MWH_GE150000,KWH,I_TAX,EUR,NO	: 	: 	: 	: 	: 	: 	: 	: 	: 	: 	: 	: 	: 	: 	: 	: 	: 	: 	: 	: 	0.0504 	: @C	: @C	: @C	: @C	0.0466 	0.0385 	0.0392 	0.0479 	0.0618 	0.0693 	0.0797 	0.0643 	0.0530 	0.0564 	0.0472 	0.0493 
S,E7000,MWH_GE150000,KWH,I_TAX,EUR,PL	: 	: 	: 	0.0881 	0.0912 	0.095 	0.0997 	0.0997 	0.1024 	0.0923 	0.0959 	0.096 	0.0901 	0.0781 	0.0677 	0.0694 	0.0744 	0.0716 	0.0688 	0.0703 	0.0696 	0.0803 	0.0889 	0.0961 	0.0841 	0.1051 	0.0926 	0.0979 	0.1022 	0.1173 	0.1672 	0.1933 	0.2664 	0.2456 	0.1983 	0.2283 	0.2123 
S,E7000,MWH_GE150000,KWH,I_TAX,EUR,PT	: 	: 	: 	: 	: 	: 	: 	: 	: 	: 	: 	: 	: 	: 	: 	: 	: 	: 	: 	: 	0.0922 	0.0893 	0.0836 	0.0968 	: @C	: @C	0.0816 	0.0830 	0.0969 	0.1693 	0.2154 	0.1894 	0.0566 	0.0941 	0.0745 	0.1156 	0.1147 
S,E7000,MWH_GE150000,KWH,I_TAX,EUR,RO	: 	: 	: 	: 	: 	: 	: 	: 	: 	: 	: 	: 	: 	: 	: 	: 	: 	: 	: 	: 	: 	0.0617 	0.0666 	0.0736 	0.0788 	0.0821 	0.0803 	0.0781 	0.0771 	0.1356 	0.2019 d	0.2542 d	0.1739 	0.1747 	0.1368 	0.1490 	0.1543 
S,E7000,MWH_GE150000,KWH,I_TAX,EUR,RS	: 	: 	: 	: 	: 	: 	: 	: 	: 	: 	: 	: 	: 	: 	: 	: 	: 	: 	: 	: 	0.0573 	0.0608 	0.0628 	0.0631 	0.0647 	0.0651 	0.0700 	0.0699 	0.0727 	0.0866 	0.0886 	0.0913 	0.1384 	0.1243 	0.1587 	0.1297 	0.1348 
S,E7000,MWH_GE150000,KWH,I_TAX,EUR,SE	: 	: 	: 	: 	: 	: 	: 	: 	: 	: 	: 	: 	: 	: 	: 	: 	: 	: 	: 	: 	0.0481 	0.0483 	0.0523 	0.0645 	0.0582 	0.0514 	0.0414 	0.0477 	0.0590 	0.0896 	0.0947 	0.1345 	0.1002 	0.0819 	0.0815 	0.0699 	0.0709 
S,E7000,MWH_GE150000,KWH,I_TAX,EUR,SI	: 	: 	: 	: 	: 	: 	: 	: 	: 	: 	: 	: 	: 	: 	: 	: 	: 	: 	: 	: 	: 	: @C	: @C	: @C	: @C	: @C	: @C	: @C	: @C	: @C	: @C	: @C	: @C	: @C	: @C	: 	: 
S,E7000,MWH_GE150000,KWH,I_TAX,EUR,SK	: 	0.0931 	0.1086 	0.1137 	0.1144 	0.1075 	0.1086 	0.0896 	0.1136 	0.1156 	0.1134 	0.1044 	0.1252 	0.1132 	0.1018 	0.0818 	0.087 	0.0791 	0.0826 	0.087 	0.1072 	0.1068 	0.1069 	0.1138 	0.1154 	0.1217 	0.1133 	0.1154 	0.1258 	0.1631 	0.2262 	0.2971 	0.2636 	0.2276 	0.1591 	0.1829 	0.1687 
S,E7000,MWH_GE150000,KWH,I_TAX,EUR,TR	: 	: 	: 	0.0771 	0.0721 	0.0741 	0.0851 	0.0871 	0.0725 	0.0721 	0.0752 	0.088 	0.0912 	0.0763 	0.0725 	0.0751 	0.0726 	0.0666 	0.07 	0.067 	0.0583 	0.0542 	0.0536 	0.0648 	0.0677 	0.0739 	0.0720 	0.0563 	0.0613 	0.0815 	0.1285 	0.2070 	0.1356 	0.0969 	0.0897 	0.0938 	0.0871 
S,E7000,MWH_GE150000,KWH,I_TAX,EUR,UA	: 	: 	: 	: 	: 	: 	: 	: 	: 	: 	: 	: 	: 	: 	: 	: 	: 	: 	0.0597 	0.07 p	0.0656 	0.0611 	0.0592 	0.0607 	0.0643 	0.0703 	0.0589 	0.0582 	0.0579 	: 	: 	: 	: 	: 	: 	: 	: 
S,E7000,MWH_GE150000,KWH,I_TAX,EUR,UK	0.0986 	0.0836 	0.091 	0.1012 	0.0955 	0.0898 	0.0978 	0.0913 	0.0949 	0.1003 	0.116 	0.1232 	0.1176 	0.1234 	0.1317 	0.1372 	0.1498 	0.1558 	0.1422 	0.1321 	0.1272 	0.1239 	0.1309 	0.1378 	0.1506 	0.1611 	0.1635 	: 	: 	: 	: 	: 	: 	: 	: 	: 	: 
S,E7000,MWH_GE150000,KWH,I_TAX,EUR,XK	: 	: 	: 	: 	: 	: 	: 	: 	: 	: 	: 	: 	0.053 	0.0596 	0.052 	0.0541 	0.0582 	0.0565 	: 	: 	: @C	: @C	: @C	: @C	: @C	: @C	: @C	: 	: @C	: 	: 	: 	: 	: 	: 	: 	: 
S,E7000,MWH_GE150000,KWH,I_TAX,NAC,AL	: 	: 	: 	: 	: 	: 	: 	: 	: 	: 	: 	: 	: 	: 	: 	: 	: 	: 	: 	: 	: 	: 	: 	: 	15.4560 e	: 	15.3960 e	15.3960 e	15.3720 e	15.3720 e	15.3700 	15.3700 	15.3720 e	15.3720 e	15.3720 	15.3720 e	16.8000 
S,E7000,MWH_GE150000,KWH,I_TAX,NAC,AT	: 	: 	: 	0.1056 	: 	: 	: 	: 	: 	: 	: 	: 	: 	: 	: 	: 	: 	0.077 	: 	: 	0.0735 	0.0714 	0.0740 	0.0866 	0.0864 	0.0853 	0.0883 	0.0905 	0.1030 	0.1392 	0.2033 	0.2513 e	0.2362 e	0.2087 e	0.1620 e	0.1713 e	0.1711 e
S,E7000,MWH_GE150000,KWH,I_TAX,NAC,BA	: 	: 	: 	: 	: 	: 	: 	: 	: 	: 	0.1202 	0.1207 	0.1277 	0.1241 	0.126 	0.1183 	0.1119 	0.112 	0.0985 	0.1089 	0.0998 	0.1087 	0.1293 	0.1435 	0.1560 	0.1278 	0.1436 	0.1765 	0.1351 	0.1599 	0.2007 	0.1859 	0.1812 	0.1831 	0.1937 	0.1932 	0.2418 
S,E7000,MWH_GE150000,KWH,I_TAX,NAC,BE	: 	: 	: 	: 	: 	: 	: 	: 	: 	: 	: 	: 	: 	: 	: 	: 	: 	: 	0.0713 	: 	0.0544 	0.0551 	0.0635 	0.0726 	0.0596 	0.0548 	0.0504 	0.0580 	0.0709 	0.1374 	0.2062 	0.2724 	0.1684 	0.1266 	0.0941 	0.1082 	0.1188 
S,E7000,MWH_GE150000,KWH,I_TAX,NAC,BG	: 	0.084 	0.082 	0.103 	0.11 	0.111 	0.11 	0.1205 	0.1099 	0.1121 	0.1181 	0.1232 	0.1307 	0.1187 	0.1241 	0.1223 	0.114 	0.1391 	0.1457 	0.1353 	0.1181 	0.1283 	0.1422 	0.1295 	0.1453 	0.1540 	0.1359 	0.1492 	0.1758 	0.3225 	0.3586 	0.3435 	0.2631 	0.2533 	0.2067 	0.2945 	0.2430 
S,E7000,MWH_GE150000,KWH,I_TAX,NAC,CY	: 	: 	: 	: 	: 	: 	: 	: 	: 	: 	: 	: 	: 	: 	: 	: 	: 	: 	: 	: 	: 	: 	: 	: 	: 	0.0000 	0.0000 	0.1347 	0.0000 	0.0000 	0.0000 	0.3390 	0.3011 	0.2895 	0.0000 n	: 	0.2483 
S,E7000,MWH_GE150000,KWH,I_TAX,NAC,CZ	: 	: 	: 	: 	: 	: 	: 	: 	: 	: 	: 	: 	: 	: 	: 	: 	: 	: 	: 	: 	: @C	: @C	1.9486 	: @C	: @C	: @C	: @C	: @C	: @C	: @C	: @C	: @C	: @C	: @C	: @C	: @C	: @C
S,E7000,MWH_GE150000,KWH,I_TAX,NAC,DE	: 	: 	: 	: 	: 	: 	: 	: 	: 	: 	: 	: 	: 	: 	: 	: 	: 	: 	: 	: 	: 	: 	: 	: 	: 	0.1114 	0.0965 	0.1044 	0.1248 	0.1758 	0.2262 	0.2662 	0.2088 	0.2014 	0.1640 	0.1851 	0.1752 
S,E7000,MWH_GE150000,KWH,I_TAX,NAC,DK	: 	: 	: 	: 	: 	: 	: 	: 	: 	: 	: 	: 	: 	: 	: 	: 	: 	: 	: 	: 	1.7472 	1.7639 	1.8049 	1.7759 	1.7132 	1.6717 	1.5493 	1.6557 	1.8270 	2.3426 	2.7752 	3.2989 	1.0718 	1.8562 	1.8598 	2.0008 	1.9814 
S,E7000,MWH_GE150000,KWH,I_TAX,NAC,EE	: 	: 	: 	: 	: 	: 	: 	: 	: 	: 	: 	: 	: 	: 	: 	: 	: 	: 	: 	: 	: 	: 	: 	: 	: 	0.0826 	: @C	: @C	: @C	0.0000 	0.0000 	0.0000 	0.0000 	0.0000 	0.0000 	0.0000 	: @C
S,E7000,MWH_GE150000,KWH,I_TAX,NAC,EL	: 	: 	: 	: 	: 	0.0648 	0.0665 	0.0747 	0.0691 	0.0686 	0.0675 	: 	: 	: 	: 	: 	: 	: 	: 	: 	: @C	: @C	: @C	: @C	: @C	: @C	: @C	: @C	: @C	: @C	: @C	0.0963 	0.1050 	0.1049 	0.1057 	0.1173 	0.1188 
S,E7000,MWH_GE150000,KWH,I_TAX,NAC,ES	: 	0.0477 	0.0513 	0.0597 	0.0621 	0.0579 	0.0594 	0.0603 	0.062 	0.0626 	0.066 	0.068 	0.068 	0.0795 	0.0654 	0.0822 	0.0808 	0.091 	0.0657 	0.0752 	0.0834 	0.082 	0.0800 	0.0947 	0.0821 	0.0740 	0.0608 	0.0655 	0.0749 	0.1491 	0.2541 	0.2475 	0.1386 	0.1291 	0.0911 	0.1174 	0.1061 
S,E7000,MWH_GE150000,KWH,I_TAX,NAC,FI	: 	: 	: 	: 	: 	: 	: 	: 	: 	: 	: 	: 	: 	: 	: 	: 	: 	: 	: 	: 	: @C	: 	: @C	: @C	: @C	: @C	0.0570 	: @C	0.0658 	0.1046 	0.1085 	0.1736 	: @C	: @C	: @C	: @C	: @C
S,E7000,MWH_GE150000,KWH,I_TAX,NAC,FR	: 	: 	: 	: 	: 	: 	: 	: 	: 	: 	: 	: 	: 	: 	: 	: 	: 	: 	: 	: 	0.0553 	0.055 	0.0541 	0.0512 	0.0573 	0.0583 	0.0624 	0.0595 	0.0655 	0.0892 	0.1061 	0.1015 	0.0929 	0.1091 	0.0962 	0.0852 	0.0816 
S,E7000,MWH_GE150000,KWH,I_TAX,NAC,GE	: 	: 	: 	: 	: 	: 	: 	: 	: 	: 	: 	: 	: 	: 	: 	: 	: 	: 	: 	: 	: 	: 	0.1607 	0.1753 	0.1753 	: 	: 	: 	: 	: 	: 	: 	: 	: 	0.0000 	0.0000 	0.0000 
S,E7000,MWH_GE150000,KWH,I_TAX,NAC,HR	0.34 	0.41 	0.41 	0.5 	: 	: 	: 	0.525 	: 	: 	: 	: 	: 	: 	: 	: 	: 	: 	: 	: 	: 	: 	: 	: 	: @C	0.5857 	: @C	: @C	: @C	: @C	: @C	: @C	: @C	: @C	: @C	: @C	: @C
S,E7000,MWH_GE150000,KWH,I_TAX,NAC,HU	: 	20.28 	23.52 	24.65 	31.8753 	32.18 	25.95 	26.8639 	23.7553 	27.6423 	34.8285 	34.5273 	35.7308 	35.3547 	31.9556 	32.318 	31.2205 	32.2439 	28.5208 	28.4814 	27.5492 e	28.3859 	23.6785 	25.9223 	26.9058 	28.2707 	27.4952 	29.6695 	32.6582 	57.5337 	109.9426 	164.9431 	100.2886 	92.4803 	67.7449 	90.8418 	78.1910 
S,E7000,MWH_GE150000,KWH,I_TAX,NAC,IE	: 	: 	: 	: 	: 	: 	: 	: 	: 	: 	: 	: 	: 	: 	: 	: 	: 	: 	: 	: 	: @C	: 	0.0922 	0.0952 	0.0925 	0.0893 	0.0855 	0.0873 	0.1166 	0.1950 	0.2503 	0.3063 	0.2279 	0.1898 	0.1744 	0.1888 	0.2075 
S,E7000,MWH_GE150000,KWH,I_TAX,NAC,IS	: 	: 	: 	: 	: 	: 	: 	: 	: 	: 	: 	: 	: 	: 	: 	: 	: 	: 	: 	: 	: @C	: 	: 	: 	: 	: @C	: 	: 	: 	: 	: 	: 	: 	: 	: 	: 	: 
S,E7000,MWH_GE150000,KWH,I_TAX,NAC,IT	: 	: 	0.0999 	0.1115 	0.1019 	0.092 	0.1034 	0.1207 	0.0975 	0.1018 	0.1006 	0.1096 	0.1062 	0.1163 	0.0882 	0.0998 	: 	0.0926 	0.0797 	0.0845 	0.0986 	0.0997 	0.0969 	0.0906 	0.0797 	0.0910 	0.0651 	0.0727 	0.0862 	0.1675 	0.2892 	0.3555 	0.1987 	0.1487 	0.1218 	0.1435 	0.1295 
S,E7000,MWH_GE150000,KWH,I_TAX,NAC,LI	: 	: 	: 	: 	: 	: 	: 	: 	: 	: 	: 	: 	: 	: 	: 	: 	: 	: 	: 	: 	0 	: 	: 	: 	: 	: 	: 	: 	: 	: 	: 	: 	: 	: 	: 	: 	: 
S,E7000,MWH_GE150000,KWH,I_TAX,NAC,LT	: 	: 	: 	: 	: 	: 	: 	: 	: 	: 	: 	: 	: 	: 	: 	: 	: 	: 	: 	: 	: 	: 	: 	0.0764 	: 	0.0000 	: 	0.0000 	: 	0.0952 	0.0873 	0.1964 	: 	: 	: 	: 	0.0000 
S,E7000,MWH_GE150000,KWH,I_TAX,NAC,LU	: 	: 	: 	: 	: 	: 	: 	: 	: 	: 	: 	: 	: 	: @C	: @C	: @C	: @C	: 	: 	: 	: @C	: @C	0.0511 	: @C	: @C	: @C	: @C	: @C	: @C	: @C	: @C	: @C	: @C	: @C	: @C	: @C	: @C
S,E7000,MWH_GE150000,KWH,I_TAX,NAC,LV	: 	: 	: 	: 	: 	: 	: 	: 	: 	: 	: 	: 	: 	: 	: 	: 	: 	: 	: 	: 	: 	: 	: 	: 	: 	0.0000 	0.0000 	0.0000 	0.0000 	0.0000 	0.0000 	: 	0.0000 	0.0000 	0.0000 	0.0000 	: 
S,E7000,MWH_GE150000,KWH,I_TAX,NAC,ME	: 	: 	: 	: 	: 	: 	: 	: 	: @C	: @C	: @C	: @C	: @C	: @C	: @C	: @C	: @C	: @C	: @C	: @C	: @C	: 	: @C	: @C	: @C	: @C	: @C	: @C	: @C	: @C	: 	: 	: 	: 	: 	: 	0.0000 
S,E7000,MWH_GE150000,KWH,I_TAX,NAC,MK	: 	: 	: 	: 	: 	: 	: 	: 	: 	: 	: 	: @C	3.8985 	4.3059 	: @C	: @C	: 	: 	: 	: 	: 	: 	4.0500 	5.0263 	4.2618 	4.5306 	3.8829 	3.9295 	4.2068 	11.3310 	12.2286 	10.5262 	8.2368 	8.0190 	5.7352 	6.9178 	7.5133 
S,E7000,MWH_GE150000,KWH,I_TAX,NAC,MT	: 	: 	0.061 	0.1389 	0.1292 	0.0903 	: 	: 	: 	: 	: 	: 	: 	: 	: 	: 	: 	: 	: 	: 	: 	: 	: 	: 	: 	: 	: 	: 	: 	: 	: 	: 	: 	: 	: 	: 	: 
S,E7000,MWH_GE150000,KWH,I_TAX,NAC,NL	: 	: 	: 	: 	0.0804 	0.0722 	0.0744 	0.0761 	0.0759 	0.0775 	0.0709 	0.0767 	0.0881 	0.0906 	0.079 	0.0797 	0.0808 	0.0779 	0.0707 	0.0703 	0.0530 	0.0520 	0.0530 	0.0580 	0.0610 	0.0590 	0.0640 	0.0623 	0.0667 	0.1120 	0.1688 	0.1789 	0.2462 	0.2213 	0.1390 	0.1271 	0.1098 
S,E7000,MWH_GE150000,KWH,I_TAX,NAC,NO	: 	: 	: 	: 	: 	: 	: 	: 	: 	: 	: 	: 	: 	: 	: 	: 	: 	: 	: 	: 	0.4624 	: @C	: @C	: @C	: @C	0.4647 	0.4131 	0.4195 	0.4875 	0.6270 	0.6921 	0.8153 	0.7286 	0.6116 	0.6477 	0.5548 	0.5747 
S,E7000,MWH_GE150000,KWH,I_TAX,NAC,PL	: 	: 	: 	0.3117 	0.4082 	0.3977 	0.3991 	0.3977 	0.4047 	0.3956 	0.4074 	0.3958 	0.3765 	0.3291 	0.2825 	0.2911 	0.3079 	0.3026 	0.3006 	0.3064 	0.2969 	0.341 	0.3753 	0.4133 	0.3610 	0.4524 	0.4089 	0.4378 	0.4638 	0.5387 	0.7749 	0.9155 	1.2312 	1.0953 	0.8558 	0.9807 	0.8983 
S,E7000,MWH_GE150000,KWH,I_TAX,NAC,PT	: 	: 	: 	: 	: 	: 	: 	: 	: 	: 	: 	: 	: 	: 	: 	: 	: 	: 	: 	: 	0.0922 	0.0893 	0.0836 	0.0968 	: @C	: @C	0.0816 	0.0830 	0.0969 	0.1693 	0.2154 	0.1894 	0.0566 	0.0941 	0.0745 	0.1156 	0.1147 
S,E7000,MWH_GE150000,KWH,I_TAX,NAC,RO	: 	: 	: 	: 	: 	: 	: 	: 	: 	: 	: 	: 	: 	: 	: 	: 	: 	: 	: 	: 	: 	0.2839 	0.3102 	0.3424 	0.3738 	0.3901 	0.3868 	0.3796 	0.3778 	0.6701 	0.9985 d	1.2498 d	0.8580 	0.8664 	0.6806 	0.7412 	0.7721 
S,E7000,MWH_GE150000,KWH,I_TAX,NAC,RS	: 	: 	: 	: 	: 	: 	: 	: 	: 	: 	: 	: 	: 	: 	: 	: 	: 	: 	: 	: 	7.0723 	7.2674 	7.4241 	7.4621 	7.6456 	7.6602 	8.2252 	8.2228 	8.5500 	10.1844 	10.4246 	10.7173 	16.2382 	14.5622 	18.5875 	15.1817 	15.7997 
S,E7000,MWH_GE150000,KWH,I_TAX,NAC,SE	: 	: 	: 	: 	: 	: 	: 	: 	: 	: 	: 	: 	: 	: 	: 	: 	: 	: 	: 	: 	0.4618 	0.467 	0.5310 	0.6681 	0.6118 	0.5475 	0.4415 	0.4919 	0.5975 	0.9105 	0.9921 	1.4498 	1.1360 	0.9513 	0.9283 	0.8014 	0.7861 
S,E7000,MWH_GE150000,KWH,I_TAX,NAC,SI	: 	: 	: 	: 	: 	: 	: 	: 	: 	: 	: 	: 	: 	: 	: 	: 	: 	: 	: 	: 	: 	: @C	: @C	: @C	: @C	: @C	: @C	: @C	: @C	: @C	: @C	: @C	: @C	: @C	: @C	: 	: 
S,E7000,MWH_GE150000,KWH,I_TAX,NAC,SK	: 	3.12 	3.5 	3.45 	0.1144 	0.1075 	0.1086 	0.0896 	0.1136 	0.1156 	0.1134 	0.1044 	0.1252 	0.1132 	0.1018 	0.0818 	0.087 	0.0791 	0.0826 	0.087 	0.1072 	0.1068 	0.1069 	0.1138 	0.1154 	0.1217 	0.1133 	0.1154 	0.1258 	0.1631 	0.2262 	0.2971 	0.2636 	0.2276 	0.1591 	0.1829 	0.1687 
S,E7000,MWH_GE150000,KWH,I_TAX,NAC,TR	: 	: 	: 	0.1484 	0.1551 	0.161 	0.172 	0.1718 	0.1601 	0.1776 	0.1756 	0.2017 	0.2172 	0.2047 	0.215 	0.2137 	0.208 	0.2119 	0.228 	0.2297 	0.2296 	0.2334 	0.2656 	0.4175 	0.4305 	0.4699 	0.5152 	0.5026 	0.5834 	0.9338 	2.0893 	3.8378 	2.9289 	2.8990 	3.0727 	3.4578 	3.5823 
S,E7000,MWH_GE150000,KWH,I_TAX,NAC,UA	: 	: 	: 	: 	: 	: 	: 	: 	: 	: 	: 	: 	: 	: 	: 	: 	: 	: 	1.7 	1.97 p	1.9 	1.9 	1.9200 	1.9334 	1.9556 	1.9308 	1.6857 	1.9200 	1.9407 	: 	: 	: 	: 	: 	: 	: 	: 
S,E7000,MWH_GE150000,KWH,I_TAX,NAC,UK	0.0665 	0.058 	0.0705 	0.0827 	0.0854 	0.0798 	0.0851 	0.0773 	0.0824 	0.087 	0.0954 	0.0985 	0.1001 	0.1046 	0.1082 	0.1086 	0.1097 	0.1121 	0.1107 	0.1135 	0.1095 	0.1106 	0.1152 	0.1226 	0.1316 	0.1420 	0.1430 	: 	: 	: 	: 	: 	: 	: 	: 	: 	: 
S,E7000,MWH_GE150000,KWH,I_TAX,NAC,XK	: 	: 	: 	: 	: 	: 	: 	: 	: 	: 	: 	: 	0.053 	0.0596 	0.052 	0.0541 	0.0582 	0.0565 	: 	: 	: @C	: @C	: @C	: @C	: @C	: @C	: @C	: 	: @C	: 	: 	: 	: 	: 	: 	: 	: 
S,E7000,MWH_GE150000,KWH,I_TAX,PPS,AL	: 	: 	: 	: 	: 	: 	: 	: 	: 	: 	: 	: 	: 	: 	: 	: 	: 	: 	: 	: 	: 	: 	: 	: 	0.2511 e	: 	0.2421 e	0.2421 e	0.2388 e	0.2388 e	0.2398 	0.2398 	0.2412 e	0.2416 e	0.2443 	0.2457 e	0.2703 
S,E7000,MWH_GE150000,KWH,I_TAX,PPS,AT	: 	: 	: 	0.0968 	: 	: 	: 	: 	: 	: 	: 	: 	: 	: 	: 	: 	: 	0.0709 	: 	: 	0.0651 	0.0633 	0.0657 	0.0768 	0.0760 	0.0750 	0.0772 	0.0792 	0.0901 	0.1205 	0.1760 	0.2203 e	0.2104 e	0.1859 e	0.1430 e	0.1512 e	0.1490 e
S,E7000,MWH_GE150000,KWH,I_TAX,PPS,BA	: 	: 	: 	: 	: 	: 	: 	: 	: 	: 	0.1274 	0.1279 	0.1339 	0.1301 	0.1333 	0.1252 	0.1184 	0.1215 	0.1066 	0.1177 	0.1007 	0.1097 	0.1300 	0.1442 	0.1553 	0.1272 	0.1434 	0.1762 	0.1349 	0.1572 	0.1973 	0.1825 	0.1703 	0.1692 	0.1816 	0.1800 	0.2095 
S,E7000,MWH_GE150000,KWH,I_TAX,PPS,BE	: 	: 	: 	: 	: 	: 	: 	: 	: 	: 	: 	: 	: 	: 	: 	: 	: 	: 	0.0659 	: 	0.0482 	0.0488 	0.0563 	0.0643 	0.0528 	0.0486 	0.0452 	0.0520 	0.0636 	0.1235 	0.1856 	0.2451 	0.1513 	0.1131 	0.0839 	0.0958 	0.1059 
S,E7000,MWH_GE150000,KWH,I_TAX,PPS,BG	: 	0.1071 	0.0981 	0.1232 	0.1258 	0.1269 	0.1269 	0.139 	0.1187 	0.1211 	0.1284 	0.134 	0.1405 	0.1276 	0.1346 	0.1326 	0.1236 	0.1539 	0.1616 	0.1493 	0.1199 	0.1303 	0.1414 	0.1288 	0.1397 	0.1481 	0.1290 	0.1416 	0.1668 	0.2987 	0.3322 	0.3168 	0.2232 	0.2148 	0.1751 	0.2494 	0.2025 
S,E7000,MWH_GE150000,KWH,I_TAX,PPS,CY	: 	: 	: 	: 	: 	: 	: 	: 	: 	: 	: 	: 	: 	: 	: 	: 	: 	: 	: 	: 	: 	: 	: 	: 	: 	0.0000 	0.0000 	0.1470 	0.0000 	0.0000 	0.0000 	0.3741 	0.3292 	0.3176 	0.0000 n	: 	0.2718 
S,E7000,MWH_GE150000,KWH,I_TAX,PPS,CZ	: 	: 	: 	: 	: 	: 	: 	: 	: 	: 	: 	: 	: 	: 	: 	: 	: 	: 	: 	: 	: @C	: @C	0.1068 	: @C	: @C	: @C	: @C	: @C	: @C	: @C	: @C	: @C	: @C	: @C	: @C	: @C	: @C
S,E7000,MWH_GE150000,KWH,I_TAX,PPS,DE	: 	: 	: 	: 	: 	: 	: 	: 	: 	: 	: 	: 	: 	: 	: 	: 	: 	: 	: 	: 	: 	: 	: 	: 	: 	0.1007 	0.0873 	0.0945 	0.1129 	0.1582 	0.2037 	0.2397 	0.1865 	0.1800 	0.1458 	0.1654 	0.1568 
S,E7000,MWH_GE150000,KWH,I_TAX,PPS,DK	: 	: 	: 	: 	: 	: 	: 	: 	: 	: 	: 	: 	: 	: 	: 	: 	: 	: 	: 	: 	0.1746 	0.1763 	0.1808 	0.1779 	0.1729 	0.1687 	0.1561 	0.1668 	0.1841 	0.2371 	0.2792 	0.3319 	0.1089 	0.1872 	0.1887 	0.2030 	0.2031 
S,E7000,MWH_GE150000,KWH,I_TAX,PPS,EA	: 	: 	: 	: 	: 	: 	: 	: 	: 	: 	: 	: 	: 	: 	: 	: 	: 	: 	: 	: 	0.0738 	0.0750 	0.0722 	0.0751 	0.0712 	0.0793 	0.0704 	0.0736 	0.0862 	0.1373 	0.1987 	0.2261 	0.1613 	0.1485 	0.1179 	0.1315 	0.1243 
S,E7000,MWH_GE150000,KWH,I_TAX,PPS,EE	: 	: 	: 	: 	: 	: 	: 	: 	: 	: 	: 	: 	: 	: 	: 	: 	: 	: 	: 	: 	: 	: 	: 	: 	: 	0.1016 	: @C	: @C	: @C	0.0000 	0.0000 	0.0000 	0.0000 	0.0000 	0.0000 	0.0000 	: @C
S,E7000,MWH_GE150000,KWH,I_TAX,PPS,EL	: 	: 	: 	: 	: 	0.0699 	0.0723 	0.0812 	0.0745 	0.0739 	0.0755 	: 	: 	: 	: 	: 	: 	: 	: 	: 	: @C	: @C	: @C	: @C	: @C	: @C	: @C	: @C	: @C	: @C	: @C	0.1170 	0.1280 	0.1279 	0.1305 	0.1448 	0.1462 
S,E7000,MWH_GE150000,KWH,I_TAX,PPS,ES	: 	0.0531 	0.0557 	0.0648 	0.0658 	0.0614 	0.0632 	0.0642 	0.0665 	0.0671 	0.0729 	0.0751 	0.0755 	0.0883 	0.0731 	0.0919 	0.0903 	0.1016 	0.0742 	0.0841 	0.0908 	0.0893 	0.0858 	0.1016 	0.0881 	0.0794 	0.0648 	0.0698 	0.0798 	0.1594 	0.2716 	0.2621 	0.1486 	0.1384 	0.0996 	0.1308 	0.1183 
S,E7000,MWH_GE150000,KWH,I_TAX,PPS,EU27_2020	: 	: 	: 	: 	: 	: 	: 	: 	: 	: 	: 	: 	: 	: 	: 	: 	: 	: 	: 	: 	0.0794 	0.0838 	0.0833 	0.0872 	0.0835 	0.0897 	0.0804 	0.0842 	0.0961 	0.1451 	0.2077 	0.2417 	0.1856 	0.1713 	0.1363 	0.1529 	0.1433 
S,E7000,MWH_GE150000,KWH,I_TAX,PPS,FI	: 	: 	: 	: 	: 	: 	: 	: 	: 	: 	: 	: 	: 	: 	: 	: 	: 	: 	: 	: 	: @C	: 	: @C	: @C	: @C	: @C	0.0451 	: @C	0.0520 	0.0841 	0.0870 	0.1392 	: @C	: @C	: @C	: @C	: @C
S,E7000,MWH_GE150000,KWH,I_TAX,PPS,FR	: 	: 	: 	: 	: 	: 	: 	: 	: 	: 	: 	: 	: 	: 	: 	: 	: 	: 	: 	: 	0.0493 	0.049 	0.0486 	0.0460 	0.0527 	0.0536 	0.0573 	0.0547 	0.0602 	0.0821 	0.0979 	0.0936 	0.0855 	0.0999 	0.0881 	0.0780 	0.0749 
S,E7000,MWH_GE150000,KWH,I_TAX,PPS,HR	0.0718 	0.0866 	0.0836 	0.102 	: 	: 	: 	0.1024 	: 	: 	: 	: 	: 	: 	: 	: 	: 	: 	: 	: 	: 	: 	: 	: 	: @C	0.1202 	: @C	: @C	: @C	: @C	: @C	: @C	: @C	: @C	: @C	: @C	: @C
S,E7000,MWH_GE150000,KWH,I_TAX,PPS,HU	: 	0.1253 	0.142 	0.1488 	0.191 	0.1928 	0.1579 	0.1634 	0.1436 	0.1671 	0.2069 	0.2052 	0.2087 	0.2065 	0.1828 	0.1849 	0.1786 	0.1844 	0.1624 	0.1627 	0.1391 e	0.1433 	0.1152 	0.1262 	0.1262 	0.1326 	0.1235 	0.1332 	0.1399 	0.2480 	0.4348 	0.6523 	0.3966 	0.3657 	0.2490 	0.3394 	0.2790 
S,E7000,MWH_GE150000,KWH,I_TAX,PPS,IE	: 	: 	: 	: 	: 	: 	: 	: 	: 	: 	: 	: 	: 	: 	: 	: 	: 	: 	: 	: 	: @C	: 	0.0789 	0.0816 	0.0770 	0.0743 	0.0713 	0.0718 	0.0973 	0.1627 	0.2121 	0.2577 	0.1904 	0.1597 	0.1452 	0.1595 	0.1753 
S,E7000,MWH_GE150000,KWH,I_TAX,PPS,IS	: 	: 	: 	: 	: 	: 	: 	: 	: 	: 	: 	: 	: 	: 	: 	: 	: 	: 	: 	: 	: @C	: 	: 	: 	: 	: @C	: 	: 	: 	: 	: 	: 	: 	: 	: 	: 	: 
S,E7000,MWH_GE150000,KWH,I_TAX,PPS,IT	: 	: 	0.0989 	0.1104 	0.0984 	0.0888 	0.1012 	0.1181 	0.0957 	0.0999 	0.1002 	0.1091 	0.1053 	0.1153 	0.0879 	0.0994 	: 	0.092 	0.0812 	0.0861 	0.0981 	0.0992 	0.0966 	0.0903 	0.0801 	0.0914 	0.0655 	0.0732 	0.0868 	0.1708 	0.2950 	0.3640 	0.2067 	0.1549 	0.1261 	0.1492 	0.1354 
S,E7000,MWH_GE150000,KWH,I_TAX,PPS,LT	: 	: 	: 	: 	: 	: 	: 	: 	: 	: 	: 	: 	: 	: 	: 	: 	: 	: 	: 	: 	: 	: 	: 	0.1159 	: 	0.0000 	: 	0.0000 	: 	0.1368 	0.1255 	0.2844 	: 	: 	: 	: 	0.0000 
S,E7000,MWH_GE150000,KWH,I_TAX,PPS,LU	: 	: 	: 	: 	: 	: 	: 	: 	: 	: 	: 	: 	: 	: @C	: @C	: @C	: @C	: 	: 	: 	: @C	: @C	0.0409 	: @C	: @C	: @C	: @C	: @C	: @C	: @C	: @C	: @C	: @C	: @C	: @C	: @C	: @C
S,E7000,MWH_GE150000,KWH,I_TAX,PPS,LV	: 	: 	: 	: 	: 	: 	: 	: 	: 	: 	: 	: 	: 	: 	: 	: 	: 	: 	: 	: 	: 	: 	: 	: 	: 	0.0000 	0.0000 	0.0000 	0.0000 	0.0000 	0.0000 	: 	0.0000 	0.0000 	0.0000 	0.0000 	: 
S,E7000,MWH_GE150000,KWH,I_TAX,PPS,ME	: 	: 	: 	: 	: 	: 	: 	: 	: @C	: @C	: @C	: @C	: @C	: @C	: @C	: @C	: @C	: @C	: @C	: @C	: @C	: 	: @C	: @C	: @C	: @C	: @C	: @C	: @C	: @C	: 	: 	: 	: 	: 	: 	0.0000 
S,E7000,MWH_GE150000,KWH,I_TAX,PPS,MK	: 	: 	: 	: 	: 	: 	: 	: 	: 	: 	: 	: @C	0.1523 	0.1682 	: @C	: @C	: 	: 	: 	: 	: 	: 	0.1443 	0.1791 	0.1521 	0.1617 	0.1371 	0.1387 	0.1485 	0.3869 	0.4176 	0.3670 	0.2797 	0.2745 	0.1924 	0.2218 	0.2409 
S,E7000,MWH_GE150000,KWH,I_TAX,PPS,MT	: 	: 	0.0851 	0.1937 	0.1776 	0.1242 	: 	: 	: 	: 	: 	: 	: 	: 	: 	: 	: 	: 	: 	: 	: 	: 	: 	: 	: 	: 	: 	: 	: 	: 	: 	: 	: 	: 	: 	: 	: 
S,E7000,MWH_GE150000,KWH,I_TAX,PPS,NL	0.0833 	: 	: 	: 	0.0719 	0.0645 	0.0668 	0.0684 	0.069 	0.0704 	0.0647 	0.07 	0.0805 	0.0828 	0.0722 	0.0728 	0.0745 	0.0718 	0.0652 	0.0651 	0.0465 	0.0457 	0.0463 	0.0506 	0.0517 	0.0500 	0.0549 	0.0535 	0.0574 	0.0964 	0.1442 	0.1528 	0.2095 	0.1883 	0.1186 	0.1084 	0.0937 
S,E7000,MWH_GE150000,KWH,I_TAX,PPS,NO	: 	: 	: 	: 	: 	: 	: 	: 	: 	: 	: 	: 	: 	: 	: 	: 	: 	: 	: 	: 	0.0331 	: @C	: @C	: @C	: @C	0.0320 	0.0273 	0.0277 	0.0322 	0.0433 	0.0477 	0.0568 	0.0534 	0.0451 	0.0456 	0.0391 	0.0397 
S,E7000,MWH_GE150000,KWH,I_TAX,PPS,PL	: 	: 	: 	0.1312 	0.1647 	0.1604 	0.1674 	0.1668 	0.1671 	0.1633 	0.1689 	0.1641 	0.1561 	0.1364 	0.1167 	0.1202 	0.1272 	0.1258 	0.1271 	0.1297 	0.117 	0.1344 	0.1456 	0.1604 	0.1374 	0.1722 	0.1526 	0.1634 	0.1731 	0.1957 	0.2670 	0.3155 	0.4276 	0.3804 	0.2789 	0.3196 	0.2901 
S,E7000,MWH_GE150000,KWH,I_TAX,PPS,PT	: 	: 	: 	: 	: 	: 	: 	: 	: 	: 	: 	: 	: 	: 	: 	: 	: 	: 	: 	: 	0.11 	0.1065 	0.0992 	0.1149 	: @C	: @C	0.0959 	0.0975 	0.1139 	0.1977 	0.2515 	0.2212 	0.0662 	0.1116 	0.0900 	0.1404 	0.1390 
S,E7000,MWH_GE150000,KWH,I_TAX,PPS,RO	: 	: 	: 	: 	: 	: 	: 	: 	: 	: 	: 	: 	: 	: 	: 	: 	: 	: 	: 	: 	: 	0.1208 	0.1259 	0.1389 	0.1484 	0.1549 	0.1514 	0.1485 	0.1478 	0.2562 	0.3621 d	0.4532 d	0.3111 	0.3142 	0.2421 	0.2615 	0.2602 
S,E7000,MWH_GE150000,KWH,I_TAX,PPS,RS	: 	: 	: 	: 	: 	: 	: 	: 	: 	: 	: 	: 	: 	: 	: 	: 	: 	: 	: 	: 	0.119 	0.1223 	0.1229 	0.1235 	0.1246 	0.1249 	0.1316 	0.1315 	0.1368 	0.1591 	0.1628 	0.1677 	0.2408 	0.2127 	0.2587 	0.2127 	0.2197 
S,E7000,MWH_GE150000,KWH,I_TAX,PPS,SE	: 	: 	: 	: 	: 	: 	: 	: 	: 	: 	: 	: 	: 	: 	: 	: 	: 	: 	: 	: 	0.0358 	0.0362 	0.0406 	0.0511 	0.0463 	0.0414 	0.0334 	0.0372 	0.0454 	0.0692 	0.0754 	0.1102 	0.0843 	0.0704 	0.0682 	0.0593 	0.0584 
S,E7000,MWH_GE150000,KWH,I_TAX,PPS,SI	: 	: 	: 	: 	: 	: 	: 	: 	: 	: 	: 	: 	: 	: 	: 	: 	: 	: 	: 	: 	: 	: @C	: @C	: @C	: @C	: @C	: @C	: @C	: @C	: @C	: @C	: @C	: @C	: @C	: @C	: 	: 
S,E7000,MWH_GE150000,KWH,I_TAX,PPS,SK	: 	0.1375 	0.1638 	0.1614 	0.1683 	0.1582 	0.1625 	0.1341 	0.1653 	0.1682 	0.1661 	0.1529 	0.1843 	0.1666 	0.1528 	0.1228 	0.1306 	0.1217 	0.1263 	0.1339 	0.1425 	0.142 	0.1392 	0.1482 	0.1466 	0.1546 	0.1407 	0.1433 	0.1563 	0.2015 	0.2795 	0.3693 	0.3182 	0.2870 	0.1964 	0.2286 	0.2104 
S,E7000,MWH_GE150000,KWH,I_TAX,PPS,TR	: 	: 	: 	0.1303 	0.1279 	0.1328 	0.1396 	0.1394 	0.1218 	0.1351 	0.1269 	0.1458 	0.1475 	0.139 	0.1355 	0.1347 	0.1311 	0.1356 	0.1373 	0.1381 	0.1139 	0.1158 	0.1102 	0.1733 	0.1525 	0.1665 	0.1567 	0.1529 	0.1774 	0.2240 	0.5013 	0.5292 	0.3947 	0.3907 	0.2756 	0.1911 	0.1980 
S,E7000,MWH_GE150000,KWH,I_TAX,PPS,UK	0.0836 	0.0729 	0.0846 	0.0993 	0.0979 	0.0915 	0.094 	0.0854 	0.0889 	0.0938 	0.1043 	0.1077 	0.1082 	0.1131 	0.1154 	0.1158 	0.119 	0.1216 	0.12 	0.1231 	0.1098 	0.1109 	0.1143 	0.1216 	0.1292 	0.1394 	0.1387 	: 	: 	: 	: 	: 	: 	: 	: 	: 	: 
S,E7000,MWH_GE150000,KWH,X_TAX,EUR,AL	: 	: 	: 	: 	: 	: 	: 	: 	: 	: 	: 	: 	: 	: 	: 	: 	: 	: 	: 	: 	: 	: 	: 	: 	0.1040 e	: 	0.1037 e	0.1036 e	0.1039 e	0.1053 e	0.1057 	0.1097 	0.1135 e	0.1223 e	0.1252 	0.1292 e	0.1420 
S,E7000,MWH_GE150000,KWH,X_TAX,EUR,AT	: 	: 	: 	0.073 	: 	: 	: 	: 	: 	: 	: 	: 	: 	: 	: 	: 	: 	0.0449 	: 	: 	0.0418 	0.0409 	0.0431 	0.0537 	0.0536 	0.0529 	0.0522 	0.0546 	0.0632 	0.0952 	0.1552 	0.2043 	0.1944 	0.1713 	0.1329 	0.1405 	0.1257 
S,E7000,MWH_GE150000,KWH,X_TAX,EUR,BA	: 	: 	: 	: 	: 	: 	: 	: 	: 	: 	0.0524 	0.0527 	0.0557 	0.0541 	0.0549 	0.0516 	0.0489 	0.049 	0.0431 	0.0476 	0.0423 	0.0461 	0.0553 	0.0615 	0.0668 	0.0539 	0.0615 	0.0752 	0.0564 	0.0671 	0.0849 	0.0788 	0.0786 	0.0794 	0.0841 	0.0839 	0.1051 
S,E7000,MWH_GE150000,KWH,X_TAX,EUR,BE	: 	: 	: 	: 	: 	: 	: 	: 	: 	: 	: 	: 	: 	: 	: 	: 	: 	: 	0.0571 	: 	0.0434 	0.0417 	0.0471 	0.0561 	0.0449 	0.0411 	0.0370 	0.0433 	0.0527 	0.1083 	0.1660 	0.2211 	0.1363 	0.1020 	0.0742 	0.0862 	0.0914 
S,E7000,MWH_GE150000,KWH,X_TAX,EUR,BG	: 	0.0353 	0.0343 	0.0435 	0.046 	0.047 	0.0465 	0.0503 	0.0458 	0.0473 	0.0493 	0.0515 	0.0547 	0.0495 	0.0518 	0.0511 	0.0476 	0.0582 	0.061 	0.0566 	0.0493 	0.0536 	0.0596 	0.0541 	0.0609 	0.0646 	0.0569 	0.0626 	0.0638 	0.1557 	0.2169 	0.2992 	0.1222 	0.1074 	0.0870 	0.1367 	0.1194 
S,E7000,MWH_GE150000,KWH,X_TAX,EUR,CY	: 	: 	: 	: 	: 	: 	: 	: 	: 	: 	: 	: 	: 	: 	: 	: 	: 	: 	: 	: 	: 	: 	: 	: 	: 	0.0000 	0.0000 	0.0854 	0.0000 	0.0000 	0.0000 	0.2145 	0.1715 	0.1708 	0.0000 n	: 	0.1433 
S,E7000,MWH_GE150000,KWH,X_TAX,EUR,CZ	: 	: 	: 	: 	: 	: 	: 	: 	: 	: 	: 	: 	: 	: 	: 	: 	: 	: 	: 	: 	: @C	: @C	0.0620 	: @C	: @C	: @C	: @C	: @C	: @C	: @C	: @C	: @C	: @C	: @C	: @C	: @C	: @C
S,E7000,MWH_GE150000,KWH,X_TAX,EUR,DE	: 	: 	: 	: 	: 	: 	: 	: 	: 	: 	: 	: 	: 	: 	: 	: 	: 	: 	: 	: 	: 	: 	: 	: 	: 	0.0348 	0.0342 	0.0389 	0.0514 	0.0981 	0.1499 	0.1937 	0.1440 	0.1379 	0.1145 	0.1323 	0.1205 
S,E7000,MWH_GE150000,KWH,X_TAX,EUR,DK	: 	: 	: 	: 	: 	: 	: 	: 	: 	: 	: 	: 	: 	: 	: 	: 	: 	: 	: 	: 	0.0453 	0.0476 	0.0517 	0.0578 	0.0585 	0.0549 	0.0411 	0.0518 	0.0689 	0.1302 	0.1762 	0.2541 	0.1133 	0.1049 	0.0967 	0.1118 	0.1160 
S,E7000,MWH_GE150000,KWH,X_TAX,EUR,EA	: 	0.0432 	0.0472 	0.0572 	0.0591 	0.055 	0.0558 	0.0739 	0.0671 	0.0692 	0.0693 	0.0732 	0.0723 	0.0765 	0.0616 	0.0669 	0.0644 	0.0655 	0.055 	0.0596 	0.0567 	0.0561 	0.0567 	0.0595 	0.0560 	0.0489 	0.0453 	0.0482 	0.0579 	0.1034 	0.1637 	0.1944 	0.1372 	0.1244 	0.0984 	0.1093 	0.1015 
S,E7000,MWH_GE150000,KWH,X_TAX,EUR,EE	: 	: 	: 	: 	: 	: 	: 	: 	: 	: 	: 	: 	: 	: 	: 	: 	: 	: 	: 	: 	: 	: 	: 	: 	: 	0.0539 	: @C	: @C	: @C	0.0000 	0.0000 	0.0000 	0.0000 	0.0000 	0.0000 	0.0000 	: @C
S,E7000,MWH_GE150000,KWH,X_TAX,EUR,EL	: 	: 	: 	: 	: 	0.0592 	0.0571 	0.0565 	0.0566 	0.0562 	0.0545 	: 	: 	: 	: 	: 	: 	: 	: 	: 	: @C	: @C	: @C	: @C	: @C	: @C	: @C	: @C	: @C	: @C	: @C	0.1489 	0.0961 	0.0962 	0.0945 	0.1068 	0.1088 
S,E7000,MWH_GE150000,KWH,X_TAX,EUR,ES	: 	0.0393 	0.0422 	0.0489 	0.051 	0.0475 	0.0487 	0.0486 	0.05 	0.0504 	0.0532 	0.0535 	0.0535 	0.0625 	0.0514 	0.0646 	0.0635 	0.0715 	0.0517 	0.0591 	0.0655 	0.0644 	0.0629 	0.0744 	0.0593 d	0.0516 	0.0423 	0.0461 	0.0550 	0.1095 	0.2066 	0.1935 	0.1128 	0.1054 	0.0731 	0.0944 	0.0854 
S,E7000,MWH_GE150000,KWH,X_TAX,EUR,EU27_2020	0.0381 	0.0437 	0.0488 	0.0603 	0.0628 	0.0605 	0.061 	0.0736 	0.0682 	0.0686 	0.0701 	0.0733 	0.0719 	0.0733 	0.06 	0.0642 	0.0619 	0.0637 	0.055 	0.0586 	0.0537 	0.0541 	0.0549 	0.0582 	0.0553 	0.0509 	0.0462 	0.0490 	0.0574 	0.0988 	0.1549 	0.1876 	0.1358 	0.1229 	0.0975 	0.1092 	0.1022 
S,E7000,MWH_GE150000,KWH,X_TAX,EUR,FI	: 	: 	: 	: 	: 	: 	: 	: 	: 	: 	: 	: 	: 	: 	: 	: 	: 	: 	: 	: 	: @C	: 	: @C	: @C	: @C	: @C	0.0389 	: @C	0.0524 	0.0837 	0.0869 	0.1424 	: @C	: @C	: @C	: @C	: @C
S,E7000,MWH_GE150000,KWH,X_TAX,EUR,FR	: 	: 	: 	: 	: 	: 	: 	: 	: 	: 	: 	: 	: 	: 	: 	: 	: 	: 	: 	: 	0.0456 	0.0449 	0.0438 	0.0446 	0.0494 	0.0479 	0.0524 	0.0504 	0.0543 	0.0745 	0.0900 	0.0883 	0.0801 	0.0925 	0.0817 	0.0735 	0.0699 
S,E7000,MWH_GE150000,KWH,X_TAX,EUR,GE	: 	: 	: 	: 	: 	: 	: 	: 	: 	: 	: 	: 	: 	: 	: 	: 	: 	: 	: 	: 	: 	: 	0.0456 	0.0496 	0.0486 	: 	: 	: 	: 	: 	: 	: 	: 	: 	0.0000 	0.0000 	0.0000 
S,E7000,MWH_GE150000,KWH,X_TAX,EUR,HR	0.0381 	0.0451 	0.0454 	0.0571 	: 	: 	: 	0.0577 	: 	: 	: 	: 	: 	: 	: 	: 	: 	: 	: 	: 	: 	: 	: 	: 	: @C	0.0596 	: @C	: @C	: @C	: @C	: @C	: @C	: @C	: @C	: @C	: @C	: @C
S,E7000,MWH_GE150000,KWH,X_TAX,EUR,HU	: 	0.0539 	0.0749 	0.0799 	0.0898 	0.0931 	0.0745 	0.0753 	0.0666 	0.0645 	0.0879 	0.0909 	0.0902 	0.0881 	0.0757 	0.0758 	0.0727 	0.0742 	0.0656 	0.066 	0.0593 e	0.0619 	0.0511 	0.0562 	0.0573 	0.0595 	0.0510 	0.0569 	0.0637 	0.1233 	0.2373 	0.3153 	0.2011 	0.1832 	0.1189 	0.1670 	0.1368 
S,E7000,MWH_GE150000,KWH,X_TAX,EUR,IE	: 	: 	: 	: 	: 	: 	: 	: 	: 	: 	: 	: 	: 	: 	: 	: 	: 	: 	: 	: 	: @C	: 	0.0760 	0.0814 	0.0816 	0.0790 	0.0757 	0.0763 	0.0993 	0.1703 	0.2270 	0.2861 	0.2175 	0.1838 	0.1632 	0.1743 	0.1911 
S,E7000,MWH_GE150000,KWH,X_TAX,EUR,IS	: 	: 	: 	: 	: 	: 	: 	: 	: 	: 	: 	: 	: 	: 	: 	: 	: 	: 	: 	: 	: @C	: 	: 	: 	: 	: @C	: 	: 	: 	: 	: 	: 	: 	: 	: 	: 	: 
S,E7000,MWH_GE150000,KWH,X_TAX,EUR,IT	: 	: 	: 	: 	: 	: 	: 	0.0989 	0.0806 	0.0841 	0.0853 	0.0901 	0.0837 	0.0862 	0.0665 	0.0694 	: 	0.0662 	0.0552 	0.06 	0.076 	0.0749 	0.0784 	0.0740 	0.0646 	0.0685 	0.0521 	0.0597 	0.0724 	0.1467 	0.2606 	0.3234 	0.1807 	0.1339 	0.1077 	0.1269 	0.1169 
S,E7000,MWH_GE150000,KWH,X_TAX,EUR,LI	: 	: 	: 	: 	: 	: 	: 	: 	: 	: 	: 	: 	: 	: 	: 	: 	: 	: 	: 	: 	0 	: 	: 	: 	: 	: 	: 	: 	: 	: 	: 	: 	: 	: 	: 	: 	: 
S,E7000,MWH_GE150000,KWH,X_TAX,EUR,LT	: 	: 	: 	: 	: 	: 	: 	: 	: 	: 	: 	: 	: 	: 	: 	: 	: 	: 	: 	: 	: 	: 	: 	0.0497 	: 	0.0000 	: 	0.0000 	: 	0.0687 	0.0689 	0.1622 	: 	: 	: 	: 	0.0000 
S,E7000,MWH_GE150000,KWH,X_TAX,EUR,LU	: 	: 	: 	: 	: 	: 	: 	: 	: 	: 	: 	: 	: 	: @C	: @C	: @C	: @C	: 	: 	: 	: @C	: @C	0.0466 	: @C	: @C	: @C	: @C	: @C	: @C	: @C	: @C	: @C	: @C	: @C	: @C	: @C	: @C
S,E7000,MWH_GE150000,KWH,X_TAX,EUR,LV	: 	: 	: 	: 	: 	: 	: 	: 	: 	: 	: 	: 	: 	: 	: 	: 	: 	: 	: 	: 	: 	: 	: 	: 	: 	0.0000 	0.0000 	0.0000 	0.0000 	0.0000 	0.0000 	: 	0.0000 	0.0000 	0.0000 	0.0000 	: 
S,E7000,MWH_GE150000,KWH,X_TAX,EUR,ME	: 	: 	: 	: 	: 	: 	: 	: 	: @C	: @C	: @C	: @C	: @C	: @C	: @C	: @C	: @C	: @C	: @C	: @C	: @C	: 	: @C	: @C	: @C	: @C	: @C	: @C	: @C	: @C	: 	: 	: 	: 	: 	: 	0.0000 
S,E7000,MWH_GE150000,KWH,X_TAX,EUR,MK	: 	: 	: 	: 	: 	: 	: 	: 	: 	: 	: 	: @C	0.0473 	0.0529 	: @C	: @C	: 	: 	: 	: 	: 	: 	0.0558 	0.0693 	0.0587 	0.0624 	0.0534 	0.0540 	0.0578 	0.1558 	0.1680 	0.1449 	0.1133 	0.1105 	0.0790 	0.0953 	0.1034 
S,E7000,MWH_GE150000,KWH,X_TAX,EUR,MT	: 	: 	0.0581 	0.1323 	0.123 	0.086 	: 	: 	: 	: 	: 	: 	: 	: 	: 	: 	: 	: 	: 	: 	: 	: 	: 	: 	: 	: 	: 	: 	: 	: 	: 	: 	: 	: 	: 	: 	: 
S,E7000,MWH_GE150000,KWH,X_TAX,EUR,NL	: 	: 	: 	: 	0.0663 	0.0602 	0.0612 	0.0635 	0.0622 	0.0646 	0.058 	0.0634 	0.071 	0.0739 	0.0638 	0.0653 	0.0653 	0.0638 	0.0568 	0.0575 	0.0420 	0.0420 	0.0430 	0.0470 	0.0490 	0.0480 	0.0492 	0.0501 	0.0524 	0.0916 	0.1362 	0.1630 	0.1999 	0.1810 	0.1113 	0.1031 	0.0865 
S,E7000,MWH_GE150000,KWH,X_TAX,EUR,NO	: 	: 	: 	: 	: 	: 	: 	: 	: 	: 	: 	: 	: 	: 	: 	: 	: 	: 	: 	: 	0.0403 	: @C	: @C	: @C	: @C	0.0373 	0.0308 	0.0313 	0.0383 	0.0494 	0.0555 	0.0638 	0.0515 	0.0424 	0.0451 	0.0377 	0.0394 
S,E7000,MWH_GE150000,KWH,X_TAX,EUR,PL	: 	: 	: 	0.0666 	0.0703 	0.0731 	0.0767 	0.0767 	0.0782 	0.0704 	0.0733 	0.0732 	0.0685 	0.0587 	0.0502 	0.0517 	0.0556 	0.0535 	0.0514 	0.0526 	0.0412 	0.0477 	0.0523 	0.0574 	0.0510 	0.0675 	0.0505 	0.0528 	0.0519 	0.0576 	0.0919 	0.1203 	0.1422 	0.1296 	0.0930 	0.1135 	0.1067 
S,E7000,MWH_GE150000,KWH,X_TAX,EUR,PT	: 	: 	: 	: 	: 	: 	: 	: 	: 	: 	: 	: 	: 	: 	: 	: 	: 	: 	: 	: 	0.06 	0.058 	0.0509 	0.0590 	: @C	: @C	0.0516 	0.0525 	0.0653 	0.1251 	0.1941 	0.1906 	0.0927 	0.0939 	0.0621 	0.0921 	0.0902 
S,E7000,MWH_GE150000,KWH,X_TAX,EUR,RO	: 	: 	: 	: 	: 	: 	: 	: 	: 	: 	: 	: 	: 	: 	: 	: 	: 	: 	: 	: 	: 	0.0445 	0.0488 	0.0539 	0.0575 	0.0602 	0.0590 	0.0567 	0.0560 	0.1047 	0.1579 d	0.2020 d	0.1399 	0.1389 	0.1054 	0.1162 	0.1207 
S,E7000,MWH_GE150000,KWH,X_TAX,EUR,RS	: 	: 	: 	: 	: 	: 	: 	: 	: 	: 	: 	: 	: 	: 	: 	: 	: 	: 	: 	: 	0.0437 	0.0464 	0.0479 	0.0481 	0.0494 	0.0496 	0.0533 	0.0533 	0.0525 	0.0662 	0.0700 	0.0714 	0.1102 	0.0960 	0.1160 	0.0936 	0.0976 
S,E7000,MWH_GE150000,KWH,X_TAX,EUR,SE	: 	: 	: 	: 	: 	: 	: 	: 	: 	: 	: 	: 	: 	: 	: 	: 	: 	: 	: 	: 	0.038 	0.0381 	0.0378 	0.0476 	0.0426 	0.0373 	0.0327 	0.0377 	0.0466 	0.0711 	0.0752 	0.1070 	0.0796 	0.0650 	0.0647 	0.0554 	0.0561 
S,E7000,MWH_GE150000,KWH,X_TAX,EUR,SI	: 	: 	: 	: 	: 	: 	: 	: 	: 	: 	: 	: 	: 	: 	: 	: 	: 	: 	: 	: 	: 	: @C	: @C	: @C	: @C	: @C	: @C	: @C	: @C	: @C	: @C	: @C	: @C	: @C	: @C	: 	: 
S,E7000,MWH_GE150000,KWH,X_TAX,EUR,SK	: 	0.0782 	0.0912 	0.095 	0.0954 	0.0896 	0.09 	0.074 	0.0904 	0.092 	0.0902 	0.0826 	0.0999 	0.0898 	0.0803 	0.0637 	0.068 	0.0614 	0.0643 	0.068 	0.0516 	0.0513 	0.0515 	0.0566 	0.0597 	0.0649 	0.0600 	0.0618 	0.0702 	0.1013 	0.1764 	0.2355 	0.2031 	0.1731 	0.1262 	0.1460 	0.1334 
S,E7000,MWH_GE150000,KWH,X_TAX,EUR,TR	: 	: 	: 	0.0629 	0.0587 	0.0604 	0.0694 	0.071 	0.0595 	0.0587 	0.0613 	0.0718 	0.0746 	0.0623 	0.0593 	0.0614 	0.0595 	0.0544 	0.0572 	0.0547 	0.0475 	0.0442 	0.0437 	0.0528 	0.0552 	0.0602 	0.0587 	0.0462 	0.0505 	0.0678 	0.1082 	0.1744 	0.1140 	0.0802 	0.0742 	0.0777 	0.0721 
S,E7000,MWH_GE150000,KWH,X_TAX,EUR,UA	: 	: 	: 	: 	: 	: 	: 	: 	: 	: 	: 	: 	: 	: 	: 	: 	: 	: 	0.0488 	0.0583 	0.0545 	0.0508 d	0.0493 	0.0506 	0.0536 	0.0586 	0.0491 	0.0485 	0.0483 	: 	: 	: 	: 	: 	: 	: 	: 
S,E7000,MWH_GE150000,KWH,X_TAX,EUR,UK	0.0821 	0.0712 	0.0759 	0.0848 	0.0818 	0.0769 	0.0817 	0.0769 	0.0781 	0.0821 	0.0949 	0.1011 	0.0966 	0.1013 	0.1082 	0.1126 	0.1007 	0.1034 	0.0886 	0.0826 	0.0885 	0.0845 	0.0855 	0.0908 	0.0784 	0.0834 	0.0821 	: 	: 	: 	: 	: 	: 	: 	: 	: 	: 
S,E7000,MWH_GE150000,KWH,X_TAX,EUR,XK	: 	: 	: 	: 	: 	: 	: 	: 	: 	: 	: 	: 	0.0378 	0.0435 	0.0382 	0.0402 	0.0444 	0.044 	: 	: 	: @C	: @C	: @C	: @C	: @C	: @C	: @C	: 	: @C	: 	: 	: 	: 	: 	: 	: 	: 
S,E7000,MWH_GE150000,KWH,X_TAX,NAC,AL	: 	: 	: 	: 	: 	: 	: 	: 	: 	: 	: 	: 	: 	: 	: 	: 	: 	: 	: 	: 	: 	: 	: 	: 	12.8800 e	: 	12.8300 e	12.8300 e	12.8100 e	12.8100 e	12.8100 	12.8100 	12.8100 e	12.8100 e	12.8100 	12.8100 e	14.0000 
S,E7000,MWH_GE150000,KWH,X_TAX,NAC,AT	: 	: 	: 	0.073 	: 	: 	: 	: 	: 	: 	: 	: 	: 	: 	: 	: 	: 	0.0449 	: 	: 	0.0418 	0.0409 	0.0431 	0.0537 	0.0536 	0.0529 	0.0522 	0.0546 	0.0632 	0.0952 	0.1552 	0.2043 	0.1944 	0.1713 	0.1329 	0.1405 	0.1257 
S,E7000,MWH_GE150000,KWH,X_TAX,NAC,BA	: 	: 	: 	: 	: 	: 	: 	: 	: 	: 	0.1027 	0.1032 	0.1091 	0.1061 	0.1077 	0.1011 	0.0957 	0.0958 	0.0842 	0.0931 	0.0828 	0.0901 	0.1082 	0.1203 	0.1306 	0.1054 	0.1202 	0.1471 	0.1103 	0.1312 	0.1661 	0.1542 	0.1537 	0.1553 	0.1646 	0.1641 	0.2055 
S,E7000,MWH_GE150000,KWH,X_TAX,NAC,BE	: 	: 	: 	: 	: 	: 	: 	: 	: 	: 	: 	: 	: 	: 	: 	: 	: 	: 	0.0571 	: 	0.0434 	0.0417 	0.0471 	0.0561 	0.0449 	0.0411 	0.0370 	0.0433 	0.0527 	0.1083 	0.1660 	0.2211 	0.1363 	0.1020 	0.0742 	0.0862 	0.0914 
S,E7000,MWH_GE150000,KWH,X_TAX,NAC,BG	: 	0.069 	0.067 	0.085 	0.09 	0.092 	0.091 	0.0984 	0.0896 	0.0925 	0.0964 	0.1007 	0.1069 	0.0969 	0.1014 	0.0999 	0.093 	0.1139 	0.1194 	0.1107 	0.0964 	0.1049 	0.1165 	0.1059 	0.1191 	0.1263 	0.1112 	0.1224 	0.1247 	0.3046 	0.4242 	0.5851 	0.2390 	0.2100 	0.1702 	0.2673 	0.2335 
S,E7000,MWH_GE150000,KWH,X_TAX,NAC,CY	: 	: 	: 	: 	: 	: 	: 	: 	: 	: 	: 	: 	: 	: 	: 	: 	: 	: 	: 	: 	: 	: 	: 	: 	: 	0.0000 	0.0000 	0.0854 	0.0000 	0.0000 	0.0000 	0.2145 	0.1715 	0.1708 	0.0000 n	: 	0.1433 
S,E7000,MWH_GE150000,KWH,X_TAX,NAC,CZ	: 	: 	: 	: 	: 	: 	: 	: 	: 	: 	: 	: 	: 	: 	: 	: 	: 	: 	: 	: 	: @C	: @C	1.5821 	: @C	: @C	: @C	: @C	: @C	: @C	: @C	: @C	: @C	: @C	: @C	: @C	: @C	: @C
S,E7000,MWH_GE150000,KWH,X_TAX,NAC,DE	: 	: 	: 	: 	: 	: 	: 	: 	: 	: 	: 	: 	: 	: 	: 	: 	: 	: 	: 	: 	: 	: 	: 	: 	: 	0.0348 	0.0342 	0.0389 	0.0514 	0.0981 	0.1499 	0.1937 	0.1440 	0.1379 	0.1145 	0.1323 	0.1205 
S,E7000,MWH_GE150000,KWH,X_TAX,NAC,DK	: 	: 	: 	: 	: 	: 	: 	: 	: 	: 	: 	: 	: 	: 	: 	: 	: 	: 	: 	: 	0.3372 	0.3543 	0.3848 	0.4313 	0.4370 	0.4098 	0.3071 	0.3859 	0.5123 	0.9682 	1.3113 	1.8902 	0.8436 	0.7821 	0.7210 	0.8338 	0.8651 
S,E7000,MWH_GE150000,KWH,X_TAX,NAC,EE	: 	: 	: 	: 	: 	: 	: 	: 	: 	: 	: 	: 	: 	: 	: 	: 	: 	: 	: 	: 	: 	: 	: 	: 	: 	0.0539 	: @C	: @C	: @C	0.0000 	0.0000 	0.0000 	0.0000 	0.0000 	0.0000 	0.0000 	: @C
S,E7000,MWH_GE150000,KWH,X_TAX,NAC,EL	: 	: 	: 	: 	: 	0.0592 	0.0571 	0.0565 	0.0566 	0.0562 	0.0545 	: 	: 	: 	: 	: 	: 	: 	: 	: 	: @C	: @C	: @C	: @C	: @C	: @C	: @C	: @C	: @C	: @C	: @C	0.1489 	0.0961 	0.0962 	0.0945 	0.1068 	0.1088 
S,E7000,MWH_GE150000,KWH,X_TAX,NAC,ES	: 	0.0393 	0.0422 	0.0489 	0.051 	0.0475 	0.0487 	0.0486 	0.05 	0.0504 	0.0532 	0.0535 	0.0535 	0.0625 	0.0514 	0.0646 	0.0635 	0.0715 	0.0517 	0.0591 	0.0655 	0.0644 	0.0629 	0.0744 	0.0593 d	0.0516 	0.0423 	0.0461 	0.0550 	0.1095 	0.2066 	0.1935 	0.1128 	0.1054 	0.0731 	0.0944 	0.0854 
S,E7000,MWH_GE150000,KWH,X_TAX,NAC,FI	: 	: 	: 	: 	: 	: 	: 	: 	: 	: 	: 	: 	: 	: 	: 	: 	: 	: 	: 	: 	: @C	: 	: @C	: @C	: @C	: @C	0.0389 	: @C	0.0524 	0.0837 	0.0869 	0.1424 	: @C	: @C	: @C	: @C	: @C
S,E7000,MWH_GE150000,KWH,X_TAX,NAC,FR	: 	: 	: 	: 	: 	: 	: 	: 	: 	: 	: 	: 	: 	: 	: 	: 	: 	: 	: 	: 	0.0456 	0.0449 	0.0438 	0.0446 	0.0494 	0.0479 	0.0524 	0.0504 	0.0543 	0.0745 	0.0900 	0.0883 	0.0801 	0.0925 	0.0817 	0.0735 	0.0699 
S,E7000,MWH_GE150000,KWH,X_TAX,NAC,GE	: 	: 	: 	: 	: 	: 	: 	: 	: 	: 	: 	: 	: 	: 	: 	: 	: 	: 	: 	: 	: 	: 	0.1362 	0.1486 	0.1486 	: 	: 	: 	: 	: 	: 	: 	: 	: 	0.0000 	0.0000 	0.0000 
S,E7000,MWH_GE150000,KWH,X_TAX,NAC,HR	0.28 	0.33 	0.33 	0.41 	: 	: 	: 	0.422 	: 	: 	: 	: 	: 	: 	: 	: 	: 	: 	: 	: 	: 	: 	: 	: 	: @C	0.4418 	: @C	: @C	: @C	: @C	: @C	: @C	: @C	: @C	: @C	: @C	: @C
S,E7000,MWH_GE150000,KWH,X_TAX,NAC,HU	: 	13.59 	19.01 	19.96 	26.0441 	25.24 	20.25 	21.03 	17.9533 	18.6628 	25.9794 	25.7423 	26.6899 	26.231 	23.2291 	23.5145 	22.3671 	23.1729 	20.5169 	20.4859 	18.3458 e	19.1245 	16.0425 	18.1803 	18.3682 	19.6458 	17.6198 	20.3014 	22.7925 	44.2646 	89.0572 	128.3613 	76.5346 	70.1319 	46.3413 	66.9438 	55.3408 
S,E7000,MWH_GE150000,KWH,X_TAX,NAC,IE	: 	: 	: 	: 	: 	: 	: 	: 	: 	: 	: 	: 	: 	: 	: 	: 	: 	: 	: 	: 	: @C	: 	0.0760 	0.0814 	0.0816 	0.0790 	0.0757 	0.0763 	0.0993 	0.1703 	0.2270 	0.2861 	0.2175 	0.1838 	0.1632 	0.1743 	0.1911 
S,E7000,MWH_GE150000,KWH,X_TAX,NAC,IS	: 	: 	: 	: 	: 	: 	: 	: 	: 	: 	: 	: 	: 	: 	: 	: 	: 	: 	: 	: 	: @C	: 	: 	: 	: 	: @C	: 	: 	: 	: 	: 	: 	: 	: 	: 	: 	: 
S,E7000,MWH_GE150000,KWH,X_TAX,NAC,IT	: 	: 	: 	: 	: 	: 	: 	0.0989 	0.0806 	0.0841 	0.0853 	0.0901 	0.0837 	0.0862 	0.0665 	0.0694 	: 	0.0662 	0.0552 	0.06 	0.076 	0.0749 	0.0784 	0.0740 	0.0646 	0.0685 	0.0521 	0.0597 	0.0724 	0.1467 	0.2606 	0.3234 	0.1807 	0.1339 	0.1077 	0.1269 	0.1169 
S,E7000,MWH_GE150000,KWH,X_TAX,NAC,LI	: 	: 	: 	: 	: 	: 	: 	: 	: 	: 	: 	: 	: 	: 	: 	: 	: 	: 	: 	: 	0 	: 	: 	: 	: 	: 	: 	: 	: 	: 	: 	: 	: 	: 	: 	: 	: 
S,E7000,MWH_GE150000,KWH,X_TAX,NAC,LT	: 	: 	: 	: 	: 	: 	: 	: 	: 	: 	: 	: 	: 	: 	: 	: 	: 	: 	: 	: 	: 	: 	: 	0.0497 	: 	0.0000 	: 	0.0000 	: 	0.0687 	0.0689 	0.1622 	: 	: 	: 	: 	0.0000 
S,E7000,MWH_GE150000,KWH,X_TAX,NAC,LU	: 	: 	: 	: 	: 	: 	: 	: 	: 	: 	: 	: 	: 	: @C	: @C	: @C	: @C	: 	: 	: 	: @C	: @C	0.0466 	: @C	: @C	: @C	: @C	: @C	: @C	: @C	: @C	: @C	: @C	: @C	: @C	: @C	: @C
S,E7000,MWH_GE150000,KWH,X_TAX,NAC,LV	: 	: 	: 	: 	: 	: 	: 	: 	: 	: 	: 	: 	: 	: 	: 	: 	: 	: 	: 	: 	: 	: 	: 	: 	: 	0.0000 	0.0000 	0.0000 	0.0000 	0.0000 	0.0000 	: 	0.0000 	0.0000 	0.0000 	0.0000 	: 
S,E7000,MWH_GE150000,KWH,X_TAX,NAC,ME	: 	: 	: 	: 	: 	: 	: 	: 	: @C	: @C	: @C	: @C	: @C	: @C	: @C	: @C	: @C	: @C	: @C	: @C	: @C	: 	: @C	: @C	: @C	: @C	: @C	: @C	: @C	: @C	: 	: 	: 	: 	: 	: 	0.0000 
S,E7000,MWH_GE150000,KWH,X_TAX,NAC,MK	: 	: 	: 	: 	: 	: 	: 	: 	: 	: 	: 	: @C	2.9176 	3.2577 	: @C	: @C	: 	: 	: 	: 	: 	: 	3.4322 	4.2596 	3.6117 	3.8395 	3.2906 	3.3300 	3.5651 	9.6026 	10.3632 	8.9205 	6.9803 	6.7958 	4.8603 	5.8625 	6.3672 
S,E7000,MWH_GE150000,KWH,X_TAX,NAC,MT	: 	: 	0.0581 	0.1323 	0.123 	0.086 	: 	: 	: 	: 	: 	: 	: 	: 	: 	: 	: 	: 	: 	: 	: 	: 	: 	: 	: 	: 	: 	: 	: 	: 	: 	: 	: 	: 	: 	: 	: 
S,E7000,MWH_GE150000,KWH,X_TAX,NAC,NL	: 	: 	: 	: 	0.0663 	0.0602 	0.0612 	0.0635 	0.0622 	0.0646 	0.058 	0.0634 	0.071 	0.0739 	0.0638 	0.0653 	0.0653 	0.0638 	0.0568 	0.0575 	0.0420 	0.0420 	0.0430 	0.0470 	0.0490 	0.0480 	0.0492 	0.0501 	0.0524 	0.0916 	0.1362 	0.1630 	0.1999 	0.1810 	0.1113 	0.1031 	0.0865 
S,E7000,MWH_GE150000,KWH,X_TAX,NAC,NO	: 	: 	: 	: 	: 	: 	: 	: 	: 	: 	: 	: 	: 	: 	: 	: 	: 	: 	: 	: 	0.3699 	: @C	: @C	: @C	: @C	0.3717 	0.3305 	0.3356 	0.3900 	0.5016 	0.5537 	0.6522 	0.5829 	0.4893 	0.5182 	0.4439 	0.4598 
S,E7000,MWH_GE150000,KWH,X_TAX,NAC,PL	: 	: 	: 	0.2354 	0.3146 	0.306 	0.3071 	0.306 	0.3091 	0.3016 	0.3112 	0.3018 	0.2861 	0.2476 	0.2097 	0.2167 	0.2303 	0.226 	0.2244 	0.2291 	0.1757 	0.2025 	0.2208 	0.2468 	0.2187 	0.2904 	0.2228 	0.2364 	0.2353 	0.2647 	0.4260 	0.5698 	0.6575 	0.5781 	0.4014 	0.4875 	0.4517 
S,E7000,MWH_GE150000,KWH,X_TAX,NAC,PT	: 	: 	: 	: 	: 	: 	: 	: 	: 	: 	: 	: 	: 	: 	: 	: 	: 	: 	: 	: 	0.06 	0.058 	0.0509 	0.0590 	: @C	: @C	0.0516 	0.0525 	0.0653 	0.1251 	0.1941 	0.1906 	0.0927 	0.0939 	0.0621 	0.0921 	0.0902 
S,E7000,MWH_GE150000,KWH,X_TAX,NAC,RO	: 	: 	: 	: 	: 	: 	: 	: 	: 	: 	: 	: 	: 	: 	: 	: 	: 	: 	: 	: 	: 	0.2046 	0.2271 	0.2509 	0.2725 	0.2857 	0.2840 	0.2754 	0.2747 	0.5171 	0.7807 d	0.9935 d	0.6905 	0.6891 	0.5243 	0.5781 	0.6041 
S,E7000,MWH_GE150000,KWH,X_TAX,NAC,RS	: 	: 	: 	: 	: 	: 	: 	: 	: 	: 	: 	: 	: 	: 	: 	: 	: 	: 	: 	: 	5.3895 	5.5406 	5.6621 	5.6927 	5.8338 	5.8301 	6.2687 	6.2663 	6.1763 	7.7842 	8.2368 	8.3815 	12.9321 	11.2549 	13.5932 	10.9530 	11.4320 
S,E7000,MWH_GE150000,KWH,X_TAX,NAC,SE	: 	: 	: 	: 	: 	: 	: 	: 	: 	: 	: 	: 	: 	: 	: 	: 	: 	: 	: 	: 	0.3645 	0.3686 	0.3838 	0.4935 	0.4484 	0.3970 	0.3482 	0.3885 	0.4720 	0.7224 	0.7877 	1.1538 	0.9028 	0.7550 	0.7366 	0.6351 	0.6229 
S,E7000,MWH_GE150000,KWH,X_TAX,NAC,SI	: 	: 	: 	: 	: 	: 	: 	: 	: 	: 	: 	: 	: 	: 	: 	: 	: 	: 	: 	: 	: 	: @C	: @C	: @C	: @C	: @C	: @C	: @C	: @C	: @C	: @C	: @C	: @C	: @C	: @C	: 	: 
S,E7000,MWH_GE150000,KWH,X_TAX,NAC,SK	: 	2.62 	2.94 	2.88 	0.0954 	0.0896 	0.09 	0.074 	0.0904 	0.092 	0.0902 	0.0826 	0.0999 	0.0898 	0.0803 	0.0637 	0.068 	0.0614 	0.0643 	0.068 	0.0516 	0.0513 	0.0515 	0.0566 	0.0597 	0.0649 	0.0600 	0.0618 	0.0702 	0.1013 	0.1764 	0.2355 	0.2031 	0.1731 	0.1262 	0.1460 	0.1334 
S,E7000,MWH_GE150000,KWH,X_TAX,NAC,TR	: 	: 	: 	0.121 	0.1264 	0.1312 	0.1403 	0.1401 	0.1315 	0.1448 	0.1432 	0.1645 	0.1775 	0.167 	0.1761 	0.1748 	0.1704 	0.173 	0.1863 	0.1876 	0.1873 	0.1902 	0.2165 	0.3402 	0.3509 	0.3831 	0.4204 	0.4121 	0.4807 	0.7770 	1.7593 	3.2333 	2.4622 	2.4007 	2.5396 	2.8643 	2.9663 
S,E7000,MWH_GE150000,KWH,X_TAX,NAC,UA	: 	: 	: 	: 	: 	: 	: 	: 	: 	: 	: 	: 	: 	: 	: 	: 	: 	: 	1.39 	1.64 	1.58 	1.58 d	1.6000 	1.6112 	1.6297 	1.6090 	1.4048 	1.6000 	1.6173 	: 	: 	: 	: 	: 	: 	: 	: 
S,E7000,MWH_GE150000,KWH,X_TAX,NAC,UK	0.0554 	0.0494 	0.0588 	0.0693 	0.0731 	0.0683 	0.0711 	0.0651 	0.0678 	0.0712 	0.078 	0.0808 	0.0822 	0.0859 	0.0889 	0.0891 	0.0737 	0.0744 	0.069 	0.071 	0.0762 	0.0754 	0.0752 	0.0808 	0.0685 	0.0735 	0.0718 	: 	: 	: 	: 	: 	: 	: 	: 	: 	: 
S,E7000,MWH_GE150000,KWH,X_TAX,NAC,XK	: 	: 	: 	: 	: 	: 	: 	: 	: 	: 	: 	: 	0.0378 	0.0435 	0.0382 	0.0402 	0.0444 	0.044 	: 	: 	: @C	: @C	: @C	: @C	: @C	: @C	: @C	: 	: @C	: 	: 	: 	: 	: 	: 	: 	: 
S,E7000,MWH_GE150000,KWH,X_TAX,PPS,AL	: 	: 	: 	: 	: 	: 	: 	: 	: 	: 	: 	: 	: 	: 	: 	: 	: 	: 	: 	: 	: 	: 	: 	: 	0.2092 e	: 	0.2017 e	0.2017 e	0.1990 e	0.1990 e	0.1998 	0.1998 	0.2010 e	0.2014 e	0.2036 	0.2048 e	0.2253 
S,E7000,MWH_GE150000,KWH,X_TAX,PPS,AT	: 	: 	: 	0.0669 	: 	: 	: 	: 	: 	: 	: 	: 	: 	: 	: 	: 	: 	0.0413 	: 	: 	0.037 	0.0362 	0.0382 	0.0477 	0.0472 	0.0465 	0.0457 	0.0478 	0.0553 	0.0824 	0.1344 	0.1791 	0.1731 	0.1526 	0.1173 	0.1240 	0.1095 
S,E7000,MWH_GE150000,KWH,X_TAX,PPS,BA	: 	: 	: 	: 	: 	: 	: 	: 	: 	: 	0.1088 	0.1094 	0.1144 	0.1113 	0.1139 	0.107 	0.1012 	0.1039 	0.0911 	0.1006 	0.0835 	0.0909 	0.1088 	0.1209 	0.1300 	0.1049 	0.1200 	0.1468 	0.1101 	0.1290 	0.1633 	0.1514 	0.1444 	0.1435 	0.1543 	0.1529 	0.1780 
S,E7000,MWH_GE150000,KWH,X_TAX,PPS,BE	: 	: 	: 	: 	: 	: 	: 	: 	: 	: 	: 	: 	: 	: 	: 	: 	: 	: 	0.0528 	: 	0.0384 	0.0369 	0.0417 	0.0497 	0.0398 	0.0364 	0.0332 	0.0388 	0.0472 	0.0973 	0.1494 	0.1990 	0.1224 	0.0911 	0.0661 	0.0764 	0.0814 
S,E7000,MWH_GE150000,KWH,X_TAX,PPS,BG	: 	0.088 	0.0801 	0.1017 	0.1029 	0.1052 	0.105 	0.1135 	0.0968 	0.0999 	0.1048 	0.1095 	0.1149 	0.1042 	0.11 	0.1083 	0.1008 	0.126 	0.1324 	0.1221 	0.0979 	0.1065 	0.1158 	0.1053 	0.1145 	0.1214 	0.1055 	0.1161 	0.1183 	0.2822 	0.3930 	0.5395 	0.2027 	0.1781 	0.1442 	0.2264 	0.1946 
S,E7000,MWH_GE150000,KWH,X_TAX,PPS,CY	: 	: 	: 	: 	: 	: 	: 	: 	: 	: 	: 	: 	: 	: 	: 	: 	: 	: 	: 	: 	: 	: 	: 	: 	: 	0.0000 	0.0000 	0.0932 	0.0000 	0.0000 	0.0000 	0.2367 	0.1875 	0.1874 	0.0000 n	: 	0.1569 
S,E7000,MWH_GE150000,KWH,X_TAX,PPS,CZ	: 	: 	: 	: 	: 	: 	: 	: 	: 	: 	: 	: 	: 	: 	: 	: 	: 	: 	: 	: 	: @C	: @C	0.0867 	: @C	: @C	: @C	: @C	: @C	: @C	: @C	: @C	: @C	: @C	: @C	: @C	: @C	: @C
S,E7000,MWH_GE150000,KWH,X_TAX,PPS,DE	: 	: 	: 	: 	: 	: 	: 	: 	: 	: 	: 	: 	: 	: 	: 	: 	: 	: 	: 	: 	: 	: 	: 	: 	: 	0.0315 	0.0310 	0.0352 	0.0465 	0.0883 	0.1350 	0.1744 	0.1286 	0.1232 	0.1018 	0.1182 	0.1079 
S,E7000,MWH_GE150000,KWH,X_TAX,PPS,DK	: 	: 	: 	: 	: 	: 	: 	: 	: 	: 	: 	: 	: 	: 	: 	: 	: 	: 	: 	: 	0.0337 	0.0354 	0.0385 	0.0432 	0.0441 	0.0414 	0.0309 	0.0389 	0.0516 	0.0980 	0.1319 	0.1902 	0.0857 	0.0789 	0.0731 	0.0846 	0.0887 
S,E7000,MWH_GE150000,KWH,X_TAX,PPS,EA	: 	: 	: 	: 	: 	: 	: 	: 	: 	: 	: 	: 	: 	: 	: 	: 	: 	: 	: 	: 	0.0560 	0.0560 	0.0555 	0.0590 	0.0553 	0.0476 	0.0436 	0.0464 	0.0558 	0.1002 	0.1598 	0.1893 	0.1317 	0.1190 	0.0940 	0.1057 	0.0984 
S,E7000,MWH_GE150000,KWH,X_TAX,PPS,EE	: 	: 	: 	: 	: 	: 	: 	: 	: 	: 	: 	: 	: 	: 	: 	: 	: 	: 	: 	: 	: 	: 	: 	: 	: 	0.0663 	: @C	: @C	: @C	0.0000 	0.0000 	0.0000 	0.0000 	0.0000 	0.0000 	0.0000 	: @C
S,E7000,MWH_GE150000,KWH,X_TAX,PPS,EL	: 	: 	: 	: 	: 	0.0638 	0.0621 	0.0615 	0.061 	0.0606 	0.0609 	: 	: 	: 	: 	: 	: 	: 	: 	: 	: @C	: @C	: @C	: @C	: @C	: @C	: @C	: @C	: @C	: @C	: @C	0.1810 	0.1172 	0.1173 	0.1167 	0.1319 	0.1339 
S,E7000,MWH_GE150000,KWH,X_TAX,PPS,ES	: 	0.0438 	0.0458 	0.053 	0.0541 	0.0504 	0.0518 	0.0517 	0.0536 	0.054 	0.0588 	0.0591 	0.0594 	0.0694 	0.0575 	0.0722 	0.071 	0.0799 	0.0584 	0.0661 	0.0713 	0.0701 	0.0675 	0.0798 	0.0636 d	0.0554 	0.0451 	0.0491 	0.0586 	0.1170 	0.2208 	0.2049 	0.1210 	0.1130 	0.0798 	0.1052 	0.0952 
S,E7000,MWH_GE150000,KWH,X_TAX,PPS,EU27_2020	: 	: 	: 	: 	: 	: 	: 	: 	: 	: 	: 	: 	: 	: 	: 	: 	: 	: 	: 	: 	0.0565 	0.0594 	0.0597 	0.0638 	0.0607 	0.0554 	0.0496 	0.0526 	0.0607 	0.1031 	0.1621 	0.1979 	0.1426 	0.1287 	0.1002 	0.1143 	0.1063 
S,E7000,MWH_GE150000,KWH,X_TAX,PPS,FI	: 	: 	: 	: 	: 	: 	: 	: 	: 	: 	: 	: 	: 	: 	: 	: 	: 	: 	: 	: 	: @C	: 	: @C	: @C	: @C	: @C	0.0308 	: @C	0.0414 	0.0673 	0.0697 	0.1142 	: @C	: @C	: @C	: @C	: @C
S,E7000,MWH_GE150000,KWH,X_TAX,PPS,FR	: 	: 	: 	: 	: 	: 	: 	: 	: 	: 	: 	: 	: 	: 	: 	: 	: 	: 	: 	: 	0.0407 	0.04 	0.0393 	0.0400 	0.0454 	0.0440 	0.0481 	0.0463 	0.0499 	0.0686 	0.0830 	0.0815 	0.0737 	0.0847 	0.0748 	0.0673 	0.0642 
S,E7000,MWH_GE150000,KWH,X_TAX,PPS,HR	0.0592 	0.0697 	0.0673 	0.0836 	: 	: 	: 	0.0823 	: 	: 	: 	: 	: 	: 	: 	: 	: 	: 	: 	: 	: 	: 	: 	: 	: @C	0.0907 	: @C	: @C	: @C	: @C	: @C	: @C	: @C	: @C	: @C	: @C	: @C
S,E7000,MWH_GE150000,KWH,X_TAX,PPS,HU	: 	0.084 	0.1147 	0.1205 	0.156 	0.1512 	0.1232 	0.1279 	0.1085 	0.1128 	0.1544 	0.153 	0.1559 	0.1532 	0.1329 	0.1345 	0.128 	0.1325 	0.1168 	0.117 	0.0926 e	0.0965 	0.0781 	0.0885 	0.0861 	0.0921 	0.0791 	0.0912 	0.0976 	0.1908 	0.3522 	0.5076 	0.3027 	0.2774 	0.1703 	0.2501 	0.1975 
S,E7000,MWH_GE150000,KWH,X_TAX,PPS,IE	: 	: 	: 	: 	: 	: 	: 	: 	: 	: 	: 	: 	: 	: 	: 	: 	: 	: 	: 	: 	: @C	: 	0.0651 	0.0698 	0.0679 	0.0658 	0.0631 	0.0628 	0.0828 	0.1421 	0.1924 	0.2407 	0.1817 	0.1546 	0.1359 	0.1472 	0.1614 
S,E7000,MWH_GE150000,KWH,X_TAX,PPS,IS	: 	: 	: 	: 	: 	: 	: 	: 	: 	: 	: 	: 	: 	: 	: 	: 	: 	: 	: 	: 	: @C	: 	: 	: 	: 	: @C	: 	: 	: 	: 	: 	: 	: 	: 	: 	: 	: 
S,E7000,MWH_GE150000,KWH,X_TAX,PPS,IT	: 	: 	: 	: 	: 	: 	: 	0.0967 	0.0791 	0.0825 	0.0849 	0.0897 	0.083 	0.0854 	0.0663 	0.0691 	: 	0.0658 	0.0562 	0.0611 	0.0756 	0.0746 	0.0782 	0.0738 	0.0649 	0.0688 	0.0524 	0.0601 	0.0729 	0.1496 	0.2658 	0.3311 	0.1879 	0.1395 	0.1115 	0.1320 	0.1222 
S,E7000,MWH_GE150000,KWH,X_TAX,PPS,LT	: 	: 	: 	: 	: 	: 	: 	: 	: 	: 	: 	: 	: 	: 	: 	: 	: 	: 	: 	: 	: 	: 	: 	0.0754 	: 	0.0000 	: 	0.0000 	: 	0.0987 	0.0990 	0.2349 	: 	: 	: 	: 	0.0000 
S,E7000,MWH_GE150000,KWH,X_TAX,PPS,LU	: 	: 	: 	: 	: 	: 	: 	: 	: 	: 	: 	: 	: 	: @C	: @C	: @C	: @C	: 	: 	: 	: @C	: @C	0.0373 	: @C	: @C	: @C	: @C	: @C	: @C	: @C	: @C	: @C	: @C	: @C	: @C	: @C	: @C
S,E7000,MWH_GE150000,KWH,X_TAX,PPS,LV	: 	: 	: 	: 	: 	: 	: 	: 	: 	: 	: 	: 	: 	: 	: 	: 	: 	: 	: 	: 	: 	: 	: 	: 	: 	0.0000 	0.0000 	0.0000 	0.0000 	0.0000 	0.0000 	: 	0.0000 	0.0000 	0.0000 	0.0000 	: 
S,E7000,MWH_GE150000,KWH,X_TAX,PPS,ME	: 	: 	: 	: 	: 	: 	: 	: 	: @C	: @C	: @C	: @C	: @C	: @C	: @C	: @C	: @C	: @C	: @C	: @C	: @C	: 	: @C	: @C	: @C	: @C	: @C	: @C	: @C	: @C	: 	: 	: 	: 	: 	: 	0.0000 
S,E7000,MWH_GE150000,KWH,X_TAX,PPS,MK	: 	: 	: 	: 	: 	: 	: 	: 	: 	: 	: 	: @C	0.114 	0.1273 	: @C	: @C	: 	: 	: 	: 	: 	: 	0.1223 	0.1518 	0.1289 	0.1370 	0.1162 	0.1176 	0.1259 	0.3279 	0.3539 	0.3110 	0.2370 	0.2326 	0.1630 	0.1880 	0.2041 
S,E7000,MWH_GE150000,KWH,X_TAX,PPS,MT	: 	: 	0.081 	0.1845 	0.1691 	0.1182 	: 	: 	: 	: 	: 	: 	: 	: 	: 	: 	: 	: 	: 	: 	: 	: 	: 	: 	: 	: 	: 	: 	: 	: 	: 	: 	: 	: 	: 	: 	: 
S,E7000,MWH_GE150000,KWH,X_TAX,PPS,NL	0.0672 	: 	: 	: 	0.0593 	0.0538 	0.055 	0.057 	0.0565 	0.0587 	0.0529 	0.0578 	0.0649 	0.0675 	0.0583 	0.0597 	0.0602 	0.0588 	0.0524 	0.0533 	0.0369 	0.0369 	0.0375 	0.0410 	0.0415 	0.0407 	0.0422 	0.0430 	0.0451 	0.0789 	0.1164 	0.1393 	0.1701 	0.1540 	0.0950 	0.0880 	0.0738 
S,E7000,MWH_GE150000,KWH,X_TAX,PPS,NO	: 	: 	: 	: 	: 	: 	: 	: 	: 	: 	: 	: 	: 	: 	: 	: 	: 	: 	: 	: 	0.0265 	: @C	: @C	: @C	: @C	0.0256 	0.0218 	0.0222 	0.0258 	0.0346 	0.0382 	0.0455 	0.0427 	0.0361 	0.0364 	0.0313 	0.0318 
S,E7000,MWH_GE150000,KWH,X_TAX,PPS,PL	: 	: 	: 	0.0991 	0.1269 	0.1235 	0.1288 	0.1283 	0.1276 	0.1245 	0.129 	0.1251 	0.1186 	0.1026 	0.0866 	0.0895 	0.0951 	0.0939 	0.0949 	0.097 	0.0692 	0.0798 	0.0857 	0.0958 	0.0832 	0.1105 	0.0831 	0.0882 	0.0878 	0.0962 	0.1468 	0.1964 	0.2283 	0.2008 	0.1308 	0.1589 	0.1459 
S,E7000,MWH_GE150000,KWH,X_TAX,PPS,PT	: 	: 	: 	: 	: 	: 	: 	: 	: 	: 	: 	: 	: 	: 	: 	: 	: 	: 	: 	: 	0.0716 	0.0692 	0.0604 	0.0700 	: @C	: @C	0.0606 	0.0617 	0.0767 	0.1461 	0.2266 	0.2226 	0.1084 	0.1114 	0.0750 	0.1119 	0.1094 
S,E7000,MWH_GE150000,KWH,X_TAX,PPS,RO	: 	: 	: 	: 	: 	: 	: 	: 	: 	: 	: 	: 	: 	: 	: 	: 	: 	: 	: 	: 	: 	0.0871 	0.0922 	0.1018 	0.1082 	0.1135 	0.1111 	0.1078 	0.1075 	0.1977 	0.2831 d	0.3602 d	0.2504 	0.2499 	0.1865 	0.2040 	0.2036 
S,E7000,MWH_GE150000,KWH,X_TAX,PPS,RS	: 	: 	: 	: 	: 	: 	: 	: 	: 	: 	: 	: 	: 	: 	: 	: 	: 	: 	: 	: 	0.0907 	0.0932 	0.0937 	0.0942 	0.0951 	0.0950 	0.1003 	0.1002 	0.0988 	0.1216 	0.1286 	0.1311 	0.1918 	0.1644 	0.1892 	0.1535 	0.1590 
S,E7000,MWH_GE150000,KWH,X_TAX,PPS,SE	: 	: 	: 	: 	: 	: 	: 	: 	: 	: 	: 	: 	: 	: 	: 	: 	: 	: 	: 	: 	0.0283 	0.0286 	0.0294 	0.0378 	0.0339 	0.0300 	0.0263 	0.0294 	0.0359 	0.0549 	0.0599 	0.0877 	0.0670 	0.0559 	0.0542 	0.0470 	0.0463 
S,E7000,MWH_GE150000,KWH,X_TAX,PPS,SI	: 	: 	: 	: 	: 	: 	: 	: 	: 	: 	: 	: 	: 	: 	: 	: 	: 	: 	: 	: 	: 	: @C	: @C	: @C	: @C	: @C	: @C	: @C	: @C	: @C	: @C	: @C	: @C	: @C	: @C	: 	: 
S,E7000,MWH_GE150000,KWH,X_TAX,PPS,SK	: 	0.1154 	0.1376 	0.1348 	0.1404 	0.1319 	0.1346 	0.1107 	0.1316 	0.1339 	0.1321 	0.121 	0.147 	0.1322 	0.1205 	0.0956 	0.1021 	0.0945 	0.0983 	0.1046 	0.0686 	0.0682 	0.0671 	0.0737 	0.0758 	0.0824 	0.0745 	0.0768 	0.0872 	0.1252 	0.2180 	0.2927 	0.2451 	0.2183 	0.1558 	0.1824 	0.1663 
S,E7000,MWH_GE150000,KWH,X_TAX,PPS,TR	: 	: 	: 	0.1062 	0.1042 	0.1082 	0.1138 	0.1137 	0.1 	0.1102 	0.1035 	0.1189 	0.1205 	0.1134 	0.111 	0.1101 	0.1074 	0.1107 	0.1122 	0.1128 	0.0929 	0.0944 	0.0899 	0.1412 	0.1243 	0.1357 	0.1279 	0.1253 	0.1462 	0.1864 	0.4221 	0.4458 	0.3318 	0.3235 	0.2278 	0.1583 	0.1639 
S,E7000,MWH_GE150000,KWH,X_TAX,PPS,UK	0.0697 	0.0621 	0.0706 	0.0832 	0.0838 	0.0783 	0.0785 	0.0719 	0.0731 	0.0768 	0.0853 	0.0884 	0.0889 	0.0929 	0.0948 	0.095 	0.0799 	0.0807 	0.0748 	0.077 	0.0764 	0.0756 	0.0746 	0.0801 	0.0673 	0.0722 	0.0696 	: 	: 	: 	: 	: 	: 	: 	: 	: 	: 
S,E7000,MWH_GE150000,KWH,X_VAT,EUR,AL	: 	: 	: 	: 	: 	: 	: 	: 	: 	: 	: 	: 	: 	: 	: 	: 	: 	: 	: 	: 	: 	: 	: 	: 	0.1040 e	: 	0.1037 e	0.1036 e	0.1039 e	0.1053 e	0.1057 	0.1097 	0.1135 e	0.1223 e	0.1252 	0.1292 e	0.1420 
S,E7000,MWH_GE150000,KWH,X_VAT,EUR,AT	: 	: 	: 	0.088 	: 	: 	: 	: 	: 	: 	: 	: 	: 	: 	: 	: 	: 	0.0641 	: 	: 	0.0613 	0.0601 	0.0622 	0.0726 	0.0724 	0.0717 	0.0736 	0.0759 	0.0859 	0.1160 	0.1694 	0.2094 e	0.1968 e	0.1739 e	0.1350 e	0.1428 e	0.1426 e
S,E7000,MWH_GE150000,KWH,X_VAT,EUR,BA	: 	: 	: 	: 	: 	: 	: 	: 	: 	: 	0.0524 	0.0527 	0.0557 	0.0541 	0.0549 	0.0516 	0.0489 	0.049 	0.0431 	0.0476 	0.0436 	0.0475 	0.0565 	0.0627 	0.0682 	0.0558 	0.0627 	0.0771 	0.0591 	0.0699 	0.0877 	0.0812 	0.0792 	0.0800 	0.0847 	0.0844 	0.1057 
S,E7000,MWH_GE150000,KWH,X_VAT,EUR,BE	: 	: 	: 	: 	: 	: 	: 	: 	: 	: 	: 	: 	: 	: 	: 	: 	: 	: 	0.0589 	: 	0.045 	0.0456 	0.0526 	0.0601 	0.0494 	0.0454 	0.0418 	0.0481 	0.0587 	0.1137 	0.1704 	0.2251 	0.1392 	0.1046 	0.0778 	0.0894 	0.0982 
S,E7000,MWH_GE150000,KWH,X_VAT,EUR,BG	: 	0.0358 	0.0348 	0.044 	0.0465 	0.0476 	0.0476 	0.0513 	0.0468 	0.0483 	0.0503 	0.0525 	0.0557 	0.0506 	0.0529 	0.0521 	0.0486 	0.0593 	0.0621 	0.0576 	0.0503 	0.0547 	0.0606 	0.0552 	0.0619 	0.0656 	0.0579 	0.0636 	0.0749 	0.1374 	0.1528 	0.1463 	0.1121 	0.1079 	0.0880 	0.1255 	0.1035 
S,E7000,MWH_GE150000,KWH,X_VAT,EUR,CY	: 	: 	: 	: 	: 	: 	: 	: 	: 	: 	: 	: 	: 	: 	: 	: 	: 	: 	: 	: 	: 	: 	: 	: 	: 	0.0000 	0.0000 	0.1140 	0.0000 	0.0000 	0.0000 	0.2857 	0.2538 	0.2440 	0.0000 n	: 	0.2094 
S,E7000,MWH_GE150000,KWH,X_VAT,EUR,CZ	: 	: 	: 	: 	: 	: 	: 	: 	: 	: 	: 	: 	: 	: 	: 	: 	: 	: 	: 	: 	: @C	: @C	0.0632 	: @C	: @C	: @C	: @C	: @C	: @C	: @C	: @C	: @C	: @C	: @C	: @C	: @C	: @C
S,E7000,MWH_GE150000,KWH,X_VAT,EUR,DE	: 	: 	: 	: 	: 	: 	: 	: 	: 	: 	: 	: 	: 	: 	: 	: 	: 	: 	: 	: 	: 	: 	: 	: 	: 	0.0768 	0.0643 	0.0733 	0.0882 	0.1311 	0.1734 	0.2070 	0.1589 	0.1527 	0.1212 	0.1390 	0.1338 
S,E7000,MWH_GE150000,KWH,X_VAT,EUR,DK	: 	: 	: 	: 	: 	: 	: 	: 	: 	: 	: 	: 	: 	: 	: 	: 	: 	: 	: 	: 	0.0661 	0.0679 	0.0717 	0.0685 	0.0657 	0.0613 	0.0471 	0.0587 	0.0761 	0.1315 	0.1776 	0.2554 	0.1146 	0.1062 	0.0980 	0.1136 	0.1170 
S,E7000,MWH_GE150000,KWH,X_VAT,EUR,EA	: 	0.045 	0.0717 	0.0811 	0.0763 	0.0682 	0.0736 	0.0801 	0.072 	0.0744 	0.0745 	0.0794 	0.08 	0.087 	0.0701 	0.0787 	0.0671 	0.0769 	0.0641 	0.0694 	0.0635 	0.0638 	0.0623 	0.0645 	0.0621 	0.0657 	0.0581 	0.0618 	0.0723 	0.1174 	0.1714 	0.1981 	0.1415 	0.1292 	0.1026 	0.1137 	0.1079 
S,E7000,MWH_GE150000,KWH,X_VAT,EUR,EE	: 	: 	: 	: 	: 	: 	: 	: 	: 	: 	: 	: 	: 	: 	: 	: 	: 	: 	: 	: 	: 	: 	: 	: 	: 	0.0688 	: @C	: @C	: @C	0.0000 	0.0000 	0.0000 	0.0000 	0.0000 	0.0000 	0.0000 	: @C
S,E7000,MWH_GE150000,KWH,X_VAT,EUR,EL	: 	: 	: 	: 	: 	0.0595 	0.0607 	0.0673 	0.0611 	0.0607 	0.0597 	: 	: 	: 	: 	: 	: 	: 	: 	: 	: @C	: @C	: @C	: @C	: @C	: @C	: @C	: @C	: @C	: @C	: @C	0.0943 	0.1001 	0.1000 	0.1022 	0.1120 	0.1132 
S,E7000,MWH_GE150000,KWH,X_VAT,EUR,ES	: 	0.0413 	0.0443 	0.0514 	0.0536 	0.0499 	0.0512 	0.0511 	0.0525 	0.053 	0.0559 	0.0562 	0.0562 	0.0657 	0.054 	0.0679 	0.0667 	0.0752 	0.0543 	0.0621 	0.0689 	0.0677 	0.0661 	0.0782 	0.0678 	0.0612 	0.0503 	0.0542 	0.0619 	0.1234 	0.2104 	0.2051 	0.1147 	0.1068 	0.0756 	0.0974 	0.0883 
S,E7000,MWH_GE150000,KWH,X_VAT,EUR,EU27_2020	0.0381 	0.0465 	0.0701 	0.0784 	0.0758 	0.07 	0.0742 	0.0793 	0.0729 	0.0737 	0.0751 	0.0791 	0.0788 	0.0825 	0.0676 	0.0744 	0.0655 	0.0737 	0.0631 	0.0671 	0.0612 	0.0621 	0.0619 	0.0646 	0.0625 	0.0662 	0.0588 	0.0625 	0.0719 	0.1129 	0.1644 	0.1933 	0.1447 	0.1321 	0.1067 	0.1187 	0.1126 
S,E7000,MWH_GE150000,KWH,X_VAT,EUR,FI	: 	: 	: 	: 	: 	: 	: 	: 	: 	: 	: 	: 	: 	: 	: 	: 	: 	: 	: 	: 	: @C	: 	: @C	: @C	: @C	: @C	0.0459 	: @C	0.0530 	0.0843 	0.0875 	0.1430 	: @C	: @C	: @C	: @C	: @C
S,E7000,MWH_GE150000,KWH,X_VAT,EUR,FR	: 	: 	: 	: 	: 	: 	: 	: 	: 	: 	: 	: 	: 	: 	: 	: 	: 	: 	: 	: 	0.0468 	0.0468 	0.0461 	0.0455 	0.0504 	0.0488 	0.0535 	0.0514 	0.0554 	0.0767 	0.0910 	0.0888 	0.0806 	0.0930 	0.0829 	0.0746 	0.0708 
S,E7000,MWH_GE150000,KWH,X_VAT,EUR,GE	: 	: 	: 	: 	: 	: 	: 	: 	: 	: 	: 	: 	: 	: 	: 	: 	: 	: 	: 	: 	: 	: 	0.0456 	0.0496 	0.0486 	: 	: 	: 	: 	: 	: 	: 	: 	: 	0.0000 	0.0000 	0.0000 
S,E7000,MWH_GE150000,KWH,X_VAT,EUR,HR	0.0381 	0.0465 	0.0468 	0.0585 	: 	: 	: 	0.0584 	: 	: 	: 	: 	: 	: 	: 	: 	: 	: 	: 	: 	: 	: 	: 	: 	: @C	0.0699 	: @C	: @C	: @C	: @C	: @C	: @C	: @C	: @C	: @C	: @C	: @C
S,E7000,MWH_GE150000,KWH,X_VAT,EUR,HU	: 	0.067 	0.0773 	0.0823 	0.0918 	0.0952 	0.0768 	0.0774 	0.0687 	0.0706 	0.0939 	0.0971 	0.0961 	0.0947 	0.0834 	0.0834 	0.0816 	0.0829 	0.0732 	0.0737 	0.0728 e	0.0749 	0.0613 	0.0647 	0.0682 	0.0693 	0.0656 	0.0675 	0.0738 	0.1267 	0.2287 	0.3198 	0.2090 	0.1919 	0.1415 	0.1814 	0.1561 
S,E7000,MWH_GE150000,KWH,X_VAT,EUR,IE	: 	: 	: 	: 	: 	: 	: 	: 	: 	: 	: 	: 	: 	: 	: 	: 	: 	: 	: 	: 	: @C	: 	0.0848 	0.0877 	0.0848 	0.0819 	0.0786 	0.0802 	0.1053 	0.1752 	0.2306 	0.2882 	0.2128 	0.1779 	0.1633 	0.1759 	0.1947 
S,E7000,MWH_GE150000,KWH,X_VAT,EUR,IS	: 	: 	: 	: 	: 	: 	: 	: 	: 	: 	: 	: 	: 	: 	: 	: 	: 	: 	: 	: 	: @C	: 	: 	: 	: 	: @C	: 	: 	: 	: 	: 	: 	: 	: 	: 	: 	: 
S,E7000,MWH_GE150000,KWH,X_VAT,EUR,IT	: 	: 	0.0911 	0.1011 	0.0949 	0.0845 	0.0945 	0.1096 	0.0885 	0.0932 	0.0937 	0.101 	0.0974 	0.1061 	0.0821 	0.0921 	: 	0.0864 	0.0746 	0.0788 	0.0886 	0.088 	0.0839 	0.0787 	0.0712 	0.0813 	0.0578 	0.0652 	0.0774 	0.1506 	0.2615 	0.3236 	0.1837 	0.1368 	0.1136 	0.1343 	0.1207 
S,E7000,MWH_GE150000,KWH,X_VAT,EUR,LI	: 	: 	: 	: 	: 	: 	: 	: 	: 	: 	: 	: 	: 	: 	: 	: 	: 	: 	: 	: 	0 	: 	: 	: 	: 	: 	: 	: 	: 	: 	: 	: 	: 	: 	: 	: 	: 
S,E7000,MWH_GE150000,KWH,X_VAT,EUR,LT	: 	: 	: 	: 	: 	: 	: 	: 	: 	: 	: 	: 	: 	: 	: 	: 	: 	: 	: 	: 	: 	: 	: 	0.0632 	: 	0.0000 	: 	0.0000 	: 	0.0787 	0.0721 	0.1623 	: 	: 	: 	: 	0.0000 
S,E7000,MWH_GE150000,KWH,X_VAT,EUR,LU	: 	: 	: 	: 	: 	: 	: 	: 	: 	: 	: 	: 	: 	: @C	: @C	: @C	: @C	: 	: 	: 	: @C	: @C	0.0473 	: @C	: @C	: @C	: @C	: @C	: @C	: @C	: @C	: @C	: @C	: @C	: @C	: @C	: @C
S,E7000,MWH_GE150000,KWH,X_VAT,EUR,LV	: 	: 	: 	: 	: 	: 	: 	: 	: 	: 	: 	: 	: 	: 	: 	: 	: 	: 	: 	: 	: 	: 	: 	: 	: 	0.0000 	0.0000 	0.0000 	0.0000 	0.0000 	0.0000 	: 	0.0000 	0.0000 	0.0000 	0.0000 	: 
S,E7000,MWH_GE150000,KWH,X_VAT,EUR,ME	: 	: 	: 	: 	: 	: 	: 	: 	: @C	: @C	: @C	: @C	: @C	: @C	: @C	: @C	: @C	: @C	: @C	: @C	: @C	: 	: @C	: @C	: @C	: @C	: @C	: @C	: @C	: @C	: 	: 	: 	: 	: 	: 	0.0000 
S,E7000,MWH_GE150000,KWH,X_VAT,EUR,MK	: 	: 	: 	: 	: 	: 	: 	: 	: 	: 	: 	: @C	0.0536 	0.0593 	: @C	: @C	: 	: 	: 	: 	: 	: 	0.0558 	0.0693 	0.0587 	0.0624 	0.0534 	0.0540 	0.0578 	0.1558 	0.1680 	0.1449 	0.1133 	0.1105 	0.0790 	0.0953 	0.1034 
S,E7000,MWH_GE150000,KWH,X_VAT,EUR,MT	: 	: 	0.0581 	0.1323 	0.123 	0.086 	: 	: 	: 	: 	: 	: 	: 	: 	: 	: 	: 	: 	: 	: 	: 	: 	: 	: 	: 	: 	: 	: 	: 	: 	: 	: 	: 	: 	: 	: 	: 
S,E7000,MWH_GE150000,KWH,X_VAT,EUR,NL	: 	: 	: 	: 	0.0676 	0.0607 	0.0626 	0.064 	0.0638 	0.0651 	0.0596 	0.0639 	0.0728 	0.0749 	0.0653 	0.0659 	0.0667 	0.0643 	0.0585 	0.0581 	0.0440 	0.0430 	0.0440 	0.0480 	0.0510 	0.0490 	0.0529 	0.0515 	0.0551 	0.0925 	0.1395 	0.1641 	0.2034 	0.1829 	0.1149 	0.1050 	0.0908 
S,E7000,MWH_GE150000,KWH,X_VAT,EUR,NO	: 	: 	: 	: 	: 	: 	: 	: 	: 	: 	: 	: 	: 	: 	: 	: 	: 	: 	: 	: 	0.0403 	: @C	: @C	: @C	: @C	0.0373 	0.0308 	0.0313 	0.0383 	0.0494 	0.0555 	0.0638 	0.0515 	0.0424 	0.0451 	0.0377 	0.0394 
S,E7000,MWH_GE150000,KWH,X_VAT,EUR,PL	: 	: 	: 	0.0722 	0.0748 	0.0779 	0.0817 	0.0818 	0.0833 	0.075 	0.078 	0.078 	0.0733 	0.0635 	0.055 	0.0565 	0.0605 	0.0582 	0.0559 	0.0572 	0.0566 	0.0653 	0.0723 	0.0781 	0.0684 	0.0855 	0.0753 	0.0796 	0.0831 	0.0954 	0.1443 	0.1770 	0.2166 	0.1997 	0.1612 	0.1856 	0.1726 
S,E7000,MWH_GE150000,KWH,X_VAT,EUR,PT	: 	: 	: 	: 	: 	: 	: 	: 	: 	: 	: 	: 	: 	: 	: 	: 	: 	: 	: 	: 	0.075 	0.0726 	0.0679 	0.0787 	: @C	: @C	0.0698 	0.0714 	0.0836 	0.1477 	0.1874 	0.1655 	0.0484 	0.0774 	0.0646 	0.1000 	0.0982 
S,E7000,MWH_GE150000,KWH,X_VAT,EUR,RO	: 	: 	: 	: 	: 	: 	: 	: 	: 	: 	: 	: 	: 	: 	: 	: 	: 	: 	: 	: 	: 	0.0519 	0.0560 	0.0618 	0.0662 	0.0691 	0.0675 	0.0657 	0.0648 	0.1140 	0.1697 d	0.2136 d	0.1461 	0.1468 	0.1155 	0.1252 	0.1296 
S,E7000,MWH_GE150000,KWH,X_VAT,EUR,RS	: 	: 	: 	: 	: 	: 	: 	: 	: 	: 	: 	: 	: 	: 	: 	: 	: 	: 	: 	: 	0.0478 	0.0507 	0.0523 	0.0526 	0.0540 	0.0543 	0.0583 	0.0583 	0.0606 	0.0722 	0.0739 	0.0758 	0.1154 	0.1035 	0.1322 	0.1081 	0.1124 
S,E7000,MWH_GE150000,KWH,X_VAT,EUR,SE	: 	: 	: 	: 	: 	: 	: 	: 	: 	: 	: 	: 	: 	: 	: 	: 	: 	: 	: 	: 	0.0385 	0.0386 	0.0418 	0.0516 	0.0465 	0.0411 	0.0331 	0.0381 	0.0472 	0.0717 	0.0757 	0.1076 	0.0802 	0.0655 	0.0652 	0.0559 	0.0567 
S,E7000,MWH_GE150000,KWH,X_VAT,EUR,SI	: 	: 	: 	: 	: 	: 	: 	: 	: 	: 	: 	: 	: 	: 	: 	: 	: 	: 	: 	: 	: 	: @C	: @C	: @C	: @C	: @C	: @C	: @C	: @C	: @C	: @C	: @C	: @C	: @C	: @C	: 	: 
S,E7000,MWH_GE150000,KWH,X_VAT,EUR,SK	: 	0.0782 	0.0912 	0.0956 	0.0961 	0.0903 	0.0913 	0.0753 	0.0947 	0.0963 	0.0945 	0.087 	0.1043 	0.0943 	0.0848 	0.0682 	0.0725 	0.0659 	0.0688 	0.0725 	0.0893 	0.089 	0.0891 	0.0948 	0.0962 	0.1014 	0.0944 	0.0962 	0.1048 	0.1359 	0.1885 	0.2476 	0.2197 	0.1897 	0.1326 	0.1524 	0.1418 
S,E7000,MWH_GE150000,KWH,X_VAT,EUR,TR	: 	: 	: 	0.0654 	0.0611 	0.0628 	0.0721 	0.0738 	0.0614 	0.0611 	0.0637 	0.0746 	0.0773 	0.0647 	0.0614 	0.0636 	0.0616 	0.0564 	0.0593 	0.0568 	0.0494 	0.046 	0.0454 	0.0549 	0.0574 	0.0626 	0.0610 	0.0476 	0.0519 	0.0692 	0.1091 	0.1758 	0.1150 	0.0809 	0.0750 	0.0784 	0.0728 
S,E7000,MWH_GE150000,KWH,X_VAT,EUR,UA	: 	: 	: 	: 	: 	: 	: 	: 	: 	: 	: 	: 	: 	: 	: 	: 	: 	: 	0.0488 	0.0583 	0.0545 	0.0508 d	0.0493 	0.0506 	0.0536 	0.0586 	0.0491 	0.0485 	0.0483 	: 	: 	: 	: 	: 	: 	: 	: 
S,E7000,MWH_GE150000,KWH,X_VAT,EUR,UK	0.0839 	0.0712 	0.0774 	0.0862 	0.0831 	0.0781 	0.0832 	0.0778 	0.0791 	0.0836 	0.0967 	0.1027 	0.098 	0.1028 	0.1098 	0.1143 	0.125 	0.1298 	0.1185 	0.1101 	0.1066 	0.1037 	0.1088 	0.1144 	0.1256 	0.1343 	0.1361 	: 	: 	: 	: 	: 	: 	: 	: 	: 	: 
S,E7000,MWH_GE150000,KWH,X_VAT,EUR,XK	: 	: 	: 	: 	: 	: 	: 	: 	: 	: 	: 	: 	0.0457 	0.0514 	0.0448 	0.0466 	0.0502 	0.0498 	: 	: 	: @C	: @C	: @C	: @C	: @C	: @C	: @C	: 	: @C	: 	: 	: 	: 	: 	: 	: 	: 
S,E7000,MWH_GE150000,KWH,X_VAT,NAC,AL	: 	: 	: 	: 	: 	: 	: 	: 	: 	: 	: 	: 	: 	: 	: 	: 	: 	: 	: 	: 	: 	: 	: 	: 	12.8800 e	: 	12.8300 e	12.8300 e	12.8100 e	12.8100 e	12.8100 	12.8100 	12.8100 e	12.8100 e	12.8100 	12.8100 e	14.0000 
S,E7000,MWH_GE150000,KWH,X_VAT,NAC,AT	: 	: 	: 	0.088 	: 	: 	: 	: 	: 	: 	: 	: 	: 	: 	: 	: 	: 	0.0641 	: 	: 	0.0613 	0.0601 	0.0622 	0.0726 	0.0724 	0.0717 	0.0736 	0.0759 	0.0859 	0.1160 	0.1694 	0.2094 e	0.1968 e	0.1739 e	0.1350 e	0.1428 e	0.1426 e
S,E7000,MWH_GE150000,KWH,X_VAT,NAC,BA	: 	: 	: 	: 	: 	: 	: 	: 	: 	: 	0.1027 	0.1032 	0.1091 	0.1061 	0.1077 	0.1011 	0.0957 	0.0958 	0.0842 	0.0931 	0.0853 	0.0929 	0.1105 	0.1227 	0.1334 	0.1092 	0.1227 	0.1508 	0.1155 	0.1367 	0.1715 	0.1589 	0.1549 	0.1565 	0.1656 	0.1651 	0.2067 
S,E7000,MWH_GE150000,KWH,X_VAT,NAC,BE	: 	: 	: 	: 	: 	: 	: 	: 	: 	: 	: 	: 	: 	: 	: 	: 	: 	: 	0.0589 	: 	0.045 	0.0456 	0.0526 	0.0601 	0.0494 	0.0454 	0.0418 	0.0481 	0.0587 	0.1137 	0.1704 	0.2251 	0.1392 	0.1046 	0.0778 	0.0894 	0.0982 
S,E7000,MWH_GE150000,KWH,X_VAT,NAC,BG	: 	0.07 	0.068 	0.086 	0.091 	0.093 	0.093 	0.1004 	0.0916 	0.0945 	0.0984 	0.1027 	0.1089 	0.0989 	0.1034 	0.1019 	0.095 	0.1159 	0.1214 	0.1127 	0.0984 	0.1069 	0.1185 	0.1079 	0.1211 	0.1283 	0.1132 	0.1244 	0.1465 	0.2687 	0.2989 	0.2862 	0.2192 	0.2111 	0.1722 	0.2454 	0.2025 
S,E7000,MWH_GE150000,KWH,X_VAT,NAC,CY	: 	: 	: 	: 	: 	: 	: 	: 	: 	: 	: 	: 	: 	: 	: 	: 	: 	: 	: 	: 	: 	: 	: 	: 	: 	0.0000 	0.0000 	0.1140 	0.0000 	0.0000 	0.0000 	0.2857 	0.2538 	0.2440 	0.0000 n	: 	0.2094 
S,E7000,MWH_GE150000,KWH,X_VAT,NAC,CZ	: 	: 	: 	: 	: 	: 	: 	: 	: 	: 	: 	: 	: 	: 	: 	: 	: 	: 	: 	: 	: @C	: @C	1.6104 	: @C	: @C	: @C	: @C	: @C	: @C	: @C	: @C	: @C	: @C	: @C	: @C	: @C	: @C
S,E7000,MWH_GE150000,KWH,X_VAT,NAC,DE	: 	: 	: 	: 	: 	: 	: 	: 	: 	: 	: 	: 	: 	: 	: 	: 	: 	: 	: 	: 	: 	: 	: 	: 	: 	0.0768 	0.0643 	0.0733 	0.0882 	0.1311 	0.1734 	0.2070 	0.1589 	0.1527 	0.1212 	0.1390 	0.1338 
S,E7000,MWH_GE150000,KWH,X_VAT,NAC,DK	: 	: 	: 	: 	: 	: 	: 	: 	: 	: 	: 	: 	: 	: 	: 	: 	: 	: 	: 	: 	0.4918 	0.5051 	0.5339 	0.5107 	0.4906 	0.4574 	0.3514 	0.4366 	0.5656 	0.9781 	1.3212 	1.9001 	0.8535 	0.7919 	0.7308 	0.8477 	0.8731 
S,E7000,MWH_GE150000,KWH,X_VAT,NAC,EE	: 	: 	: 	: 	: 	: 	: 	: 	: 	: 	: 	: 	: 	: 	: 	: 	: 	: 	: 	: 	: 	: 	: 	: 	: 	0.0688 	: @C	: @C	: @C	0.0000 	0.0000 	0.0000 	0.0000 	0.0000 	0.0000 	0.0000 	: @C
S,E7000,MWH_GE150000,KWH,X_VAT,NAC,EL	: 	: 	: 	: 	: 	0.0595 	0.0607 	0.0673 	0.0611 	0.0607 	0.0597 	: 	: 	: 	: 	: 	: 	: 	: 	: 	: @C	: @C	: @C	: @C	: @C	: @C	: @C	: @C	: @C	: @C	: @C	0.0943 	0.1001 	0.1000 	0.1022 	0.1120 	0.1132 
S,E7000,MWH_GE150000,KWH,X_VAT,NAC,ES	: 	0.0413 	0.0443 	0.0514 	0.0536 	0.0499 	0.0512 	0.0511 	0.0525 	0.053 	0.0559 	0.0562 	0.0562 	0.0657 	0.054 	0.0679 	0.0667 	0.0752 	0.0543 	0.0621 	0.0689 	0.0677 	0.0661 	0.0782 	0.0678 	0.0612 	0.0503 	0.0542 	0.0619 	0.1234 	0.2104 	0.2051 	0.1147 	0.1068 	0.0756 	0.0974 	0.0883 
S,E7000,MWH_GE150000,KWH,X_VAT,NAC,FI	: 	: 	: 	: 	: 	: 	: 	: 	: 	: 	: 	: 	: 	: 	: 	: 	: 	: 	: 	: 	: @C	: 	: @C	: @C	: @C	: @C	0.0459 	: @C	0.0530 	0.0843 	0.0875 	0.1430 	: @C	: @C	: @C	: @C	: @C
S,E7000,MWH_GE150000,KWH,X_VAT,NAC,FR	: 	: 	: 	: 	: 	: 	: 	: 	: 	: 	: 	: 	: 	: 	: 	: 	: 	: 	: 	: 	0.0468 	0.0468 	0.0461 	0.0455 	0.0504 	0.0488 	0.0535 	0.0514 	0.0554 	0.0767 	0.0910 	0.0888 	0.0806 	0.0930 	0.0829 	0.0746 	0.0708 
S,E7000,MWH_GE150000,KWH,X_VAT,NAC,GE	: 	: 	: 	: 	: 	: 	: 	: 	: 	: 	: 	: 	: 	: 	: 	: 	: 	: 	: 	: 	: 	: 	0.1362 	0.1486 	0.1486 	: 	: 	: 	: 	: 	: 	: 	: 	: 	0.0000 	0.0000 	0.0000 
S,E7000,MWH_GE150000,KWH,X_VAT,NAC,HR	0.28 	0.34 	0.34 	0.42 	: 	: 	: 	0.427 	: 	: 	: 	: 	: 	: 	: 	: 	: 	: 	: 	: 	: 	: 	: 	: 	: @C	0.5184 	: @C	: @C	: @C	: @C	: @C	: @C	: @C	: @C	: @C	: @C	: @C
S,E7000,MWH_GE150000,KWH,X_VAT,NAC,HU	: 	16.9 	19.6 	20.55 	26.6161 	25.81 	20.87 	21.6 	18.5083 	20.4178 	27.7344 	27.4973 	28.4449 	28.1927 	25.6041 	25.8895 	25.0976 	25.9034 	22.8974 	22.8664 	22.512 e	23.1384 	19.2631 	20.9298 	21.8625 	22.8825 	22.6540 	24.1043 	26.4203 	45.4984 	85.8133 	130.2018 	79.5404 	73.4608 	55.1489 	72.6831 	63.1415 
S,E7000,MWH_GE150000,KWH,X_VAT,NAC,IE	: 	: 	: 	: 	: 	: 	: 	: 	: 	: 	: 	: 	: 	: 	: 	: 	: 	: 	: 	: 	: @C	: 	0.0848 	0.0877 	0.0848 	0.0819 	0.0786 	0.0802 	0.1053 	0.1752 	0.2306 	0.2882 	0.2128 	0.1779 	0.1633 	0.1759 	0.1947 
S,E7000,MWH_GE150000,KWH,X_VAT,NAC,IS	: 	: 	: 	: 	: 	: 	: 	: 	: 	: 	: 	: 	: 	: 	: 	: 	: 	: 	: 	: 	: @C	: 	: 	: 	: 	: @C	: 	: 	: 	: 	: 	: 	: 	: 	: 	: 	: 
S,E7000,MWH_GE150000,KWH,X_VAT,NAC,IT	: 	: 	0.0911 	0.1011 	0.0949 	0.0845 	0.0945 	0.1096 	0.0885 	0.0932 	0.0937 	0.101 	0.0974 	0.1061 	0.0821 	0.0921 	: 	0.0864 	0.0746 	0.0788 	0.0886 	0.088 	0.0839 	0.0787 	0.0712 	0.0813 	0.0578 	0.0652 	0.0774 	0.1506 	0.2615 	0.3236 	0.1837 	0.1368 	0.1136 	0.1343 	0.1207 
S,E7000,MWH_GE150000,KWH,X_VAT,NAC,LI	: 	: 	: 	: 	: 	: 	: 	: 	: 	: 	: 	: 	: 	: 	: 	: 	: 	: 	: 	: 	0 	: 	: 	: 	: 	: 	: 	: 	: 	: 	: 	: 	: 	: 	: 	: 	: 
S,E7000,MWH_GE150000,KWH,X_VAT,NAC,LT	: 	: 	: 	: 	: 	: 	: 	: 	: 	: 	: 	: 	: 	: 	: 	: 	: 	: 	: 	: 	: 	: 	: 	0.0632 	: 	0.0000 	: 	0.0000 	: 	0.0787 	0.0721 	0.1623 	: 	: 	: 	: 	0.0000 
S,E7000,MWH_GE150000,KWH,X_VAT,NAC,LU	: 	: 	: 	: 	: 	: 	: 	: 	: 	: 	: 	: 	: 	: @C	: @C	: @C	: @C	: 	: 	: 	: @C	: @C	0.0473 	: @C	: @C	: @C	: @C	: @C	: @C	: @C	: @C	: @C	: @C	: @C	: @C	: @C	: @C
S,E7000,MWH_GE150000,KWH,X_VAT,NAC,LV	: 	: 	: 	: 	: 	: 	: 	: 	: 	: 	: 	: 	: 	: 	: 	: 	: 	: 	: 	: 	: 	: 	: 	: 	: 	0.0000 	0.0000 	0.0000 	0.0000 	0.0000 	0.0000 	: 	0.0000 	0.0000 	0.0000 	0.0000 	: 
S,E7000,MWH_GE150000,KWH,X_VAT,NAC,ME	: 	: 	: 	: 	: 	: 	: 	: 	: @C	: @C	: @C	: @C	: @C	: @C	: @C	: @C	: @C	: @C	: @C	: @C	: @C	: 	: @C	: @C	: @C	: @C	: @C	: @C	: @C	: @C	: 	: 	: 	: 	: 	: 	0.0000 
S,E7000,MWH_GE150000,KWH,X_VAT,NAC,MK	: 	: 	: 	: 	: 	: 	: 	: 	: 	: 	: 	: @C	3.3038 	3.6491 	: @C	: @C	: 	: 	: 	: 	: 	: 	3.4322 	4.2596 	3.6117 	3.8395 	3.2906 	3.3300 	3.5651 	9.6026 	10.3632 	8.9205 	6.9803 	6.7958 	4.8603 	5.8625 	6.3672 
S,E7000,MWH_GE150000,KWH,X_VAT,NAC,MT	: 	: 	0.0581 	0.1323 	0.123 	0.086 	: 	: 	: 	: 	: 	: 	: 	: 	: 	: 	: 	: 	: 	: 	: 	: 	: 	: 	: 	: 	: 	: 	: 	: 	: 	: 	: 	: 	: 	: 	: 
S,E7000,MWH_GE150000,KWH,X_VAT,NAC,NL	: 	: 	: 	: 	0.0676 	0.0607 	0.0626 	0.064 	0.0638 	0.0651 	0.0596 	0.0639 	0.0728 	0.0749 	0.0653 	0.0659 	0.0667 	0.0643 	0.0585 	0.0581 	0.0440 	0.0430 	0.0440 	0.0480 	0.0510 	0.0490 	0.0529 	0.0515 	0.0551 	0.0925 	0.1395 	0.1641 	0.2034 	0.1829 	0.1149 	0.1050 	0.0908 
S,E7000,MWH_GE150000,KWH,X_VAT,NAC,NO	: 	: 	: 	: 	: 	: 	: 	: 	: 	: 	: 	: 	: 	: 	: 	: 	: 	: 	: 	: 	0.3699 	: @C	: @C	: @C	: @C	0.3717 	0.3305 	0.3356 	0.3900 	0.5016 	0.5537 	0.6522 	0.5829 	0.4893 	0.5182 	0.4439 	0.4598 
S,E7000,MWH_GE150000,KWH,X_VAT,NAC,PL	: 	: 	: 	0.2555 	0.3346 	0.326 	0.3271 	0.326 	0.3291 	0.3216 	0.3312 	0.3218 	0.3061 	0.2676 	0.2297 	0.2367 	0.2503 	0.246 	0.2444 	0.2491 	0.2414 	0.2772 	0.3051 	0.3360 	0.2935 	0.3678 	0.3324 	0.3559 	0.3771 	0.4380 	0.6687 	0.8381 	1.0010 	0.8905 	0.6958 	0.7973 	0.7303 
S,E7000,MWH_GE150000,KWH,X_VAT,NAC,PT	: 	: 	: 	: 	: 	: 	: 	: 	: 	: 	: 	: 	: 	: 	: 	: 	: 	: 	: 	: 	0.075 	0.0726 	0.0679 	0.0787 	: @C	: @C	0.0698 	0.0714 	0.0836 	0.1477 	0.1874 	0.1655 	0.0484 	0.0774 	0.0646 	0.1000 	0.0982 
S,E7000,MWH_GE150000,KWH,X_VAT,NAC,RO	: 	: 	: 	: 	: 	: 	: 	: 	: 	: 	: 	: 	: 	: 	: 	: 	: 	: 	: 	: 	: 	0.2386 	0.2607 	0.2877 	0.3140 	0.3282 	0.3253 	0.3190 	0.3175 	0.5631 	0.8393 d	1.0504 d	0.7210 	0.7281 	0.5746 	0.6228 	0.6488 
S,E7000,MWH_GE150000,KWH,X_VAT,NAC,RS	: 	: 	: 	: 	: 	: 	: 	: 	: 	: 	: 	: 	: 	: 	: 	: 	: 	: 	: 	: 	5.8936 	6.0562 	6.1868 	6.2185 	6.3714 	6.3835 	6.8543 	6.8523 	7.1250 	8.4870 	8.6871 	8.8961 	13.5318 	12.1352 	15.4896 	12.6514 	13.1664 
S,E7000,MWH_GE150000,KWH,X_VAT,NAC,SE	: 	: 	: 	: 	: 	: 	: 	: 	: 	: 	: 	: 	: 	: 	: 	: 	: 	: 	: 	: 	0.3695 	0.3736 	0.4248 	0.5345 	0.4894 	0.4380 	0.3532 	0.3935 	0.4780 	0.7284 	0.7937 	1.1598 	0.9088 	0.7610 	0.7426 	0.6411 	0.6289 
S,E7000,MWH_GE150000,KWH,X_VAT,NAC,SI	: 	: 	: 	: 	: 	: 	: 	: 	: 	: 	: 	: 	: 	: 	: 	: 	: 	: 	: 	: 	: 	: @C	: @C	: @C	: @C	: @C	: @C	: @C	: @C	: @C	: @C	: @C	: @C	: @C	: @C	: 	: 
S,E7000,MWH_GE150000,KWH,X_VAT,NAC,SK	: 	2.62 	2.94 	2.9 	0.0961 	0.0903 	0.0913 	0.0753 	0.0947 	0.0963 	0.0945 	0.087 	0.1043 	0.0943 	0.0848 	0.0682 	0.0725 	0.0659 	0.0688 	0.0725 	0.0893 	0.089 	0.0891 	0.0948 	0.0962 	0.1014 	0.0944 	0.0962 	0.1048 	0.1359 	0.1885 	0.2476 	0.2197 	0.1897 	0.1326 	0.1524 	0.1418 
S,E7000,MWH_GE150000,KWH,X_VAT,NAC,TR	: 	: 	: 	0.1258 	0.1314 	0.1364 	0.1457 	0.1456 	0.1357 	0.1505 	0.1488 	0.1709 	0.184 	0.1735 	0.1822 	0.1811 	0.1763 	0.1795 	0.1932 	0.1946 	0.1946 	0.1978 	0.2251 	0.3538 	0.3649 	0.3982 	0.4366 	0.4252 	0.4944 	0.7924 	1.7746 	3.2602 	2.4829 	2.4220 	2.5669 	2.8890 	2.9920 
S,E7000,MWH_GE150000,KWH,X_VAT,NAC,UA	: 	: 	: 	: 	: 	: 	: 	: 	: 	: 	: 	: 	: 	: 	: 	: 	: 	: 	1.39 	1.64 	1.58 	1.58 d	1.6000 	1.6112 	1.6297 	1.6090 	1.4048 	1.6000 	1.6173 	: 	: 	: 	: 	: 	: 	: 	: 
S,E7000,MWH_GE150000,KWH,X_VAT,NAC,UK	0.0566 	0.0494 	0.06 	0.0704 	0.0743 	0.0694 	0.0724 	0.0658 	0.0687 	0.0725 	0.0795 	0.0821 	0.0834 	0.0871 	0.0902 	0.0905 	0.0915 	0.0934 	0.0923 	0.0946 	0.0917 	0.0926 	0.0957 	0.1018 	0.1097 	0.1184 	0.1191 	: 	: 	: 	: 	: 	: 	: 	: 	: 	: 
S,E7000,MWH_GE150000,KWH,X_VAT,NAC,XK	: 	: 	: 	: 	: 	: 	: 	: 	: 	: 	: 	: 	0.0457 	0.0514 	0.0448 	0.0466 	0.0502 	0.0498 	: 	: 	: @C	: @C	: @C	: @C	: @C	: @C	: @C	: 	: @C	: 	: 	: 	: 	: 	: 	: 	: 
S,E7000,MWH_GE150000,KWH,X_VAT,PPS,AL	: 	: 	: 	: 	: 	: 	: 	: 	: 	: 	: 	: 	: 	: 	: 	: 	: 	: 	: 	: 	: 	: 	: 	: 	0.2092 e	: 	0.2017 e	0.2017 e	0.1990 e	0.1990 e	0.1998 	0.1998 	0.2010 e	0.2014 e	0.2036 	0.2048 e	0.2253 
S,E7000,MWH_GE150000,KWH,X_VAT,PPS,AT	: 	: 	: 	0.0806 	: 	: 	: 	: 	: 	: 	: 	: 	: 	: 	: 	: 	: 	0.059 	: 	: 	0.0543 	0.0533 	0.0552 	0.0644 	0.0637 	0.0631 	0.0644 	0.0664 	0.0751 	0.1004 	0.1467 	0.1836 e	0.1753 e	0.1549 e	0.1192 e	0.1260 e	0.1242 e
S,E7000,MWH_GE150000,KWH,X_VAT,PPS,BA	: 	: 	: 	: 	: 	: 	: 	: 	: 	: 	0.1088 	0.1094 	0.1144 	0.1113 	0.1139 	0.107 	0.1012 	0.1039 	0.0911 	0.1006 	0.0861 	0.0937 	0.1111 	0.1233 	0.1328 	0.1087 	0.1225 	0.1505 	0.1153 	0.1344 	0.1686 	0.1560 	0.1456 	0.1446 	0.1552 	0.1539 	0.1791 
S,E7000,MWH_GE150000,KWH,X_VAT,PPS,BE	: 	: 	: 	: 	: 	: 	: 	: 	: 	: 	: 	: 	: 	: 	: 	: 	: 	: 	0.0544 	: 	0.0398 	0.0404 	0.0466 	0.0533 	0.0438 	0.0402 	0.0375 	0.0431 	0.0526 	0.1022 	0.1534 	0.2026 	0.1250 	0.0935 	0.0694 	0.0792 	0.0875 
S,E7000,MWH_GE150000,KWH,X_VAT,PPS,BG	: 	0.0892 	0.0813 	0.1029 	0.1041 	0.1063 	0.1073 	0.1158 	0.0989 	0.1021 	0.107 	0.1117 	0.1171 	0.1063 	0.1121 	0.1105 	0.103 	0.1282 	0.1346 	0.1243 	0.0999 	0.1085 	0.1178 	0.1073 	0.1164 	0.1234 	0.1074 	0.1180 	0.1390 	0.2489 	0.2769 	0.2639 	0.1859 	0.1791 	0.1458 	0.2078 	0.1688 
S,E7000,MWH_GE150000,KWH,X_VAT,PPS,CY	: 	: 	: 	: 	: 	: 	: 	: 	: 	: 	: 	: 	: 	: 	: 	: 	: 	: 	: 	: 	: 	: 	: 	: 	: 	0.0000 	0.0000 	0.1245 	0.0000 	0.0000 	0.0000 	0.3153 	0.2775 	0.2677 	0.0000 n	: 	0.2293 
S,E7000,MWH_GE150000,KWH,X_VAT,PPS,CZ	: 	: 	: 	: 	: 	: 	: 	: 	: 	: 	: 	: 	: 	: 	: 	: 	: 	: 	: 	: 	: @C	: @C	0.0883 	: @C	: @C	: @C	: @C	: @C	: @C	: @C	: @C	: @C	: @C	: @C	: @C	: @C	: @C
S,E7000,MWH_GE150000,KWH,X_VAT,PPS,DE	: 	: 	: 	: 	: 	: 	: 	: 	: 	: 	: 	: 	: 	: 	: 	: 	: 	: 	: 	: 	: 	: 	: 	: 	: 	0.0695 	0.0582 	0.0663 	0.0798 	0.1180 	0.1561 	0.1864 	0.1419 	0.1365 	0.1078 	0.1241 	0.1198 
S,E7000,MWH_GE150000,KWH,X_VAT,PPS,DK	: 	: 	: 	: 	: 	: 	: 	: 	: 	: 	: 	: 	: 	: 	: 	: 	: 	: 	: 	: 	0.0491 	0.0505 	0.0535 	0.0512 	0.0495 	0.0462 	0.0354 	0.0440 	0.0570 	0.0990 	0.1329 	0.1912 	0.0867 	0.0799 	0.0741 	0.0860 	0.0895 
S,E7000,MWH_GE150000,KWH,X_VAT,PPS,EA	: 	: 	: 	: 	: 	: 	: 	: 	: 	: 	: 	: 	: 	: 	: 	: 	: 	: 	: 	: 	0.0630 	0.0640 	0.0612 	0.0642 	0.0616 	0.0635 	0.0558 	0.0593 	0.0694 	0.1135 	0.1668 	0.1923 	0.1353 	0.1234 	0.0980 	0.1101 	0.1044 
S,E7000,MWH_GE150000,KWH,X_VAT,PPS,EE	: 	: 	: 	: 	: 	: 	: 	: 	: 	: 	: 	: 	: 	: 	: 	: 	: 	: 	: 	: 	: 	: 	: 	: 	: 	0.0847 	: @C	: @C	: @C	0.0000 	0.0000 	0.0000 	0.0000 	0.0000 	0.0000 	0.0000 	: @C
S,E7000,MWH_GE150000,KWH,X_VAT,PPS,EL	: 	: 	: 	: 	: 	0.0642 	0.066 	0.0732 	0.0658 	0.0654 	0.0668 	: 	: 	: 	: 	: 	: 	: 	: 	: 	: @C	: @C	: @C	: @C	: @C	: @C	: @C	: @C	: @C	: @C	: @C	0.1146 	0.1220 	0.1219 	0.1262 	0.1383 	0.1393 
S,E7000,MWH_GE150000,KWH,X_VAT,PPS,ES	: 	0.046 	0.0481 	0.0558 	0.0568 	0.0529 	0.0545 	0.0544 	0.0563 	0.0568 	0.0618 	0.0621 	0.0624 	0.073 	0.0604 	0.0759 	0.0746 	0.084 	0.0613 	0.0695 	0.075 	0.0737 	0.0709 	0.0839 	0.0727 	0.0657 	0.0536 	0.0577 	0.0659 	0.1319 	0.2249 	0.2172 	0.1230 	0.1145 	0.0826 	0.1085 	0.0984 
S,E7000,MWH_GE150000,KWH,X_VAT,PPS,EU27_2020	: 	: 	: 	: 	: 	: 	: 	: 	: 	: 	: 	: 	: 	: 	: 	: 	: 	: 	: 	: 	0.0652 	0.0690 	0.0681 	0.0719 	0.0694 	0.0712 	0.0633 	0.0671 	0.0766 	0.1186 	0.1728 	0.2045 	0.1545 	0.1406 	0.1118 	0.1260 	0.1184 
S,E7000,MWH_GE150000,KWH,X_VAT,PPS,FI	: 	: 	: 	: 	: 	: 	: 	: 	: 	: 	: 	: 	: 	: 	: 	: 	: 	: 	: 	: 	: @C	: 	: @C	: @C	: @C	: @C	0.0363 	: @C	0.0419 	0.0678 	0.0702 	0.1147 	: @C	: @C	: @C	: @C	: @C
S,E7000,MWH_GE150000,KWH,X_VAT,PPS,FR	: 	: 	: 	: 	: 	: 	: 	: 	: 	: 	: 	: 	: 	: 	: 	: 	: 	: 	: 	: 	0.0417 	0.0417 	0.0414 	0.0408 	0.0463 	0.0449 	0.0492 	0.0472 	0.0509 	0.0706 	0.0839 	0.0819 	0.0742 	0.0851 	0.0759 	0.0683 	0.0650 
S,E7000,MWH_GE150000,KWH,X_VAT,PPS,HR	0.0592 	0.0718 	0.0693 	0.0856 	: 	: 	: 	0.0833 	: 	: 	: 	: 	: 	: 	: 	: 	: 	: 	: 	: 	: 	: 	: 	: 	: @C	0.1064 	: @C	: @C	: @C	: @C	: @C	: @C	: @C	: @C	: @C	: @C	: @C
S,E7000,MWH_GE150000,KWH,X_VAT,PPS,HU	: 	0.1044 	0.1183 	0.124 	0.1595 	0.1546 	0.127 	0.1314 	0.1119 	0.1234 	0.1648 	0.1634 	0.1662 	0.1647 	0.1465 	0.1481 	0.1436 	0.1481 	0.1304 	0.1306 	0.1136 e	0.1168 	0.0937 	0.1019 	0.1025 	0.1073 	0.1017 	0.1082 	0.1132 	0.1961 	0.3394 	0.5149 	0.3146 	0.2905 	0.2027 	0.2716 	0.2253 
S,E7000,MWH_GE150000,KWH,X_VAT,PPS,IE	: 	: 	: 	: 	: 	: 	: 	: 	: 	: 	: 	: 	: 	: 	: 	: 	: 	: 	: 	: 	: @C	: 	0.0726 	0.0752 	0.0706 	0.0682 	0.0656 	0.0660 	0.0878 	0.1462 	0.1954 	0.2424 	0.1778 	0.1496 	0.1360 	0.1486 	0.1645 
S,E7000,MWH_GE150000,KWH,X_VAT,PPS,IS	: 	: 	: 	: 	: 	: 	: 	: 	: 	: 	: 	: 	: 	: 	: 	: 	: 	: 	: 	: 	: @C	: 	: 	: 	: 	: @C	: 	: 	: 	: 	: 	: 	: 	: 	: 	: 	: 
S,E7000,MWH_GE150000,KWH,X_VAT,PPS,IT	: 	: 	0.0902 	0.1001 	0.0916 	0.0816 	0.0924 	0.1072 	0.0869 	0.0915 	0.0933 	0.1006 	0.0966 	0.1052 	0.0818 	0.0918 	: 	0.0859 	0.076 	0.0803 	0.0882 	0.0876 	0.0837 	0.0785 	0.0715 	0.0817 	0.0582 	0.0656 	0.0779 	0.1536 	0.2667 	0.3313 	0.1911 	0.1425 	0.1177 	0.1396 	0.1262 
S,E7000,MWH_GE150000,KWH,X_VAT,PPS,LT	: 	: 	: 	: 	: 	: 	: 	: 	: 	: 	: 	: 	: 	: 	: 	: 	: 	: 	: 	: 	: 	: 	: 	0.0959 	: 	0.0000 	: 	0.0000 	: 	0.1131 	0.1036 	0.2351 	: 	: 	: 	: 	0.0000 
S,E7000,MWH_GE150000,KWH,X_VAT,PPS,LU	: 	: 	: 	: 	: 	: 	: 	: 	: 	: 	: 	: 	: 	: @C	: @C	: @C	: @C	: 	: 	: 	: @C	: @C	0.0379 	: @C	: @C	: @C	: @C	: @C	: @C	: @C	: @C	: @C	: @C	: @C	: @C	: @C	: @C
S,E7000,MWH_GE150000,KWH,X_VAT,PPS,LV	: 	: 	: 	: 	: 	: 	: 	: 	: 	: 	: 	: 	: 	: 	: 	: 	: 	: 	: 	: 	: 	: 	: 	: 	: 	0.0000 	0.0000 	0.0000 	0.0000 	0.0000 	0.0000 	: 	0.0000 	0.0000 	0.0000 	0.0000 	: 
S,E7000,MWH_GE150000,KWH,X_VAT,PPS,ME	: 	: 	: 	: 	: 	: 	: 	: 	: @C	: @C	: @C	: @C	: @C	: @C	: @C	: @C	: @C	: @C	: @C	: @C	: @C	: 	: @C	: @C	: @C	: @C	: @C	: @C	: @C	: @C	: 	: 	: 	: 	: 	: 	0.0000 
S,E7000,MWH_GE150000,KWH,X_VAT,PPS,MK	: 	: 	: 	: 	: 	: 	: 	: 	: 	: 	: 	: @C	0.1291 	0.1425 	: @C	: @C	: 	: 	: 	: 	: 	: 	0.1223 	0.1518 	0.1289 	0.1370 	0.1162 	0.1176 	0.1259 	0.3279 	0.3539 	0.3110 	0.2370 	0.2326 	0.1630 	0.1880 	0.2041 
S,E7000,MWH_GE150000,KWH,X_VAT,PPS,MT	: 	: 	0.081 	0.1845 	0.1691 	0.1182 	: 	: 	: 	: 	: 	: 	: 	: 	: 	: 	: 	: 	: 	: 	: 	: 	: 	: 	: 	: 	: 	: 	: 	: 	: 	: 	: 	: 	: 	: 	: 
S,E7000,MWH_GE150000,KWH,X_VAT,PPS,NL	0.07 	: 	: 	: 	0.0604 	0.0543 	0.0562 	0.0575 	0.058 	0.0592 	0.0544 	0.0583 	0.0665 	0.0684 	0.0597 	0.0602 	0.0615 	0.0593 	0.0539 	0.0538 	0.0386 	0.0378 	0.0384 	0.0419 	0.0432 	0.0415 	0.0454 	0.0442 	0.0474 	0.0796 	0.1192 	0.1402 	0.1730 	0.1556 	0.0980 	0.0896 	0.0775 
S,E7000,MWH_GE150000,KWH,X_VAT,PPS,NO	: 	: 	: 	: 	: 	: 	: 	: 	: 	: 	: 	: 	: 	: 	: 	: 	: 	: 	: 	: 	0.0265 	: @C	: @C	: @C	: @C	0.0256 	0.0218 	0.0222 	0.0258 	0.0346 	0.0382 	0.0455 	0.0427 	0.0361 	0.0364 	0.0313 	0.0318 
S,E7000,MWH_GE150000,KWH,X_VAT,PPS,PL	: 	: 	: 	0.1075 	0.135 	0.1315 	0.1372 	0.1367 	0.1359 	0.1328 	0.1373 	0.1334 	0.1269 	0.1109 	0.0949 	0.0978 	0.1034 	0.1022 	0.1034 	0.1054 	0.0951 	0.1092 	0.1184 	0.1304 	0.1117 	0.1400 	0.1241 	0.1328 	0.1407 	0.1591 	0.2304 	0.2888 	0.3476 	0.3092 	0.2268 	0.2598 	0.2358 
S,E7000,MWH_GE150000,KWH,X_VAT,PPS,PT	: 	: 	: 	: 	: 	: 	: 	: 	: 	: 	: 	: 	: 	: 	: 	: 	: 	: 	: 	: 	0.0895 	0.0866 	0.0806 	0.0934 	: @C	: @C	0.0820 	0.0839 	0.0983 	0.1725 	0.2188 	0.1933 	0.0566 	0.0918 	0.0781 	0.1215 	0.1191 
S,E7000,MWH_GE150000,KWH,X_VAT,PPS,RO	: 	: 	: 	: 	: 	: 	: 	: 	: 	: 	: 	: 	: 	: 	: 	: 	: 	: 	: 	: 	: 	0.1015 	0.1058 	0.1167 	0.1247 	0.1303 	0.1273 	0.1248 	0.1242 	0.2153 	0.3043 d	0.3809 d	0.2614 	0.2640 	0.2044 	0.2197 	0.2186 
S,E7000,MWH_GE150000,KWH,X_VAT,PPS,RS	: 	: 	: 	: 	: 	: 	: 	: 	: 	: 	: 	: 	: 	: 	: 	: 	: 	: 	: 	: 	0.0991 	0.1019 	0.1024 	0.1029 	0.1038 	0.1040 	0.1097 	0.1096 	0.1140 	0.1325 	0.1357 	0.1392 	0.2007 	0.1772 	0.2156 	0.1772 	0.1831 
S,E7000,MWH_GE150000,KWH,X_VAT,PPS,SE	: 	: 	: 	: 	: 	: 	: 	: 	: 	: 	: 	: 	: 	: 	: 	: 	: 	: 	: 	: 	0.0287 	0.029 	0.0325 	0.0409 	0.0370 	0.0331 	0.0267 	0.0297 	0.0363 	0.0554 	0.0603 	0.0882 	0.0674 	0.0563 	0.0546 	0.0475 	0.0468 
S,E7000,MWH_GE150000,KWH,X_VAT,PPS,SI	: 	: 	: 	: 	: 	: 	: 	: 	: 	: 	: 	: 	: 	: 	: 	: 	: 	: 	: 	: 	: 	: @C	: @C	: @C	: @C	: @C	: @C	: @C	: @C	: @C	: @C	: @C	: @C	: @C	: @C	: 	: 
S,E7000,MWH_GE150000,KWH,X_VAT,PPS,SK	: 	0.1154 	0.1376 	0.1357 	0.1414 	0.1329 	0.1366 	0.1127 	0.1378 	0.1401 	0.1384 	0.1274 	0.1535 	0.1388 	0.1273 	0.1024 	0.1088 	0.1014 	0.1052 	0.1116 	0.1187 	0.1183 	0.1160 	0.1234 	0.1222 	0.1288 	0.1173 	0.1195 	0.1302 	0.1679 	0.2329 	0.3078 	0.2652 	0.2392 	0.1637 	0.1904 	0.1768 
S,E7000,MWH_GE150000,KWH,X_VAT,PPS,TR	: 	: 	: 	0.1104 	0.1084 	0.1125 	0.1182 	0.1181 	0.1032 	0.1145 	0.1076 	0.1235 	0.1249 	0.1178 	0.1148 	0.1141 	0.1111 	0.1149 	0.1163 	0.117 	0.0966 	0.0981 	0.0934 	0.1469 	0.1293 	0.1411 	0.1328 	0.1293 	0.1504 	0.1901 	0.4258 	0.4495 	0.3346 	0.3264 	0.2302 	0.1596 	0.1653 
S,E7000,MWH_GE150000,KWH,X_VAT,PPS,UK	0.0712 	0.0621 	0.072 	0.0845 	0.0852 	0.0796 	0.08 	0.0727 	0.0741 	0.0782 	0.0869 	0.0898 	0.0902 	0.0942 	0.0962 	0.0965 	0.0992 	0.1013 	0.1001 	0.1026 	0.092 	0.0929 	0.0949 	0.1010 	0.1077 	0.1163 	0.1155 	: 	: 	: 	: 	: 	: 	: 	: 	: 	: 
S,E7000,MWH_LT20,KWH,I_TAX,EUR,AL	: 	: 	: 	: 	: 	: 	: 	: 	: 	: 	: 	: 	: 	: 	: 	: 	: 	: 	: 	: 	: 	: 	: 	: 	0.1248 e	: 	0.1245 e	0.1243 e	0.1247 e	0.1263 e	0.1268 	0.1316 	0.1362 e	0.1468 e	0.1503 	0.1551 e	0.1703 
S,E7000,MWH_LT20,KWH,I_TAX,EUR,AT	: 	0.1507 	0.1483 	0.1605 	0.1896 	0.1919 	0.1833 	0.1869 	0.1822 	0.1885 	0.1784 	0.1809 	0.1864 	0.1905 	0.1942 	0.1863 	0.1884 	0.1982 	0.1981 	0.1981 	0.1902 	0.1901 	0.1901 	0.1923 	0.1987 	0.1909 	0.1875 	0.2045 	0.2121 	0.2277 	0.2258 	0.2735 e	0.3180 e	0.3504 e	0.3201 e	0.3045 e	0.3302 e
S,E7000,MWH_LT20,KWH,I_TAX,EUR,BA	: 	: 	: 	: 	: 	: 	: 	: 	: 	: 	0.1302 	0.1317 	0.1326 	0.1324 	0.1317 	0.1293 	0.1294 	0.1267 	0.1283 	0.1294 	0.126 	0.1282 	0.1264 	0.1208 	0.1239 	0.1216 	0.1305 	0.1300 	0.1224 	0.1207 	0.1177 	0.1459 	0.1637 	0.1604 	0.1566 	0.1654 	0.1537 
S,E7000,MWH_LT20,KWH,I_TAX,EUR,BE	: 	0.1738 	0.2031 	0.2072 	0.1869 	0.1843 	0.1933 	0.198 	0.2201 	0.2116 	0.2182 	0.2137 	0.2099 	0.2156 	0.21 	0.2149 	0.2113 	0.2139 	0.236 	0.2348 	0.2473 	0.2574 	0.2875 	0.2888 	0.2832 	0.2671 	0.2728 	0.2687 	0.2756 	0.2954 	0.3772 	0.5155 	0.4659 	0.3820 	0.3342 	0.3388 	0.3797 
S,E7000,MWH_LT20,KWH,I_TAX,EUR,BG	: 	0.0813 	0.0823 	0.092 	0.0936 	0.092 	0.0936 	0.0945 	0.0942 	0.1003 	0.1022 	0.1164 	0.1265 	0.1192 	0.1145 	0.1159 	0.1216 	0.1384 	0.1248 	0.1311 	0.1289 	0.1361 	0.1264 	0.1330 	0.1272 	0.1252 	0.1180 	0.1278 	0.1357 	0.1846 	0.2130 	0.2627 	0.2166 	0.1898 	0.1650 	0.1731 	0.1849 
S,E7000,MWH_LT20,KWH,I_TAX,EUR,CY	: 	0.1691 	0.1896 	0.2214 	0.1743 	0.1794 	0.2031 	0.2171 	0.228 	0.2658 	0.3046 	0.3252 	0.3006 	0.2766 	0.2552 	0.2617 	0.2228 	0.2079 	0.1775 	0.1874 	0.2131 	0.2005 	0.1998 	0.2283 	0.2242 	0.2268 	0.2173 	0.1734 	0.2044 	0.2361 	0.2927 	0.3727 	0.3791 	0.3512 	0.3301 	0.3383 	0.3193 
S,E7000,MWH_LT20,KWH,I_TAX,EUR,CZ	: 	0.1683 	0.1961 	0.1999 	0.1942 	0.2046 	0.2058 	0.213 	0.222 	0.2172 	0.2257 	0.2262 	0.2257 	0.2209 	0.192 	0.1909 	0.1879 	0.191 	0.1945 	0.195 	0.1973 	0.2043 	0.2155 	0.2150 	0.2291 	0.2321 	0.2439 	0.2399 	0.2384 	0.2364 	0.3307 	0.3402 	0.3914 	0.3714 	0.3740 	0.3622 	0.3458 
S,E7000,MWH_LT20,KWH,I_TAX,EUR,DE	0.22 	0.2152 	0.2295 	0.2294 	0.2311 	0.2383 	0.2481 	0.2506 	0.2649 	0.2711 	0.2754 	0.2789 	0.3057 	0.3006 	0.2873 	0.2909 	0.2799 	0.2779 	0.2804 	0.2751 	0.2816 	0.28 	0.2876 	0.2841 	0.2860 	0.2724 	0.2916 	0.2884 	0.2966 	0.3028 	0.3142 	0.3215 	0.3864 	0.3903 	0.3919 	0.3958 	0.3906 
S,E7000,MWH_LT20,KWH,I_TAX,EUR,DK	: 	0.2204 	0.2344 	0.2494 	0.2403 	0.2259 	0.2308 	0.2346 	0.2683 	0.2607 	0.2623 	0.2603 	0.2778 	0.273 	0.2818 	0.282 	0.2865 	0.2864 	0.2906 	0.2906 	0.302 	0.3017 	0.2986 	0.2982 	0.2897 	0.2889 	0.2844 	0.2874 	0.3042 	0.3575 	0.4318 	0.5506 	0.2672 	0.3238 	0.3095 	0.3333 	0.3267 
S,E7000,MWH_LT20,KWH,I_TAX,EUR,EA	0.1968 	0.167 	0.1847 	0.1926 	0.1998 	0.2036 	0.2051 	0.2145 	0.213 	0.2243 	0.2208 	0.236 	0.2438 	0.251 	0.2482 	0.2521 	0.2507 	0.2514 	0.244 	0.2416 	0.2472 	0.2387 	0.2515 	0.2516 	0.2678 	0.2667 	0.2713 	0.2663 	0.2711 	0.2742 	0.3060 	0.3452 	0.3766 	0.3659 	0.3547 	0.3656 	0.3668 
S,E7000,MWH_LT20,KWH,I_TAX,EUR,EE	: 	0.0812 	0.0836 	0.0889 	0.0954 	0.0977 	0.0993 	0.1033 	0.0928 	0.0939 	0.1002 	0.105 	0.1338 	0.1422 	0.1304 	0.1336 	0.1283 	0.1294 	0.1252 	0.1309 	0.1291 	0.138 	0.1370 	0.1492 	0.1440 	0.1477 	0.1393 	0.1324 	0.1535 	0.2236 	0.2219 	0.4114 	0.2993 	0.3037 	0.2706 	0.2656 	0.2576 
S,E7000,MWH_LT20,KWH,I_TAX,EUR,EL	: 	0.1351 	0.1409 	0.1505 	0.1622 	0.1678 	0.1695 	0.1804 	0.1774 	0.1776 	0.1941 	0.2013 	0.2128 	0.2238 	0.2356 	0.242 	0.239 	0.2645 	0.2274 	0.22 	0.2027 	0.1864 	0.1946 	0.1932 	0.1906 	0.1786 	0.1760 	0.1800 	0.1940 	0.2669 	0.2993 	0.3874 	0.3083 	0.2424 	0.2755 	0.2895 	0.3019 
S,E7000,MWH_LT20,KWH,I_TAX,EUR,ES	: 	0.1844 	0.1592 	0.1597 	0.1921 	0.2053 	0.21 	0.221 	0.2028 	0.2379 	0.242 	0.2589 	0.2833 	0.3027 	0.3321 	0.3539 	0.3302 	0.3264 	0.2998 	0.2994 	0.3104 	0.2523 	0.3451 	0.2959 	0.2903 	0.3079 	0.3031 	0.2941 	0.2810 	0.2609 	0.3509 	0.3729 	0.3180 	0.2978 	0.2843 	0.2746 	0.3031 
S,E7000,MWH_LT20,KWH,I_TAX,EUR,EU27_2020	0.1845 	0.1634 	0.18 	0.1881 	0.1919 	0.1963 	0.1991 	0.2086 	0.2086 	0.2165 	0.2157 	0.2292 	0.2336 	0.2383 	0.2348 	0.2373 	0.2362 	0.2374 	0.2292 	0.2285 	0.2328 	0.2271 	0.2364 	0.2385 	0.2499 	0.2495 	0.2532 	0.2504 	0.2545 	0.2629 	0.2980 	0.3451 	0.3634 	0.3541 	0.3433 	0.3536 	0.3554 
S,E7000,MWH_LT20,KWH,I_TAX,EUR,FI	0.0893 	0.0926 	0.0939 	0.0993 	0.1024 	0.1021 	0.1052 	0.1063 	0.1171 	0.1192 	0.1169 	0.1179 	0.1192 	0.1193 	0.117 	0.1149 	0.1126 	0.1111 	0.1079 	0.1101 	0.1092 	0.111 	0.1134 	0.1194 	0.1210 	0.1219 	0.1218 	0.1255 	0.1174 	0.1293 	0.1359 	0.2077 	0.1992 	0.1486 	0.1681 	0.1449 	0.1383 
S,E7000,MWH_LT20,KWH,I_TAX,EUR,FR	: 	0.1194 	0.1229 	0.132 	0.1307 	0.1323 	0.1339 	0.1459 	0.1446 	0.1523 	0.1363 	0.1671 	0.1499 	0.1683 	0.1607 	0.167 	0.174 	0.1817 	0.1708 	0.1698 	0.1748 	0.1773 	0.1787 	0.1891 	0.1840 	0.1987 	0.1978 	0.2114 	0.2056 	0.2130 	0.2319 	0.2263 	0.3132 	0.3523 	0.3015 	0.3240 	0.2917 
S,E7000,MWH_LT20,KWH,I_TAX,EUR,GE	: 	: 	: 	: 	: 	: 	: 	: 	: 	: 	: 	: 	: 	: 	: 	: 	: 	: 	: 	: 	: 	: 	0.0695 	0.0780 	0.0814 	0.0648 	0.0697 	0.0593 	0.0852 	0.0833 	: 	0.1189 	0.1121 	0.1070 	0.1003 	0.0990 	0.1070 
S,E7000,MWH_LT20,KWH,I_TAX,EUR,HR	0.0883 	0.1134 	0.1155 	0.1365 	0.1341 	0.1411 	0.1424 	0.1428 	0.1417 	0.1388 	0.1458 	0.1629 	0.1582 	0.1591 	0.1622 	0.1586 	0.1532 	0.1545 	0.1553 	0.155 	0.1435 	0.1333 	0.1484 	0.1504 	0.1613 	0.1665 	0.1645 	0.1584 	0.1594 	0.1777 	0.2484 	0.4073 	0.4704 	0.3236 	0.3157 	0.3085 	0.3139 
S,E7000,MWH_LT20,KWH,I_TAX,EUR,HU	: 	0.1464 	0.1784 	0.1795 	0.1362 	0.1586 	0.1567 	0.1514 	0.1644 	0.1597 	0.1546 	0.1654 	0.142 	0.1411 	0.134 	0.1309 	0.135 	0.1324 	0.1249 	0.1349 	0.1336 e	0.133 	0.1479 	0.1458 	0.1632 	0.1619 	0.1649 	0.1612 	0.1626 	0.1770 	0.2118 	0.3138 	0.3891 	0.3169 	0.2804 	0.3031 	0.2887 
S,E7000,MWH_LT20,KWH,I_TAX,EUR,IE	: 	0.1751 	0.1676 	0.1989 	0.2012 	0.1916 	0.1777 	0.1952 	0.2092 	0.2249 	0.2099 	0.2271 	0.2249 	0.217 	0.2182 	0.2238 	0.2381 	0.2321 	0.2197 	0.2232 	0.2168 	0.2264 	0.2307 	0.2408 	0.2424 	0.2434 	0.2483 	0.2627 	0.2849 	0.2990 	0.3370 	0.4006 	0.4033 	0.3767 	0.3534 	0.3968 	0.3408 
S,E7000,MWH_LT20,KWH,I_TAX,EUR,IS	: 	: 	: 	: 	: 	: 	: 	: 	: 	: 	: 	: 	: 	: 	: 	: 	: 	: 	0.0995 	0.089 	0.1111 p	: 	0.0881 e	0.0785 	0.0777 	0.0773 e	0.0933 e	0.0892 e	0.0924 e	0.1250 e	0.1330 e	0.1407 e	0.1125 e	0.1403 e	0.1581 e	0.1748 e	: 
S,E7000,MWH_LT20,KWH,I_TAX,EUR,IT	: 	: 	0.2493 	0.2737 	0.2813 	0.2815 	0.269 	0.2991 	0.2695 	0.2909 	0.2709 	0.3095 	0.3158 	0.3276 	0.314 	0.3141 	0.3225 	0.3222 	0.3233 	0.3179 	0.2701 	0.2582 	0.2561 	0.2706 	0.3782 	0.3713 	0.3566 	0.3159 	0.3360 	0.3186 	0.3888 	0.4766 	0.4164 	0.3976 	0.4174 	0.4539 	0.4793 
S,E7000,MWH_LT20,KWH,I_TAX,EUR,LI	: 	: 	: 	: 	: 	: 	: 	: 	: 	: 	: 	: 	: 	: 	: 	: 	: 	: 	: 	: 	0 	: 	: 	: 	: 	: 	: 	: 	: 	: 	: 	: 	: 	: 	: 	: 	: 
S,E7000,MWH_LT20,KWH,I_TAX,EUR,LT	: 	0.126 	0.1201 	0.1266 	0.1338 	0.1276 	0.1462 	0.1479 	0.1598 	0.1569 	0.153 	0.1577 	0.1756 	0.1755 	0.1663 	0.1732 	0.1609 	0.1577 	0.1524 	0.146 	0.1377 	0.1391 	0.1374 	0.1552 	0.1567 	0.1607 	0.1648 	0.1773 	0.1852 	0.2445 	0.2877 	0.4577 	0.3560 	0.3138 	0.3537 	0.3528 	0.3441 
S,E7000,MWH_LT20,KWH,I_TAX,EUR,LU	0.1918 	0.1659 	0.1659 	0.1662 	0.2106 	0.2106 	0.1799 	0.1845 	0.181 	0.1789 	0.1849 	0.1762 	0.1725 	0.1749 	0.1814 	0.1778 	0.179 	0.179 	0.1763 	0.1764 	0.1415 	0.1487 	0.1648 	0.1581 	0.1668 	0.1632 	0.1730 	0.1807 	0.1807 	0.1821 	0.1895 	0.1932 	0.2046 	0.1887 	0.1789 	0.1797 	0.2420 
S,E7000,MWH_LT20,KWH,I_TAX,EUR,LV	: 	0.1538 	0.1049 	0.1187 	0.1389 	0.1405 	0.1394 	0.1406 	0.1542 	0.1751 	0.1736 	0.1669 	0.1741 	0.1767 	0.1861 	0.1799 	0.1963 	0.1955 	0.1852 	0.2212 	0.2217 	0.2222 	0.2379 	0.2228 	0.2229 	0.2420 	0.2308 	0.2325 	0.2415 	0.2754 	0.2094 	0.3483 	0.2544 	0.2712 	0.3002 	0.3023 	0.2951 
S,E7000,MWH_LT20,KWH,I_TAX,EUR,MD	: 	: 	: 	: 	: 	: 	: 	: 	: 	: 	: 	: 	: 	: 	: 	: 	0.0927 	0.0998 	0.1093 	0.1027 	0.1096 	0.1117 	0.1184 	0.1092 	0.1048 	0.1085 	0.1131 	0.1011 	0.0872 	0.0871 	0.1033 	0.1970 	0.2009 	0.1533 	0.1442 	0.1403 	0.2307 
S,E7000,MWH_LT20,KWH,I_TAX,EUR,ME	: 	: 	: 	: 	: 	: 	: 	: 	0.1047 	0.0844 	0.103 	0.1051 	0.1056 	0.1085 	0.1089 	0.1094 	0.1095 	0.1089 	0.1076 	0.1078 	0.1085 	: 	0.1134 	0.1125 	0.1196 	0.1226 	0.1233 	0.1255 	0.1261 	0.1227 	0.1245 	0.1249 	0.1244 	0.1195 	0.1251 	0.1240 	0.1291 p
S,E7000,MWH_LT20,KWH,I_TAX,EUR,MK	: 	: 	: 	: 	: 	: 	: 	: 	: 	: 	: 	: @C	0.1586 	0.1533 	0.1534 	0.1573 	0.1608 	0.1588 	0.1582 	0.1533 	0.1481 	0.1474 	0.1458 	0.1444 	0.1438 	0.1466 	0.1318 	0.1369 	0.1450 	0.2214 	0.2311 	0.3202 	0.2209 	0.2378 	0.2111 	0.2701 	0.2951 
S,E7000,MWH_LT20,KWH,I_TAX,EUR,MT	: 	0.1372 	0.1372 	0.1865 	0.1759 	0.1533 	0.2533 	0.2549 	0.2565 	0.256 	0.2572 	0.2556 	0.2573 	0.2538 	0.2551 	0.2527 	0.2307 	0.2061 	0.246 	0.2061 	0.2084 	0.2051 	0.2094 	0.2084 	0.2512 	0.2499 	0.2565 	0.2518 	0.2518 	0.2015 	0.2018 	0.1987 	0.2021 	0.2000 	0.2013 	0.1962 	0.1960 p
S,E7000,MWH_LT20,KWH,I_TAX,EUR,NL	0.1723 	0.1699 	0.1856 	0.1923 	0.2124 	0.2107 	0.2109 	0.1975 	0.1821 	0.1829 	0.194 	0.1934 	0.192 	0.2025 	0.2156 	0.2007 	0.22 	0.2143 	0.1664 	0.1716 	0.2340 	0.2390 	0.2060 	0.2400 	0.2510 	0.2320 	0.2692 	0.2691 	0.2739 	0.2820 	0.2458 	0.3433 	0.5867 	0.4420 	0.4562 	0.4432 	0.4428 
S,E7000,MWH_LT20,KWH,I_TAX,EUR,NO	: 	0.1051 	0.1087 	0.1217 	0.1023 	0.1045 	0.1482 	0.1319 	0.1492 	0.1206 	0.1164 	0.1099 	0.1185 	0.1096 	0.1042 	0.1033 	0.0987 	0.0856 	0.0922 	0.1002 	0.1064 	0.1046 	0.1139 	0.1283 	0.1302 	0.1174 	0.0767 	0.0726 	0.1154 	0.1478 	0.1763 	0.2469 	0.1470 	0.1232 	0.1386 	0.1056 	0.1119 
S,E7000,MWH_LT20,KWH,I_TAX,EUR,PL	: 	0.1739 	0.169 	0.1803 	0.1637 	0.1775 	0.1837 	0.1983 	0.1958 	0.1893 	0.2045 	0.2012 	0.1904 	0.1807 	0.1848 	0.186 	0.1882 	0.1862 	0.1726 	0.1708 	0.1884 	0.1953 	0.1812 	0.1806 	0.1732 	0.1759 	0.1991 	0.2101 	0.2131 	0.2241 	0.2361 	0.3121 	0.3592 	0.3975 	0.3811 	0.3988 	0.4086 
S,E7000,MWH_LT20,KWH,I_TAX,EUR,PT	: 	0.1308 	0.1588 	0.1623 	0.1622 	0.1692 	0.1717 	0.1772 	0.1803 	0.1985 	0.2187 	0.2221 	0.2283 	0.2255 	0.2347 	0.2328 	0.2418 	0.238 	0.2464 	0.245 	0.2469 	0.2464 	0.2525 	0.2437 	0.1943 	0.2345 	0.2346 	0.2350 	0.2368 	0.2489 	0.2296 	0.2327 	0.2294 	0.2604 	0.2716 	0.2802 	0.2786 
S,E7000,MWH_LT20,KWH,I_TAX,EUR,RO	: 	0.1441 	0.129 	0.1346 	0.1203 	0.1218 	0.1282 	0.1314 	0.1337 	0.1354 	0.1337 	0.1417 	0.1675 	0.1547 	0.1436 	0.1315 	0.1373 	0.1366 	0.128 	0.1212 	0.1129 	0.1159 	0.1207 	0.1244 	0.1323 	0.1379 	0.1554 	0.1468 	0.1450 	0.1681 	0.3188 d	0.4662 d	0.2241 	0.2273 	0.2083 	0.2099 	0.2198 
S,E7000,MWH_LT20,KWH,I_TAX,EUR,RS	: 	: 	: 	: 	: 	: 	: 	: 	: 	: 	: 	: 	0.0788 	0.0854 	0.0849 	0.0847 	0.0846 	0.0949 	0.0924 	0.0916 	0.0951 	0.0993 	0.1008 	0.1030 	0.1008 	0.1073 	0.1102 	0.1105 	0.1108 	0.1184 	0.1160 	0.1365 	0.1479 	0.1645 	0.1685 	0.1648 	0.1668 
S,E7000,MWH_LT20,KWH,I_TAX,EUR,SE	0.1198 	0.1192 	0.139 	0.1484 	0.1423 	0.1457 	0.1671 	0.1846 	0.2007 	0.1851 	0.2071 	0.2248 	0.1863 	0.1837 	0.1772 	0.1663 	0.1639 	0.1759 	0.1561 	0.1827 	0.1691 	0.177 	0.1721 	0.2140 	0.1847 	0.1863 	0.1505 	0.1611 	0.1575 	0.2234 	0.2570 	0.3181 	0.2388 	0.2095 	0.2221 	0.2204 	0.2314 
S,E7000,MWH_LT20,KWH,I_TAX,EUR,SI	: 	0.1538 	0.1694 	0.1782 	0.2002 	0.1969 	0.172 	0.177 	0.1726 	0.1723 	0.1726 	0.1777 	0.1803 	0.1904 	0.1844 	0.1795 	0.1757 	0.1752 	0.1681 	0.1673 	0.1584 	0.1577 	0.1729 	0.1699 	0.1779 	0.1796 	0.1616 	0.1928 	0.1892 	0.2192 	0.1852 	0.2508 	0.2786 	0.3120 	0.2855 	0.2728 	0.2349 
S,E7000,MWH_LT20,KWH,I_TAX,EUR,SK	: 	0.1722 	0.2047 	0.214 	0.258 	0.2594 	0.2292 	0.2355 	0.2398 	0.2424 	0.253 	0.2402 	0.2476 	0.241 	0.2359 	0.2452 	0.2527 	0.2462 	0.2461 	0.2353 	0.2298 	0.2207 	0.2345 	0.2446 	0.2512 	0.2554 	0.2663 	0.2671 	0.2605 	0.2689 	0.3263 	0.3601 	0.5076 	0.4874 	0.3413 	0.3593 	0.3051 
S,E7000,MWH_LT20,KWH,I_TAX,EUR,TR	: 	0.0805 	0.0848 	0.1055 	0.0978 	0.1006 	0.1115 	0.1136 	0.1066 	0.102 	0.115 	0.1247 	0.1186 	0.1029 	0.0917 	0.0974 	0.0986 	0.0979 	0.0929 	0.0929 	0.08 	0.0724 	0.0705 	0.0754 	0.0927 	0.1043 	0.1059 	0.0773 	0.0897 	0.0840 	0.1541 	0.2822 	0.1877 	0.1403 	0.1308 	0.1541 	0.1257 
S,E7000,MWH_LT20,KWH,I_TAX,EUR,UA	: 	: 	: 	: 	: 	: 	: 	: 	: 	: 	: 	: 	: 	: 	: 	: 	: 	: 	: 	: 	0.0656 	: 	0.0759 	0.0774 	0.0867 	0.0922 	0.0780 	0.0718 	0.0862 	: 	: 	: 	: 	: 	: 	: 	: 
S,E7000,MWH_LT20,KWH,I_TAX,EUR,UK	0.1688 	0.1682 	0.1532 	0.1586 	0.156 	0.1586 	0.1655 	0.1693 	0.1594 	0.1768 	0.1813 	0.1914 	0.177 	0.1955 	0.1996 	0.2125 	0.2243 	0.2179 	0.1982 	0.1756 	0.1846 	0.1846 	0.1972 	0.2069 	0.2166 	0.2261 	0.2294 	: 	: 	: 	: 	: 	: 	: 	: 	: 	: 
S,E7000,MWH_LT20,KWH,I_TAX,EUR,XK	: 	: 	: 	: 	: 	: 	: 	: 	: 	: 	: 	: 	0.1383 	0.1491 	0.1947 	0.1934 	0.1736 	0.1906 	0.1604 	0.1844 	0.1707 	0.1522 	0.1262 	0.1885 	0.1373 	0.1146 	0.1372 	0.1272 	0.1365 	0.1279 	0.1224 	0.1234 	0.1455 	0.1409 	0.1474 	: @C	: 
S,E7000,MWH_LT20,KWH,I_TAX,NAC,AL	: 	: 	: 	: 	: 	: 	: 	: 	: 	: 	: 	: 	: 	: 	: 	: 	: 	: 	: 	: 	: 	: 	: 	: 	15.4560 e	: 	15.3960 e	15.3960 e	15.3720 e	15.3720 e	15.3700 	15.3700 	15.3720 e	15.3720 e	15.3720 	15.3720 e	16.8000 
S,E7000,MWH_LT20,KWH,I_TAX,NAC,AT	: 	0.1507 	0.1483 	0.1605 	0.1896 	0.1919 	0.1833 	0.1869 	0.1822 	0.1885 	0.1784 	0.1809 	0.1864 	0.1905 	0.1942 	0.1863 	0.1884 	0.1982 	0.1981 	0.1981 	0.1902 	0.1901 	0.1901 	0.1923 	0.1987 	0.1909 	0.1875 	0.2045 	0.2121 	0.2277 	0.2258 	0.2735 e	0.3180 e	0.3504 e	0.3201 e	0.3045 e	0.3302 e
S,E7000,MWH_LT20,KWH,I_TAX,NAC,BA	: 	: 	: 	: 	: 	: 	: 	: 	: 	: 	0.2552 	0.2581 	0.2598 	0.2595 	0.2581 	0.2535 	0.2531 	0.2479 	0.2509 	0.253 	0.2465 	0.2507 	0.2473 	0.2363 	0.2423 	0.2378 	0.2553 	0.2542 	0.2393 	0.2361 	0.2302 	0.2854 	0.3202 	0.3137 	0.3063 	0.3235 	0.3006 
S,E7000,MWH_LT20,KWH,I_TAX,NAC,BE	: 	0.1738 	0.2031 	0.2072 	0.1869 	0.1843 	0.1933 	0.198 	0.2201 	0.2116 	0.2182 	0.2137 	0.2099 	0.2156 	0.21 	0.2149 	0.2113 	0.2139 	0.236 	0.2348 	0.2473 	0.2574 	0.2875 	0.2888 	0.2832 	0.2671 	0.2728 	0.2687 	0.2756 	0.2954 	0.3772 	0.5155 	0.4659 	0.3820 	0.3342 	0.3388 	0.3797 
S,E7000,MWH_LT20,KWH,I_TAX,NAC,BG	: 	0.159 	0.161 	0.18 	0.183 	0.18 	0.183 	0.1848 	0.1843 	0.1962 	0.1999 	0.2276 	0.2475 	0.2332 	0.2239 	0.2267 	0.2378 	0.2706 	0.2441 	0.2564 	0.2522 	0.2662 	0.2472 	0.2602 	0.2487 	0.2448 	0.2308 	0.2499 	0.2654 	0.3611 	0.4165 	0.5137 	0.4237 	0.3712 	0.3227 	0.3385 	0.3617 
S,E7000,MWH_LT20,KWH,I_TAX,NAC,CY	: 	0.0988 	0.1896 	0.2214 	0.1743 	0.1794 	0.2031 	0.2171 	0.228 	0.2658 	0.3046 	0.3252 	0.3006 	0.2766 	0.2552 	0.2617 	0.2228 	0.2079 	0.1775 	0.1874 	0.2131 	0.2005 	0.1998 	0.2283 	0.2242 	0.2268 	0.2173 	0.1734 	0.2044 	0.2361 	0.2927 	0.3727 	0.3791 	0.3512 	0.3301 	0.3383 	0.3193 
S,E7000,MWH_LT20,KWH,I_TAX,NAC,CZ	: 	4.61 	4.94 	4.94 	5.27 	5.27 	5.294 	5.294 	5.405 	5.3929 	5.6833 	5.683 	5.7992 	5.7994 	5.2699 	5.2739 	5.1671 	5.1689 	5.2606 	5.271 	5.2838 	5.2848 	5.4947 	5.5439 	5.8847 	5.9539 	6.4250 	6.3743 	6.1633 	6.0134 	8.1520 	8.3300 	9.2704 	9.0324 	9.3554 	9.1362 	8.6448 
S,E7000,MWH_LT20,KWH,I_TAX,NAC,DE	0.22 	0.2152 	0.2295 	0.2294 	0.2311 	0.2383 	0.2481 	0.2506 	0.2649 	0.2711 	0.2754 	0.2789 	0.3057 	0.3006 	0.2873 	0.2909 	0.2799 	0.2779 	0.2804 	0.2751 	0.2816 	0.28 	0.2876 	0.2841 	0.2860 	0.2724 	0.2916 	0.2884 	0.2966 	0.3028 	0.3142 	0.3215 	0.3864 	0.3903 	0.3919 	0.3958 	0.3906 
S,E7000,MWH_LT20,KWH,I_TAX,NAC,DK	: 	1.6423 	1.7476 	1.8593 	1.7899 	1.6815 	1.7178 	1.7483 	2.0006 	1.9411 	1.9501 	1.9401 	2.0715 	2.0364 	2.1031 	2.1004 	2.1365 	2.1365 	2.1648 	2.1623 	2.246 	2.2451 	2.2239 	2.2244 	2.1627 	2.1575 	2.1232 	2.1392 	2.2626 	2.6588 	3.2130 	4.0960 	1.9900 	2.4144 	2.3080 	2.4866 	2.4376 
S,E7000,MWH_LT20,KWH,I_TAX,NAC,EA	: 	0.1773 	0.1859 	0.1937 	0.2014 	0.2053 	0.2066 	0.216 	0.2134 	0.2248 	0.2216 	0.2368 	0.2447 	0.252 	0.2486 	0.2526 	0.2507 	0.2514 	0.2443 	0.2427 	: 	: 	: 	: 	: 	: 	: 	: 	: 	: 	: 	: 	: 	: 	: 	: 	: 
S,E7000,MWH_LT20,KWH,I_TAX,NAC,EE	: 	1.27 	1.308 	1.391 	1.492 	1.529 	1.554 	1.616 	0.0928 	0.0939 	0.1002 	0.105 	0.1338 	0.1422 	0.1304 	0.1336 	0.1283 	0.1294 	0.1252 	0.1309 	0.1291 	0.138 	0.1370 	0.1492 	0.1440 	0.1477 	0.1393 	0.1324 	0.1535 	0.2236 	0.2219 	0.4114 	0.2993 	0.3037 	0.2706 	0.2656 	0.2576 
S,E7000,MWH_LT20,KWH,I_TAX,NAC,EL	: 	0.1351 	0.1409 	0.1505 	0.1622 	0.1678 	0.1695 	0.1804 	0.1774 	0.1776 	0.1941 	0.2013 	0.2128 	0.2238 	0.2356 	0.242 	0.239 	0.2645 	0.2274 	0.22 	0.2027 	0.1864 	0.1946 	0.1932 	0.1906 	0.1786 	0.1760 	0.1800 	0.1940 	0.2669 	0.2993 	0.3874 	0.3083 	0.2424 	0.2755 	0.2895 	0.3019 
S,E7000,MWH_LT20,KWH,I_TAX,NAC,ES	: 	0.1844 	0.1592 	0.1597 	0.1921 	0.2053 	0.21 	0.221 	0.2028 	0.2379 	0.242 	0.2589 	0.2833 	0.3027 	0.3321 	0.3539 	0.3302 	0.3264 	0.2998 	0.2994 	0.3104 	0.2523 	0.3451 	0.2959 	0.2903 	0.3079 	0.3031 	0.2941 	0.2810 	0.2609 	0.3509 	0.3729 	0.3180 	0.2978 	0.2843 	0.2746 	0.3031 
S,E7000,MWH_LT20,KWH,I_TAX,NAC,FI	0.0893 	0.0926 	0.0939 	0.0993 	0.1024 	0.1021 	0.1052 	0.1063 	0.1171 	0.1192 	0.1169 	0.1179 	0.1192 	0.1193 	0.117 	0.1149 	0.1126 	0.1111 	0.1079 	0.1101 	0.1092 	0.111 	0.1134 	0.1194 	0.1210 	0.1219 	0.1218 	0.1255 	0.1174 	0.1293 	0.1359 	0.2077 	0.1992 	0.1486 	0.1681 	0.1449 	0.1383 
S,E7000,MWH_LT20,KWH,I_TAX,NAC,FR	: 	0.1194 	0.1229 	0.132 	0.1307 	0.1323 	0.1339 	0.1459 	0.1446 	0.1523 	0.1363 	0.1671 	0.1499 	0.1683 	0.1607 	0.167 	0.174 	0.1817 	0.1708 	0.1698 	0.1748 	0.1773 	0.1787 	0.1891 	0.1840 	0.1987 	0.1978 	0.2114 	0.2056 	0.2130 	0.2319 	0.2263 	0.3132 	0.3523 	0.3015 	0.3240 	0.2917 
S,E7000,MWH_LT20,KWH,I_TAX,NAC,GE	: 	: 	: 	: 	: 	: 	: 	: 	: 	: 	: 	: 	: 	: 	: 	: 	: 	: 	: 	: 	: 	: 	0.2074 	0.2337 	0.2487 	0.2110 	0.2329 	0.2230 	0.3410 	0.3021 	: 	0.3348 	0.3148 	0.3076 	0.2933 	0.2933 	0.3247 
S,E7000,MWH_LT20,KWH,I_TAX,NAC,HR	0.65 	0.83 	0.84 	0.98 	0.99 	1.03 	1.035 	1.044 	1.048 	1.038 	1.0995 	1.2216 	1.1973 	1.2073 	1.2367 	1.2124 	1.1685 	1.1739 	1.1742 	1.1635 	1.0689 	0.9973 	1.1008 	1.1155 	1.1965 	1.2348 	1.2391 	1.1947 	1.2033 	1.3340 	1.8736 	3.0685 	0.4704 	0.3236 	0.3157 	0.3085 	0.3139 
S,E7000,MWH_LT20,KWH,I_TAX,NAC,HU	: 	36.94 	45.25 	44.82 	39.504 	43.01 	42.57 	42.2694 	44.2887 	46.1881 	45.6606 	46.8256 	42.0427 	42.0027 	41.1139 	40.6406 	41.5143 	41.3707 	39.0665 	41.8343 	41.3538 e	41.0931 	46.4566 	47.1732 	52.3049 	53.4437 	56.9335 	57.5463 	58.2058 	63.5494 	79.4695 	127.7411 	148.0971 	121.3032 	109.2897 	121.4770 	116.7883 
S,E7000,MWH_LT20,KWH,I_TAX,NAC,IE	: 	0.1751 	0.1676 	0.1989 	0.2012 	0.1916 	0.1777 	0.1952 	0.2092 	0.2249 	0.2099 	0.2271 	0.2249 	0.217 	0.2182 	0.2238 	0.2381 	0.2321 	0.2197 	0.2232 	0.2168 	0.2264 	0.2307 	0.2408 	0.2424 	0.2434 	0.2483 	0.2627 	0.2849 	0.2990 	0.3370 	0.4006 	0.4033 	0.3767 	0.3534 	0.3968 	0.3408 
S,E7000,MWH_LT20,KWH,I_TAX,NAC,IS	: 	: 	: 	: 	: 	: 	: 	: 	: 	: 	: 	: 	: 	: 	: 	: 	: 	: 	13.994 	11.3037 	13.0012 p	: 	10.8841 e	10.3164 	10.6416 	10.6364 e	13.8600 e	14.3200 e	14.0137 e	18.5900 e	18.8000 e	20.1400 e	17.0000 e	20.6600 e	23.6300 e	26.0600 e	: 
S,E7000,MWH_LT20,KWH,I_TAX,NAC,IT	: 	: 	0.2493 	0.2737 	0.2813 	0.2815 	0.269 	0.2991 	0.2695 	0.2909 	0.2709 	0.3095 	0.3158 	0.3276 	0.314 	0.3141 	0.3225 	0.3222 	0.3233 	0.3179 	0.2701 	0.2582 	0.2561 	0.2706 	0.3782 	0.3713 	0.3566 	0.3159 	0.3360 	0.3186 	0.3888 	0.4766 	0.4164 	0.3976 	0.4174 	0.4539 	0.4793 
S,E7000,MWH_LT20,KWH,I_TAX,NAC,LI	: 	: 	: 	: 	: 	: 	: 	: 	: 	: 	: 	: 	: 	: 	: 	: 	: 	: 	: 	: 	0 	: 	: 	: 	: 	: 	: 	: 	: 	: 	: 	: 	: 	: 	: 	: 	: 
S,E7000,MWH_LT20,KWH,I_TAX,NAC,LT	: 	0.4352 	0.4147 	0.437 	0.4621 	0.4405 	0.5047 	0.5105 	0.5518 	0.5416 	0.5282 	0.5445 	0.6062 	0.6061 	0.5743 	0.598 	0.1609 	0.1577 	0.1524 	0.146 	0.1377 	0.1391 	0.1374 	0.1552 	0.1567 	0.1607 	0.1648 	0.1773 	0.1852 	0.2445 	0.2877 	0.4577 	0.3560 	0.3138 	0.3537 	0.3528 	0.3441 
S,E7000,MWH_LT20,KWH,I_TAX,NAC,LU	0.1918 	0.1659 	0.1659 	0.1662 	0.2106 	0.2106 	0.1799 	0.1845 	0.181 	0.1789 	0.1849 	0.1762 	0.1725 	0.1749 	0.1814 	0.1778 	0.179 	0.179 	0.1763 	0.1764 	0.1415 	0.1487 	0.1648 	0.1581 	0.1668 	0.1632 	0.1730 	0.1807 	0.1807 	0.1821 	0.1895 	0.1932 	0.2046 	0.1887 	0.1789 	0.1797 	0.2420 
S,E7000,MWH_LT20,KWH,I_TAX,NAC,LV	: 	0.1076 	0.0733 	0.0839 	0.0981 	0.0991 	0.0987 	0.0997 	0.109 	0.1235 	0.1212 	0.1162 	0.1219 	0.1241 	0.1861 	0.1799 	0.1963 	0.1955 	0.1852 	0.2212 	0.2217 	0.2222 	0.2379 	0.2228 	0.2229 	0.2420 	0.2308 	0.2325 	0.2415 	0.2754 	0.2094 	0.3483 	0.2544 	0.2712 	0.3002 	0.3023 	0.2951 
S,E7000,MWH_LT20,KWH,I_TAX,NAC,MD	: 	: 	: 	: 	: 	: 	: 	: 	: 	: 	: 	: 	: 	: 	: 	: 	1.8726 	2.1553 	2.43 	2.2468 	2.292 	2.3177 	2.3950 	2.1266 	2.0769 	2.1186 	2.2014 	2.0246 	1.8562 	1.7915 	2.0871 	3.8616 	3.9962 	2.9741 	2.7700 	2.7071 	4.4976 
S,E7000,MWH_LT20,KWH,I_TAX,NAC,ME	: 	: 	: 	: 	: 	: 	: 	: 	0.1047 	0.0844 	0.103 	0.1051 	0.1056 	0.1085 	0.1089 	0.1094 	0.1095 	0.1089 	0.1076 	0.1078 	0.1085 	: 	0.1134 	0.1125 	0.1196 	0.1226 	0.1233 	0.1255 	0.1261 	0.1227 	0.1245 	0.1249 	0.1244 	0.1195 	0.1251 	0.1240 	0.1291 p
S,E7000,MWH_LT20,KWH,I_TAX,NAC,MK	: 	: 	: 	: 	: 	: 	: 	: 	: 	: 	: 	: @C	9.7743 	9.4339 	9.4557 	9.6907 	9.9065 	9.7899 	9.7581 	9.428 	9.1215 	9.0693 	8.9717 	8.8803 	8.8442 	9.0133 	8.1287 	8.4491 	8.9382 	13.6435 	14.2545 	19.7113 	13.6094 	14.6237 	12.9917 	16.6109 	18.1754 
S,E7000,MWH_LT20,KWH,I_TAX,NAC,MT	: 	0.0589 	0.1372 	0.1865 	0.1759 	0.1533 	0.2533 	0.2549 	0.2565 	0.256 	0.2572 	0.2556 	0.2573 	0.2538 	0.2551 	0.2527 	0.2307 	0.2061 	0.246 	0.2061 	0.2084 	0.2051 	0.2094 	0.2084 	0.2512 	0.2499 	0.2565 	0.2518 	0.2518 	0.2015 	0.2018 	0.1987 	0.2021 	0.2000 	0.2013 	0.1962 	0.1960 p
S,E7000,MWH_LT20,KWH,I_TAX,NAC,NL	0.1723 	0.1699 	0.1856 	0.1923 	0.2124 	0.2107 	0.2109 	0.1975 	0.1821 	0.1829 	0.194 	0.1934 	0.192 	0.2025 	0.2156 	0.2007 	0.22 	0.2143 	0.1664 	0.1716 	0.2340 	0.2390 	0.2060 	0.2400 	0.2510 	0.2320 	0.2692 	0.2691 	0.2739 	0.2820 	0.2458 	0.3433 	0.5867 	0.4420 	0.4562 	0.4432 	0.4428 
S,E7000,MWH_LT20,KWH,I_TAX,NAC,NO	: 	0.83 	0.864 	1.0342 	0.91 	0.895 	1.1867 	1.0553 	1.1676 	0.9359 	0.8811 	0.8107 	0.891 	0.8862 	0.8626 	0.8706 	0.8534 	0.7909 	0.8684 	0.9183 	0.9768 	0.9908 	1.0929 	1.2319 	1.2664 	1.1707 	0.8237 	0.7780 	1.1739 	1.5005 	1.7600 	2.5243 	1.6657 	1.4208 	1.5923 	1.2425 	1.3044 
S,E7000,MWH_LT20,KWH,I_TAX,NAC,PL	: 	0.6478 	0.59 	0.6376 	0.7327 	0.7429 	0.7351 	0.7908 	0.7738 	0.8113 	0.8684 	0.83 	0.7951 	0.7621 	0.7715 	0.7798 	0.7793 	0.7868 	0.754 	0.7445 	0.8039 	0.8291 	0.7647 	0.7766 	0.7432 	0.7567 	0.8788 	0.9398 	0.9667 	1.0289 	1.0943 	1.4780 	1.6604 	1.7726 	1.6451 	1.7129 	1.7290 
S,E7000,MWH_LT20,KWH,I_TAX,NAC,PT	: 	0.1308 	0.1588 	0.1623 	0.1622 	0.1692 	0.1717 	0.1772 	0.1803 	0.1985 	0.2187 	0.2221 	0.2283 	0.2255 	0.2347 	0.2328 	0.2418 	0.238 	0.2464 	0.245 	0.2469 	0.2464 	0.2525 	0.2437 	0.1943 	0.2345 	0.2346 	0.2350 	0.2368 	0.2489 	0.2296 	0.2327 	0.2294 	0.2604 	0.2716 	0.2802 	0.2786 
S,E7000,MWH_LT20,KWH,I_TAX,NAC,RO	: 	0.4815 	0.4735 	0.4975 	0.5092 	0.5172 	0.532 	0.5612 	0.5589 	0.5817 	0.587 	0.6415 	0.7357 	0.6877 	0.6411 	0.5817 	0.6106 	0.6068 	0.5754 	0.5437 	0.5125 	0.5333 	0.5617 	0.5789 	0.6273 	0.6551 	0.7485 	0.7134 	0.7107 	0.8305 	1.5769 d	2.2924 d	1.1060 	1.1275 	1.0363 	1.0441 	1.0998 
S,E7000,MWH_LT20,KWH,I_TAX,NAC,RS	: 	: 	: 	: 	: 	: 	: 	: 	: 	: 	: 	: 	8.8242 	9.7563 	9.8245 	10.0689 	10.2401 	11.4346 	11.3598 	11.2878 	11.7296 	11.8608 	11.9296 	12.1773 	11.9030 	12.6208 	12.9619 	12.9905 	13.0270 	13.9164 	13.6409 	16.0186 	17.3455 	19.2766 	19.7349 	19.2910 	19.5455 
S,E7000,MWH_LT20,KWH,I_TAX,NAC,SE	1.105 	1.106 	1.303 	1.462 	1.545 	1.513 	1.636 	1.716 	1.794 	1.6882 	1.8396 	1.9175 	1.5893 	1.6107 	1.5867 	1.5362 	1.5312 	1.6478 	1.4524 	1.76 	1.6236 	1.7123 	1.7474 	2.2176 	1.9424 	1.9858 	1.6041 	1.6619 	1.5960 	2.2699 	2.6934 	3.4283 	2.7076 	2.4351 	2.5296 	2.5289 	2.5671 
S,E7000,MWH_LT20,KWH,I_TAX,NAC,SI	: 	0.1538 	0.1694 	0.1782 	0.2002 	0.1969 	0.172 	0.177 	0.1726 	0.1723 	0.1726 	0.1777 	0.1803 	0.1904 	0.1844 	0.1795 	0.1757 	0.1752 	0.1681 	0.1673 	0.1584 	0.1577 	0.1729 	0.1699 	0.1779 	0.1796 	0.1616 	0.1928 	0.1892 	0.2192 	0.1852 	0.2508 	0.2786 	0.3120 	0.2855 	0.2728 	0.2349 
S,E7000,MWH_LT20,KWH,I_TAX,NAC,SK	: 	5.77 	6.6 	6.49 	0.258 	0.2594 	0.2292 	0.2355 	0.2398 	0.2424 	0.253 	0.2402 	0.2476 	0.241 	0.2359 	0.2452 	0.2527 	0.2462 	0.2461 	0.2353 	0.2298 	0.2207 	0.2345 	0.2446 	0.2512 	0.2554 	0.2663 	0.2671 	0.2605 	0.2689 	0.3263 	0.3601 	0.5076 	0.4874 	0.3413 	0.3593 	0.3051 
S,E7000,MWH_LT20,KWH,I_TAX,NAC,TR	: 	0.1407 	0.1601 	0.203 	0.2105 	0.2187 	0.2253 	0.2242 	0.2354 	0.2515 	0.2685 	0.2857 	0.2823 	0.2759 	0.2722 	0.2773 	0.2824 	0.3113 	0.3028 	0.3183 	0.3153 	0.3114 	0.3494 	0.4855 	0.5896 	0.6635 	0.7575 	0.6903 	0.8539 	0.9622 	2.5062 	5.2319 	4.0537 	4.1994 	4.4786 	5.6801 	5.1666 
S,E7000,MWH_LT20,KWH,I_TAX,NAC,UA	: 	: 	: 	: 	: 	: 	: 	: 	: 	: 	: 	: 	: 	: 	: 	: 	: 	: 	: 	: 	1.9 	: 	2.4600 	2.4649 	2.6390 	2.5344 	2.2309 	2.3682 	2.8862 	: 	: 	: 	: 	: 	: 	: 	: 
S,E7000,MWH_LT20,KWH,I_TAX,NAC,UK	0.1139 	0.1167 	0.1187 	0.1296 	0.1394 	0.1409 	0.144 	0.1433 	0.1384 	0.1534 	0.1491 	0.153 	0.1506 	0.1657 	0.1639 	0.1682 	0.1642 	0.1568 	0.1543 	0.1509 	0.1589 	0.1648 	0.1735 	0.1840 	0.1892 	0.1993 	0.2007 	: 	: 	: 	: 	: 	: 	: 	: 	: 	: 
S,E7000,MWH_LT20,KWH,I_TAX,NAC,XK	: 	: 	: 	: 	: 	: 	: 	: 	: 	: 	: 	: 	0.1383 	0.1491 	0.1947 	0.1934 	0.1736 	0.1906 	0.1604 	0.1844 	0.1707 	0.1522 	0.1262 	0.1885 	0.1373 	0.1146 	0.1372 	0.1272 	0.1365 	0.1279 	0.1224 	0.1234 	0.1455 	0.1409 	0.1474 	: @C	: 
S,E7000,MWH_LT20,KWH,I_TAX,PPS,AL	: 	: 	: 	: 	: 	: 	: 	: 	: 	: 	: 	: 	: 	: 	: 	: 	: 	: 	: 	: 	: 	: 	: 	: 	0.2511 e	: 	0.2421 e	0.2421 e	0.2388 e	0.2388 e	0.2398 	0.2398 	0.2412 e	0.2416 e	0.2443 	0.2457 e	0.2703 
S,E7000,MWH_LT20,KWH,I_TAX,PPS,AT	: 	0.141 	0.1359 	0.1471 	0.1689 	0.171 	0.1663 	0.1695 	0.1646 	0.1702 	0.1619 	0.1641 	0.1668 	0.1705 	0.1757 	0.1686 	0.1705 	0.1825 	0.1856 	0.1856 	0.1685 	0.1684 	0.1687 	0.1706 	0.1748 	0.1680 	0.1640 	0.1789 	0.1855 	0.1972 	0.1955 	0.2397 e	0.2832 e	0.3121 e	0.2826 e	0.2687 e	0.2876 e
S,E7000,MWH_LT20,KWH,I_TAX,PPS,BA	: 	: 	: 	: 	: 	: 	: 	: 	: 	: 	0.2705 	0.2735 	0.2724 	0.2721 	0.2731 	0.2682 	0.2678 	0.2689 	0.2715 	0.2734 	0.2487 	0.2529 	0.2486 	0.2375 	0.2412 	0.2367 	0.2549 	0.2538 	0.2389 	0.2321 	0.2263 	0.2802 	0.3009 	0.2899 	0.2872 	0.3015 	0.2605 
S,E7000,MWH_LT20,KWH,I_TAX,PPS,BE	: 	0.159 	0.1816 	0.1853 	0.1638 	0.1615 	0.1743 	0.1785 	0.1983 	0.1907 	0.197 	0.1929 	0.1864 	0.1915 	0.1892 	0.1936 	0.1904 	0.1938 	0.2181 	0.2197 	0.2189 	0.2279 	0.2548 	0.2559 	0.2510 	0.2367 	0.2445 	0.2408 	0.2470 	0.2654 	0.3395 	0.4639 	0.4185 	0.3413 	0.2979 	0.3002 	0.3382 
S,E7000,MWH_LT20,KWH,I_TAX,PPS,BG	: 	0.2027 	0.1925 	0.2153 	0.2093 	0.2058 	0.2111 	0.2131 	0.1991 	0.2119 	0.2174 	0.2475 	0.2661 	0.2507 	0.2428 	0.2458 	0.2579 	0.2994 	0.2707 	0.2828 	0.2561 	0.2703 	0.2458 	0.2587 	0.2391 	0.2354 	0.2190 	0.2371 	0.2518 	0.3345 	0.3858 	0.4737 	0.3594 	0.3148 	0.2733 	0.2867 	0.3014 
S,E7000,MWH_LT20,KWH,I_TAX,PPS,CY	: 	0.1937 	0.2162 	0.2525 	0.1961 	0.2018 	0.2289 	0.2447 	0.2478 	0.2888 	0.3355 	0.3582 	0.3369 	0.31 	0.2903 	0.2977 	0.2535 	0.2282 	0.2008 	0.2119 	0.2388 	0.2247 	0.2226 	0.2543 	0.2474 	0.2502 	0.2372 	0.1893 	0.2231 	0.2575 	0.3193 	0.4113 	0.4145 	0.3852 	0.3674 	0.3715 	0.3496 
S,E7000,MWH_LT20,KWH,I_TAX,PPS,CZ	: 	0.2682 	0.2706 	0.2706 	0.2852 	0.2852 	0.2896 	0.2896 	0.3044 	0.3037 	0.3218 	0.3217 	0.327 	0.327 	0.2985 	0.2988 	0.2927 	0.2963 	0.3042 	0.3074 	0.292 	0.2921 	0.3011 	0.3038 	0.3155 	0.3192 	0.3356 	0.3330 	0.3219 	0.3106 	0.4211 	0.4334 	0.4665 	0.4558 	0.4663 	0.4498 	0.4259 
S,E7000,MWH_LT20,KWH,I_TAX,PPS,DE	0.2149 	0.2102 	0.2209 	0.2208 	0.2148 	0.2215 	0.2378 	0.2402 	0.2549 	0.2609 	0.2665 	0.2699 	0.2908 	0.286 	0.2757 	0.2792 	0.2686 	0.2665 	0.2718 	0.2655 	0.2596 	0.2582 	0.2647 	0.2615 	0.2586 	0.2463 	0.2639 	0.2610 	0.2684 	0.2726 	0.2829 	0.2895 	0.3451 	0.3488 	0.3485 	0.3536 	0.3498 
S,E7000,MWH_LT20,KWH,I_TAX,PPS,DK	: 	0.1618 	0.1704 	0.1813 	0.1719 	0.1615 	0.1691 	0.1721 	0.1987 	0.1928 	0.1936 	0.1926 	0.206 	0.2025 	0.2091 	0.2088 	0.2202 	0.2202 	0.2166 	0.2163 	0.2244 	0.2244 	0.2227 	0.2228 	0.2182 	0.2177 	0.2139 	0.2155 	0.2279 	0.2691 	0.3232 	0.4121 	0.2021 	0.2435 	0.2341 	0.2522 	0.2498 
S,E7000,MWH_LT20,KWH,I_TAX,PPS,EA	: 	0.1764 	0.1808 	0.1884 	0.192 	0.1957 	0.1985 	0.2075 	0.2055 	0.2165 	0.2155 	0.2303 	0.237 	0.2441 	0.2429 	0.2468 	0.2495 	0.2502 	0.2381 	0.2365 	0.2406 	0.2312 	0.2443 	0.2436 	0.2588 	0.2585 	0.2617 	0.2565 	0.2612 	0.2648 	0.2974 	0.3364 	0.3617 	0.3516 	0.3410 	0.3534 	0.3562 
S,E7000,MWH_LT20,KWH,I_TAX,PPS,EE	: 	0.1195 	0.1178 	0.1252 	0.1361 	0.1395 	0.1465 	0.1523 	0.1336 	0.1352 	0.1413 	0.1481 	0.1835 	0.195 	0.1746 	0.1789 	0.1718 	0.1784 	0.1719 	0.1837 	0.1657 	0.1772 	0.1720 	0.1873 	0.1772 	0.1818 	0.1736 	0.1650 	0.1913 	0.2730 	0.2709 	0.5019 	0.3379 	0.3385 	0.3007 	0.2893 	0.2817 
S,E7000,MWH_LT20,KWH,I_TAX,PPS,EL	: 	0.1525 	0.157 	0.1677 	0.1749 	0.181 	0.1844 	0.1962 	0.1912 	0.1914 	0.217 	0.2251 	0.2493 	0.2622 	0.2842 	0.2919 	0.2883 	0.3307 	0.2756 	0.2666 	0.2421 	0.2226 	0.2339 	0.2322 	0.2310 	0.2165 	0.2127 	0.2176 	0.2345 	0.3252 	0.3637 	0.4708 	0.3759 	0.2955 	0.3401 	0.3574 	0.3715 
S,E7000,MWH_LT20,KWH,I_TAX,PPS,ES	: 	0.2054 	0.1727 	0.1732 	0.2037 	0.2177 	0.2234 	0.2351 	0.2174 	0.255 	0.2674 	0.286 	0.3146 	0.3361 	0.3713 	0.3957 	0.3692 	0.3646 	0.3387 	0.3349 	0.3379 	0.2746 	0.3703 	0.3175 	0.3114 	0.3303 	0.3228 	0.3132 	0.2993 	0.2788 	0.3750 	0.3950 	0.3410 	0.3193 	0.3106 	0.3060 	0.3378 
S,E7000,MWH_LT20,KWH,I_TAX,PPS,EU27_2020	: 	: 	: 	: 	: 	: 	: 	: 	: 	: 	: 	: 	: 	: 	: 	: 	: 	: 	: 	: 	0.2403 	0.2340 	0.2431 	0.2449 	0.2554 	0.2561 	0.2607 	0.2583 	0.2627 	0.2715 	0.3090 	0.3641 	0.3762 	0.3667 	0.3504 	0.3626 	0.3639 
S,E7000,MWH_LT20,KWH,I_TAX,PPS,FI	0.077 	0.0799 	0.0799 	0.0845 	0.0853 	0.085 	0.0882 	0.0891 	0.0973 	0.0991 	0.0969 	0.0977 	0.0966 	0.0967 	0.0941 	0.0924 	0.0905 	0.0895 	0.0883 	0.0909 	0.0879 	0.0893 	0.0903 	0.0951 	0.0963 	0.0970 	0.0963 	0.0992 	0.0928 	0.1040 	0.1090 	0.1666 	0.1606 	0.1198 	0.1400 	0.1207 	0.1151 
S,E7000,MWH_LT20,KWH,I_TAX,PPS,FR	: 	0.1085 	0.1088 	0.1169 	0.1142 	0.1156 	0.1193 	0.13 	0.1292 	0.1361 	0.1214 	0.1489 	0.1325 	0.1517 	0.146 	0.1523 	0.1624 	0.1696 	0.1555 	0.1546 	0.1559 	0.1581 	0.1604 	0.1697 	0.1692 	0.1827 	0.1817 	0.1942 	0.1889 	0.1960 	0.2139 	0.2088 	0.2884 	0.3225 	0.2760 	0.2966 	0.2679 
S,E7000,MWH_LT20,KWH,I_TAX,PPS,HR	0.1374 	0.1754 	0.1713 	0.1998 	0.1933 	0.2011 	0.2018 	0.2036 	0.2094 	0.2074 	0.2279 	0.2532 	0.2488 	0.2509 	0.2557 	0.2506 	0.2416 	0.2439 	0.2475 	0.2458 	0.2208 	0.206 	0.2261 	0.2291 	0.2456 	0.2535 	0.2549 	0.2458 	0.2476 	0.2720 	0.3820 	0.6249 	0.7066 	0.4803 	0.4569 	0.4514 	0.4403 
S,E7000,MWH_LT20,KWH,I_TAX,PPS,HU	: 	0.2282 	0.2731 	0.2705 	0.2367 	0.2577 	0.259 	0.2572 	0.2677 	0.2792 	0.2713 	0.2782 	0.2456 	0.2454 	0.2352 	0.2325 	0.2375 	0.2365 	0.2224 	0.239 	0.2088 e	0.2074 	0.2261 	0.2296 	0.2453 	0.2506 	0.2557 	0.2584 	0.2494 	0.2739 	0.3143 	0.5052 	0.5857 	0.4797 	0.4017 	0.4539 	0.4167 
S,E7000,MWH_LT20,KWH,I_TAX,PPS,IE	: 	0.1482 	0.1376 	0.1633 	0.1697 	0.1616 	0.1609 	0.1767 	0.1897 	0.2039 	0.1914 	0.2071 	0.2041 	0.1969 	0.1961 	0.2011 	0.2139 	0.2083 	0.1979 	0.2071 	0.1874 	0.1957 	0.1975 	0.2064 	0.2018 	0.2026 	0.2071 	0.2162 	0.2376 	0.2494 	0.2856 	0.3370 	0.3370 	0.3169 	0.2942 	0.3352 	0.2879 
S,E7000,MWH_LT20,KWH,I_TAX,PPS,IS	: 	: 	: 	: 	: 	: 	: 	: 	: 	: 	: 	: 	: 	: 	: 	: 	: 	: 	0.075 	0.0601 	0.0672 p	: 	0.0534 e	0.0506 	0.0508 	0.0508 e	0.0619 e	0.0639 e	0.0626 e	0.0824 e	0.0833 e	0.0892 e	0.0775 e	0.0927 e	0.1055 e	0.1141 e	: 
S,E7000,MWH_LT20,KWH,I_TAX,PPS,IT	: 	: 	0.2469 	0.271 	0.2715 	0.2717 	0.2631 	0.2926 	0.2645 	0.2855 	0.2697 	0.3082 	0.313 	0.3247 	0.3128 	0.3129 	0.3213 	0.3203 	0.3294 	0.3239 	0.2688 	0.257 	0.2554 	0.2698 	0.3800 	0.3730 	0.3590 	0.3180 	0.3382 	0.3250 	0.3966 	0.4880 	0.4331 	0.4143 	0.4323 	0.4719 	0.5010 
S,E7000,MWH_LT20,KWH,I_TAX,PPS,LT	: 	0.2192 	0.1907 	0.201 	0.2159 	0.2059 	0.2472 	0.25 	0.2648 	0.2599 	0.2538 	0.2616 	0.2863 	0.2863 	0.2712 	0.2824 	0.2612 	0.2614 	0.252 	0.2452 	0.2136 	0.2158 	0.2085 	0.2355 	0.2336 	0.2395 	0.2417 	0.2600 	0.2716 	0.3514 	0.4135 	0.6629 	0.4732 	0.4171 	0.4580 	0.4535 	0.4403 
S,E7000,MWH_LT20,KWH,I_TAX,PPS,LU	0.1683 	0.1456 	0.143 	0.1433 	0.1747 	0.1747 	0.1489 	0.1527 	0.1527 	0.1509 	0.1566 	0.1492 	0.1423 	0.1443 	0.1522 	0.1491 	0.1502 	0.1492 	0.1497 	0.1493 	0.1145 	0.1204 	0.1319 	0.1266 	0.1323 	0.1294 	0.1337 	0.1397 	0.1397 	0.1428 	0.1486 	0.1491 	0.1576 	0.1427 	0.1352 	0.1366 	0.1834 
S,E7000,MWH_LT20,KWH,I_TAX,PPS,LV	: 	0.2307 	0.1451 	0.1661 	0.2039 	0.2059 	0.2131 	0.2152 	0.2308 	0.2615 	0.2525 	0.242 	0.2508 	0.2554 	0.2714 	0.2623 	0.2862 	0.2896 	0.2782 	0.3337 	0.3142 	0.3149 	0.3285 	0.3077 	0.3014 	0.3272 	0.3127 	0.3150 	0.3272 	0.3630 	0.2728 	0.4537 	0.3186 	0.3388 	0.3723 	0.3911 	0.3828 
S,E7000,MWH_LT20,KWH,I_TAX,PPS,ME	: 	: 	: 	: 	: 	: 	: 	: 	0.2133 	0.1719 	0.2097 	0.214 	0.2105 	0.2163 	0.2121 	0.213 	0.2269 	0.2256 	0.2195 	0.2233 	0.2176 	: 	0.2211 	0.2193 	0.2356 	0.2415 	0.2445 	0.2488 	0.2500 	0.2357 	0.2392 	0.2426 	0.2321 	0.2189 	0.2199 	0.2204 	0.2300 p
S,E7000,MWH_LT20,KWH,I_TAX,PPS,MK	: 	: 	: 	: 	: 	: 	: 	: 	: 	: 	: 	: @C	0.3818 	0.3685 	0.3705 	0.3797 	0.3935 	0.3889 	0.3838 	0.3673 	0.3302 	0.3283 	0.3196 	0.3164 	0.3156 	0.3217 	0.2870 	0.2983 	0.3155 	0.4659 	0.4867 	0.6872 	0.4621 	0.5006 	0.4358 	0.5326 	0.5827 
S,E7000,MWH_LT20,KWH,I_TAX,PPS,MT	: 	0.1962 	0.1913 	0.2601 	0.2418 	0.2108 	0.3468 	0.349 	0.3392 	0.3386 	0.3355 	0.3334 	0.3299 	0.3254 	0.3182 	0.3153 	0.2877 	0.257 	0.3068 	0.2568 	0.2506 	0.2467 	0.2431 	0.2420 	0.2926 	0.2911 	0.2925 	0.2871 	0.2871 	0.2282 	0.2311 	0.2243 	0.2253 	0.2230 	0.2217 	0.2161 	0.2155 p
S,E7000,MWH_LT20,KWH,I_TAX,PPS,NL	0.1631 	0.1608 	0.1721 	0.1783 	0.1899 	0.1883 	0.1895 	0.1774 	0.1655 	0.1662 	0.177 	0.1764 	0.1754 	0.185 	0.197 	0.1834 	0.2028 	0.1975 	0.1534 	0.1589 	0.2055 	0.2099 	0.1798 	0.2095 	0.2127 	0.1966 	0.2310 	0.2309 	0.2358 	0.2428 	0.2100 	0.2933 	0.4991 	0.3760 	0.3892 	0.3781 	0.3778 
S,E7000,MWH_LT20,KWH,I_TAX,PPS,NO	: 	0.0767 	0.0771 	0.0923 	0.0764 	0.0752 	0.1005 	0.0894 	0.0981 	0.0786 	0.0751 	0.0691 	0.0731 	0.0727 	0.0689 	0.0695 	0.0682 	0.063 	0.0675 	0.0708 	0.0699 	0.0709 	0.0772 	0.0870 	0.0871 	0.0805 	0.0544 	0.0514 	0.0775 	0.1035 	0.1214 	0.1759 	0.1220 	0.1048 	0.1120 	0.0876 	0.0902 
S,E7000,MWH_LT20,KWH,I_TAX,PPS,PL	: 	0.2852 	0.2483 	0.2683 	0.2956 	0.2997 	0.3083 	0.3316 	0.3195 	0.335 	0.36 	0.3441 	0.3296 	0.3159 	0.3187 	0.3221 	0.3219 	0.327 	0.3189 	0.3151 	0.3167 	0.3267 	0.2968 	0.3014 	0.2829 	0.2880 	0.3280 	0.3507 	0.3608 	0.3738 	0.3771 	0.5093 	0.5766 	0.6156 	0.5361 	0.5582 	0.5583 
S,E7000,MWH_LT20,KWH,I_TAX,PPS,PT	: 	0.1608 	0.1911 	0.1953 	0.1927 	0.201 	0.2074 	0.214 	0.2196 	0.2417 	0.2745 	0.2787 	0.2928 	0.2892 	0.3017 	0.2993 	0.3108 	0.3054 	0.3165 	0.3133 	0.2945 	0.2939 	0.2997 	0.2893 	0.2313 	0.2792 	0.2757 	0.2762 	0.2783 	0.2906 	0.2681 	0.2718 	0.2683 	0.3088 	0.3284 	0.3405 	0.3378 
S,E7000,MWH_LT20,KWH,I_TAX,PPS,RO	: 	0.2583 	0.2316 	0.2434 	0.2417 	0.2455 	0.2551 	0.2692 	0.265 	0.2758 	0.2763 	0.302 	0.3338 	0.312 	0.2806 	0.2546 	0.2672 	0.2754 	0.2611 	0.2494 	0.2181 	0.227 	0.2279 	0.2349 	0.2491 	0.2602 	0.2929 	0.2792 	0.2781 	0.3175 	0.5718 d	0.8312 d	0.4010 	0.4088 	0.3686 	0.3684 	0.3706 
S,E7000,MWH_LT20,KWH,I_TAX,PPS,RS	: 	: 	: 	: 	: 	: 	: 	: 	: 	: 	: 	: 	0.1603 	0.1773 	0.1727 	0.177 	0.18 	0.2126 	0.2085 	0.2085 	0.1973 	0.1995 	0.1975 	0.2016 	0.1940 	0.2057 	0.2074 	0.2078 	0.2084 	0.2173 	0.2130 	0.2506 	0.2572 	0.2816 	0.2747 	0.2703 	0.2718 
S,E7000,MWH_LT20,KWH,I_TAX,PPS,SE	0.1009 	0.101 	0.116 	0.1302 	0.1304 	0.1277 	0.1388 	0.1456 	0.1529 	0.1439 	0.1586 	0.1653 	0.1363 	0.1381 	0.1339 	0.1296 	0.1292 	0.1374 	0.1212 	0.1473 	0.1259 	0.1328 	0.1337 	0.1697 	0.1470 	0.1502 	0.1212 	0.1256 	0.1213 	0.1725 	0.2047 	0.2606 	0.2009 	0.1802 	0.1860 	0.1872 	0.1909 
S,E7000,MWH_LT20,KWH,I_TAX,PPS,SI	: 	0.1983 	0.2086 	0.2195 	0.2337 	0.2298 	0.2047 	0.2106 	0.2066 	0.2062 	0.2133 	0.2196 	0.2239 	0.2365 	0.2307 	0.2246 	0.2198 	0.2191 	0.2135 	0.2136 	0.1908 	0.1899 	0.2063 	0.2027 	0.2124 	0.2144 	0.1922 	0.2293 	0.2251 	0.2585 	0.2184 	0.2952 	0.3241 	0.3677 	0.3299 	0.3166 	0.2692 
S,E7000,MWH_LT20,KWH,I_TAX,PPS,SK	: 	0.2542 	0.3088 	0.3037 	0.3797 	0.3817 	0.3429 	0.3523 	0.349 	0.3528 	0.3705 	0.3517 	0.3644 	0.3547 	0.3541 	0.368 	0.3793 	0.3789 	0.3763 	0.3621 	0.3056 	0.2935 	0.3053 	0.3185 	0.3190 	0.3244 	0.3308 	0.3318 	0.3236 	0.3323 	0.4032 	0.4476 	0.6127 	0.6147 	0.4213 	0.4490 	0.3805 
S,E7000,MWH_LT20,KWH,I_TAX,PPS,TR	: 	0.1321 	0.1405 	0.1782 	0.1736 	0.1804 	0.1828 	0.1819 	0.1791 	0.1913 	0.1941 	0.2065 	0.1917 	0.1874 	0.1715 	0.1747 	0.178 	0.1992 	0.1823 	0.1914 	0.1564 	0.1545 	0.1450 	0.2015 	0.2089 	0.2351 	0.2304 	0.2099 	0.2597 	0.2308 	0.6013 	0.7214 	0.5463 	0.5659 	0.4017 	0.3139 	0.2855 
S,E7000,MWH_LT20,KWH,I_TAX,PPS,UK	0.1432 	0.1467 	0.1425 	0.1556 	0.1599 	0.1616 	0.159 	0.1582 	0.1493 	0.1654 	0.1631 	0.1673 	0.1628 	0.1791 	0.1748 	0.1794 	0.178 	0.17 	0.1673 	0.1636 	0.1594 	0.1653 	0.1721 	0.1825 	0.1858 	0.1957 	0.1947 	: 	: 	: 	: 	: 	: 	: 	: 	: 	: 
S,E7000,MWH_LT20,KWH,X_TAX,EUR,AL	: 	: 	: 	: 	: 	: 	: 	: 	: 	: 	: 	: 	: 	: 	: 	: 	: 	: 	: 	: 	: 	: 	: 	: 	0.1040 e	: 	0.1037 e	0.1036 e	0.1039 e	0.1053 e	0.1057 	0.1097 	0.1135 e	0.1223 e	0.1252 	0.1292 e	0.1420 
S,E7000,MWH_LT20,KWH,X_TAX,EUR,AT	: 	0.1084 	0.1078 	0.1157 	0.134 	0.1358 	0.1282 	0.1314 	0.1273 	0.1318 	0.1255 	0.1263 	0.1282 	0.1312 	0.1288 	0.1179 	0.1149 	0.1206 	0.1169 	0.1157 	0.1154 	0.1188 	0.1205 	0.1231 	0.1284 	0.1243 	0.1212 	0.1313 	0.1342 	0.1452 	0.1603 	0.2127 	0.2778 	0.3002 	0.2835 	0.2655 	0.2578 
S,E7000,MWH_LT20,KWH,X_TAX,EUR,BA	: 	: 	: 	: 	: 	: 	: 	: 	: 	: 	0.1113 	0.1126 	0.1133 	0.1132 	0.1126 	0.1106 	0.1106 	0.1083 	0.1096 	0.1105 	0.1064 	0.1081 	0.1065 	0.1016 	0.1042 	0.1016 	0.1094 	0.1085 	0.1020 	0.1004 	0.0981 	0.1222 	0.1394 	0.1366 	0.1334 	0.1409 	0.1309 
S,E7000,MWH_LT20,KWH,X_TAX,EUR,BE	: 	0.1311 	0.155 	0.1557 	0.1405 	0.1381 	0.1436 	0.1471 	0.1632 	0.1599 	0.1656 	0.1617 	0.1549 	0.1589 	0.1595 	0.1568 	0.1588 	0.1464 	0.1518 	0.1495 	0.1542 	0.1604 	0.1719 	0.1748 	0.1892 	0.1740 	0.1809 	0.1770 	0.1795 	0.1970 	0.2651 	0.3776 	0.3400 	0.2585 	0.2236 	0.2294 	0.2657 
S,E7000,MWH_LT20,KWH,X_TAX,EUR,BG	: 	0.0675 	0.068 	0.0762 	0.0772 	0.0762 	0.0772 	0.0776 	0.0775 	0.0826 	0.0842 	0.0943 	0.1044 	0.0983 	0.0944 	0.0956 	0.1003 	0.1143 	0.103 	0.1082 	0.1065 	0.1124 	0.1043 	0.1098 	0.1050 	0.1033 	0.0973 	0.1054 	0.1011 	0.1814 	0.2410 	0.3576 	0.1916 	0.1584 	0.1366 	0.1745 	0.1733 
S,E7000,MWH_LT20,KWH,X_TAX,EUR,CY	: 	0.145 	0.1629 	0.1906 	0.1497 	0.1541 	0.1747 	0.1821 	0.192 	0.2248 	0.2565 	0.2707 	0.2486 	0.227 	0.2081 	0.2135 	0.1803 	0.1664 	0.1403 	0.1499 	0.1676 	0.1567 	0.1532 	0.1827 	0.1573 	0.1599 	0.1533 	0.1212 	0.1321 	0.1478 	0.1782 	0.2595 	0.2350 	0.2149 	0.2152 	0.2195 	0.2015 
S,E7000,MWH_LT20,KWH,X_TAX,EUR,CZ	: 	0.1413 	0.1635 	0.1667 	0.1621 	0.1708 	0.1703 	0.1764 	0.1838 	0.1798 	0.187 	0.1874 	0.1854 	0.1815 	0.1577 	0.1568 	0.1542 	0.1568 	0.1597 	0.1601 	0.162 	0.1678 	0.1770 	0.1765 	0.1691 	0.1715 	0.1818 	0.1787 	0.1770 	0.1873 	0.2536 	0.2733 	0.3222 	0.3057 	0.2881 	0.2785 	0.2647 
S,E7000,MWH_LT20,KWH,X_TAX,EUR,DE	0.1489 	0.1479 	0.1525 	0.1585 	0.1626 	0.1636 	0.1604 	0.1603 	0.1616 	0.1698 	0.166 	0.1655 	0.1625 	0.1513 	0.1423 	0.1403 	0.1349 	0.1334 	0.1287 	0.1252 	0.1203 	0.121 	0.1319 	0.1310 	0.1348 	0.1207 	0.1346 	0.1369 	0.1402 	0.1444 	0.1809 	0.2231 	0.2767 	0.2798 	0.2794 	0.2820 	0.2665 
S,E7000,MWH_LT20,KWH,X_TAX,EUR,DK	: 	0.087 	0.0957 	0.1095 	0.0944 	0.0792 	0.0864 	0.0918 	0.0992 	0.102 	0.0947 	0.0884 	0.0886 	0.0856 	0.0859 	0.0838 	0.0763 	0.0708 	0.0737 	0.0786 	0.0924 	0.0934 	0.0911 	0.0988 	0.1024 	0.1035 	0.0972 	0.0974 	0.1098 	0.1607 	0.2198 	0.3363 	0.2087 	0.1615 	0.1414 	0.1602 	0.1649 
S,E7000,MWH_LT20,KWH,X_TAX,EUR,EA	0.1371 	0.1262 	0.1255 	0.1311 	0.1372 	0.1387 	0.136 	0.1523 	0.1452 	0.1538 	0.1468 	0.1548 	0.1519 	0.1545 	0.1527 	0.1542 	0.1513 	0.1504 	0.1423 	0.1414 	0.1430 	0.1373 	0.1483 	0.1490 	0.1486 	0.1463 	0.1497 	0.1494 	0.1541 	0.1653 	0.2264 	0.2770 	0.2953 	0.2747 	0.2561 	0.2607 	0.2559 
S,E7000,MWH_LT20,KWH,X_TAX,EUR,EE	: 	0.0671 	0.0657 	0.0702 	0.0754 	0.0744 	0.0702 	0.0735 	0.0692 	0.0679 	0.0694 	0.0735 	0.0983 	0.1053 	0.0965 	0.0991 	0.0936 	0.0944 	0.0902 	0.095 	0.0927 	0.1001 	0.1008 	0.1109 	0.1051 	0.1082 	0.1012 	0.0980 	0.1156 	0.1740 	0.1726 	0.3305 	0.2360 	0.2408 	0.2102 	0.2058 	0.2011 
S,E7000,MWH_LT20,KWH,X_TAX,EUR,EL	: 	0.1237 	0.129 	0.1378 	0.1485 	0.1417 	0.1409 	0.1445 	0.1375 	0.1377 	0.1438 	0.1468 	0.1512 	0.1542 	0.1602 	0.1611 	0.1621 	0.1537 	0.15 	0.1456 	0.1363 	0.1203 	0.1240 	0.1226 	0.1305 	0.1259 	0.1256 	0.1300 	0.1414 	0.2130 	0.3171 	0.5072 	0.2518 	0.1893 	0.2200 	0.2323 	0.2437 
S,E7000,MWH_LT20,KWH,X_TAX,EUR,ES	: 	0.1514 	0.1305 	0.131 	0.1575 	0.1684 	0.1723 	0.1782 	0.1635 	0.1918 	0.1951 	0.2036 	0.2227 	0.238 	0.2611 	0.2782 	0.2596 	0.2566 	0.2357 	0.2354 	0.2441 	0.1983 	0.2713 	0.2326 	0.1755 d	0.1824 	0.1703 	0.1702 	0.1805 	0.1666 	0.2770 	0.3052 	0.2586 	0.2365 	0.2099 	0.2054 	0.2076 
S,E7000,MWH_LT20,KWH,X_TAX,EUR,EU27_2020	0.1303 	0.1235 	0.1247 	0.1308 	0.1335 	0.1358 	0.1351 	0.15 	0.1448 	0.1508 	0.1467 	0.154 	0.1498 	0.151 	0.1486 	0.1493 	0.1468 	0.1466 	0.1385 	0.1388 	0.1389 	0.1350 	0.1430 	0.1452 	0.1440 	0.1424 	0.1451 	0.1456 	0.1489 	0.1628 	0.2203 	0.2745 	0.2810 	0.2624 	0.2449 	0.2505 	0.2476 
S,E7000,MWH_LT20,KWH,X_TAX,EUR,FI	0.0709 	0.0736 	0.0744 	0.0788 	0.0813 	0.0811 	0.0836 	0.0838 	0.0882 	0.0899 	0.088 	0.0889 	0.0891 	0.0891 	0.0873 	0.0856 	0.0838 	0.0826 	0.08 	0.0817 	0.081 	0.0824 	0.0845 	0.0892 	0.0906 	0.0913 	0.0912 	0.0942 	0.0941 	0.1036 	0.1090 	0.1712 	0.1600 	0.1192 	0.1349 d	0.1151 d	0.1095 
S,E7000,MWH_LT20,KWH,X_TAX,EUR,FR	: 	0.0965 	0.0931 	0.1012 	0.0995 	0.1003 	0.0988 	0.1093 	0.1052 	0.1112 	0.0961 	0.1218 	0.1031 	0.119 	0.1082 	0.114 	0.1142 	0.1229 	0.1124 	0.1115 	0.1142 	0.1161 	0.1155 	0.1241 	0.1204 	0.1322 	0.1314 	0.1416 	0.1372 	0.1439 	0.1774 	0.1810 	0.2597 	0.2933 	0.2371 	0.2505 	0.2138 
S,E7000,MWH_LT20,KWH,X_TAX,EUR,GE	: 	: 	: 	: 	: 	: 	: 	: 	: 	: 	: 	: 	: 	: 	: 	: 	: 	: 	: 	: 	: 	: 	0.0588 	0.0661 	0.0690 	0.0549 	0.0591 	0.0502 	0.0722 	0.0706 	: 	0.1007 	0.0950 	0.0907 	0.0850 	0.0839 	0.0907 
S,E7000,MWH_LT20,KWH,X_TAX,EUR,HR	0.072 	0.0916 	0.0935 	0.1114 	0.1084 	0.1137 	0.1164 	0.1154 	0.1145 	0.1123 	0.1164 	0.1296 	0.1259 	0.125 	0.1248 	0.1216 	0.1172 	0.1173 	0.1189 	0.1186 	0.1176 	0.1072 	0.1164 	0.1182 	0.1279 	0.1325 	0.1310 	0.1256 	0.1265 	0.1426 	0.2056 	0.3452 	0.3999 	0.2710 	0.2643 	0.2582 	0.2618 
S,E7000,MWH_LT20,KWH,X_TAX,EUR,HU	: 	0.1089 	0.1463 	0.1472 	0.1117 	0.125 	0.1235 	0.1193 	0.1276 	0.1158 	0.1168 	0.1251 	0.107 	0.1057 	0.0992 	0.0969 	0.0991 	0.0972 	0.0922 	0.0999 	0.0944 e	0.0943 	0.1082 	0.1079 	0.1197 	0.1196 	0.1181 	0.1183 	0.1199 	0.1364 	0.1734 	0.2433 	0.3000 	0.2425 	0.2028 	0.2272 	0.2119 
S,E7000,MWH_LT20,KWH,X_TAX,EUR,IE	: 	0.1543 	0.1477 	0.1753 	0.1776 	0.1683 	0.1564 	0.1702 	0.1648 	0.1831 	0.1799 	0.1878 	0.1844 	0.1786 	0.1729 	0.1732 	0.1715 	0.1694 	0.1619 	0.16 	0.1563 	0.1605 	0.1632 	0.1772 	0.1917 	0.1923 	0.1997 	0.1996 	0.2089 	0.2296 	0.2791 	0.3522 	0.4025 	0.3987 	0.3256 	0.3543 	0.2960 
S,E7000,MWH_LT20,KWH,X_TAX,EUR,IS	: 	: 	: 	: 	: 	: 	: 	: 	: 	: 	: 	: 	: 	: 	: 	: 	: 	: 	0.0781 	0.0787 	0.088 p	: 	0.0786 e	0.0701 	0.0697 	0.0694 	0.0812 e	0.0776 	0.0795 e	0.0992 e	0.1050 e	0.1104 e	0.0880 e	0.1109 e	0.1237 e	0.1396 e	: 
S,E7000,MWH_LT20,KWH,X_TAX,EUR,IT	: 	: 	: 	: 	: 	: 	: 	0.2187 	0.1824 	0.1896 	0.1642 	0.178 	0.179 	0.1821 	0.1745 	0.1738 	0.1685 	0.1647 	0.1623 	0.1615 	0.145 	0.1393 	0.1370 	0.1502 	0.1868 	0.1779 	0.1773 	0.1599 	0.1727 	0.2056 	0.3115 	0.3871 	0.3109 	0.2588 	0.2549 	0.2717 	0.3045 
S,E7000,MWH_LT20,KWH,X_TAX,EUR,LI	: 	: 	: 	: 	: 	: 	: 	: 	: 	: 	: 	: 	: 	: 	: 	: 	: 	: 	: 	: 	0 	: 	: 	: 	: 	: 	: 	: 	: 	: 	: 	: 	: 	: 	: 	: 	: 
S,E7000,MWH_LT20,KWH,X_TAX,EUR,LT	: 	0.1068 	0.1018 	0.1072 	0.1125 	0.1057 	0.1204 	0.1158 	0.1317 	0.1292 	0.126 	0.1299 	0.1175 	0.1176 	0.1164 	0.1221 	0.1161 	0.1135 	0.1098 	0.1053 	0.0995 	0.1007 	0.0997 	0.1143 	0.1204 	0.1233 	0.1292 	0.1337 	0.1414 	0.1918 	0.2346 	0.3778 	0.3018 	0.2664 	0.2918 	0.2912 	0.2844 
S,E7000,MWH_LT20,KWH,X_TAX,EUR,LU	0.1778 	0.1446 	0.1446 	0.1446 	0.176 	0.1865 	0.1524 	0.154 	0.1576 	0.1555 	0.1612 	0.1531 	0.1503 	0.1526 	0.1519 	0.1468 	0.1352 	0.1352 	0.1349 	0.1349 	0.1057 	0.1105 	0.1294 	0.1232 	0.1205 	0.1173 	0.1230 	0.1302 	0.1302 	0.1318 	0.1563 	0.1597 	0.3019 	0.2734 	0.2556 	0.2709 	0.2588 
S,E7000,MWH_LT20,KWH,X_TAX,EUR,LV	: 	0.1304 	0.0889 	0.1006 	0.1148 	0.1161 	0.1152 	0.1162 	0.1263 	0.1436 	0.1422 	0.1202 	0.1264 	0.1191 	0.127 	0.1266 	0.1355 	0.1348 	0.1262 	0.156 	0.1564 	0.1568 	0.1437 	0.1435 	0.1447 	0.1549 	0.1461 	0.1510 	0.1533 	0.1882 	0.2238 	0.3164 	0.2631 	0.2197 	0.2465 	0.2484 	0.2419 
S,E7000,MWH_LT20,KWH,X_TAX,EUR,MD	: 	: 	: 	: 	: 	: 	: 	: 	: 	: 	: 	: 	: 	: 	: 	: 	0.0777 	0.0833 	0.0913 	0.0861 	0.0913 	0.0945 	0.0992 	0.0907 	0.0885 	0.0906 	0.0946 	0.0842 	0.0723 	0.0725 	0.0857 	0.1641 	0.1672 	0.1281 	0.1203 	0.1170 	0.1922 
S,E7000,MWH_LT20,KWH,X_TAX,EUR,ME	: 	: 	: 	: 	: 	: 	: 	: 	0.0895 	0.0721 	0.0824 	0.0855 	0.0861 	0.0879 	0.0885 	0.0892 	0.0898 	0.0898 	0.0889 	0.0892 	0.0848 	: 	0.0875 	0.0871 	0.0879 	0.0901 	0.0907 	0.0937 	0.0928 	0.0927 	0.0920 	0.0918 	0.0921 	0.0919 	0.0964 	0.0957 	0.1000 p
S,E7000,MWH_LT20,KWH,X_TAX,EUR,MK	: 	: 	: 	: 	: 	: 	: 	: 	: 	: 	: 	: @C	0.039 	0.041 	0.0418 	0.0414 	0.1363 	0.1346 	0.1341 	0.1299 	0.1255 	0.1249 	0.1236 	0.1224 	0.1218 	0.1242 	0.1117 	0.1161 	0.1229 	0.1876 	0.1958 	0.2713 	0.1872 	0.2015 	0.1789 	0.2289 	0.2501 
S,E7000,MWH_LT20,KWH,X_TAX,EUR,MT	: 	0.1307 	0.1307 	0.1776 	0.1675 	0.146 	0.241 	0.243 	0.244 	0.244 	0.245 	0.243 	0.245 	0.242 	0.243 	0.241 	0.2197 	0.1963 	0.2343 	0.1963 	0.197 	0.1938 	0.1979 	0.1970 	0.2377 	0.2365 	0.2428 	0.2383 	0.2383 	0.1904 	0.1907 	0.1877 	0.1910 	0.1890 	0.1902 	0.1854 	0.1852 p
S,E7000,MWH_LT20,KWH,X_TAX,EUR,NL	0.1301 	0.1274 	0.1201 	0.1238 	0.1226 	0.1169 	0.1123 	0.1145 	0.1056 	0.113 	0.1161 	0.1168 	0.1111 	0.115 	0.1242 	0.117 	0.1327 	0.1274 	0.1015 	0.1125 	0.1570 	0.1600 	0.1450 	0.1640 	0.1450 	0.1440 	0.1623 	0.1550 	0.1653 	0.1752 	0.2363 	0.3252 	0.4283 	0.3204 	0.3457 	0.3264 	0.3373 
S,E7000,MWH_LT20,KWH,X_TAX,EUR,NO	: 	0.0713 	0.0737 	0.085 	0.0697 	0.071 	0.1048 	0.0917 	0.1051 	0.082 	0.0781 	0.0725 	0.0793 	0.0733 	0.0684 	0.0679 	0.0632 	0.0532 	0.0567 	0.0627 	0.0659 	0.065 	0.0728 	0.0843 	0.0860 	0.0762 	0.0449 	0.0416 	0.0749 	0.1009 	0.1234 	0.1803 	0.1021 	0.0833 	0.0955 	0.0695 	0.0744 
S,E7000,MWH_LT20,KWH,X_TAX,EUR,PL	: 	0.1351 	0.1309 	0.1421 	0.1297 	0.1407 	0.1456 	0.1575 	0.1541 	0.1492 	0.1616 	0.1588 	0.15 	0.1422 	0.1454 	0.1464 	0.1482 	0.1467 	0.1357 	0.1343 	0.1274 	0.13 	0.1174 	0.1156 	0.1179 	0.1182 	0.1309 	0.1376 	0.1334 	0.1332 	0.1548 	0.2135 	0.2146 	0.2424 	0.2228 	0.2387 	0.2505 
S,E7000,MWH_LT20,KWH,X_TAX,EUR,PT	: 	0.095 	0.111 	0.114 	0.1365 	0.1465 	0.1123 	0.108 	0.1064 	0.1081 	0.1214 	0.125 	0.1284 	0.1267 	0.1597 	0.1585 	0.1704 	0.1677 	0.159 	0.1581 	0.1287 	0.1285 	0.1232 	0.1189 	0.1053 	0.1333 	0.1288 	0.1297 	0.1242 	0.1320 	0.1797 	0.2303 	0.3720 	0.2265 	0.1924 	0.1711 	0.1750 
S,E7000,MWH_LT20,KWH,X_TAX,EUR,RO	: 	0.1209 	0.1081 	0.1128 	0.1006 	0.102 	0.1072 	0.1056 	0.1056 	0.1044 	0.1032 	0.1028 	0.1176 	0.1113 	0.1026 	0.0968 	0.0988 	0.0975 	0.0918 	0.0873 	0.0826 	0.0847 	0.0896 	0.0921 	0.0962 	0.1000 	0.1129 	0.1060 	0.1049 	0.1243 	0.2486 d	0.3742 d	0.1733 	0.1752 	0.1566 	0.1595 	0.1688 
S,E7000,MWH_LT20,KWH,X_TAX,EUR,RS	: 	: 	: 	: 	: 	: 	: 	: 	: 	: 	: 	: 	0.0654 	0.0708 	0.0701 	0.0699 	0.0698 	0.0737 	0.0709 	0.0701 	0.073 	0.0762 	0.0774 	0.0790 	0.0773 	0.0823 	0.0845 	0.0847 	0.0820 	0.0879 	0.0887 	0.0989 	0.1072 	0.1203 	0.1231 	0.1207 	0.1224 
S,E7000,MWH_LT20,KWH,X_TAX,EUR,SE	0.0954 	0.0949 	0.1107 	0.1183 	0.1134 	0.1161 	0.1332 	0.1472 	0.16 	0.1476 	0.1651 	0.1793 	0.1484 	0.1464 	0.1412 	0.1325 	0.1306 	0.1402 	0.1244 	0.1456 	0.1348 	0.1411 	0.1337 	0.1672 	0.1438 	0.1452 	0.1199 	0.1284 	0.1254 	0.1781 	0.2050 	0.2539 	0.1906 	0.1671 	0.1771 	0.1758 	0.1846 
S,E7000,MWH_LT20,KWH,X_TAX,EUR,SI	: 	0.1215 	0.1374 	0.1444 	0.1584 	0.1549 	0.1295 	0.1301 	0.1271 	0.1311 	0.1315 	0.1351 	0.1258 	0.1278 	0.1223 	0.1191 	0.116 	0.1116 	0.1045 	0.104 	0.0996 	0.0992 	0.1096 	0.1082 	0.1137 	0.1147 	0.1114 	0.1219 	0.1196 	0.1189 	0.1335 	0.1969 	0.2307 	0.2261 	0.1972 	0.1958 	0.1709 
S,E7000,MWH_LT20,KWH,X_TAX,EUR,SK	: 	0.1448 	0.1722 	0.179 	0.2161 	0.2173 	0.1913 	0.1966 	0.1955 	0.1977 	0.2065 	0.1958 	0.2019 	0.1963 	0.1921 	0.1998 	0.2061 	0.2007 	0.2006 	0.1916 	0.1538 	0.1462 	0.1578 	0.1656 	0.1728 	0.1763 	0.1875 	0.1882 	0.1825 	0.1895 	0.2451 	0.2733 	0.3828 	0.3660 	0.2576 	0.2726 	0.2235 
S,E7000,MWH_LT20,KWH,X_TAX,EUR,TR	: 	0.0656 	0.0691 	0.0863 	0.0801 	0.0824 	0.0913 	0.0931 	0.0878 	0.0839 	0.0943 	0.1022 	0.097 	0.0845 	0.0754 	0.0798 	0.0809 	0.0806 	0.0765 	0.0764 	0.0659 	0.0592 	0.0579 	0.0619 	0.0762 	0.0856 	0.0871 	0.0641 	0.0745 	0.0700 	0.1296 	0.2365 	0.1572 	0.1158 	0.1076 	0.1257 	0.1033 
S,E7000,MWH_LT20,KWH,X_TAX,EUR,UA	: 	: 	: 	: 	: 	: 	: 	: 	: 	: 	: 	: 	: 	: 	: 	: 	: 	: 	: 	: 	0.0545 	: 	0.0632 	0.0645 	0.0723 	0.0769 	0.0650 	0.0599 	0.0718 	: 	: 	: 	: 	: 	: 	: 	: 
S,E7000,MWH_LT20,KWH,X_TAX,EUR,UK	0.1396 	0.1431 	0.1266 	0.1312 	0.1321 	0.1344 	0.1376 	0.1423 	0.1289 	0.1435 	0.147 	0.1554 	0.1417 	0.1589 	0.1619 	0.1726 	0.1509 	0.1466 	0.1282 	0.1143 	0.1301 	0.1271 	0.1361 	0.1426 	0.1360 	0.1432 	0.1444 	: 	: 	: 	: 	: 	: 	: 	: 	: 	: 
S,E7000,MWH_LT20,KWH,X_TAX,EUR,XK	: 	: 	: 	: 	: 	: 	: 	: 	: 	: 	: 	: 	0.1114 	0.1206 	0.1612 	0.1603 	0.1439 	0.1623 	0.1422 	0.1644 	0.1513 	0.1392 	0.1151 	0.1734 	0.1253 	0.1029 	0.1236 	0.1140 	0.1225 	0.1156 	0.1123 e	0.1135 	0.1330 	0.1273 	0.1334 	: @C	: 
S,E7000,MWH_LT20,KWH,X_TAX,NAC,AL	: 	: 	: 	: 	: 	: 	: 	: 	: 	: 	: 	: 	: 	: 	: 	: 	: 	: 	: 	: 	: 	: 	: 	: 	12.8800 e	: 	12.8300 e	12.8300 e	12.8100 e	12.8100 e	12.8100 	12.8100 	12.8100 e	12.8100 e	12.8100 	12.8100 e	14.0000 
S,E7000,MWH_LT20,KWH,X_TAX,NAC,AT	: 	0.1084 	0.1078 	0.1157 	0.134 	0.1358 	0.1282 	0.1314 	0.1273 	0.1318 	0.1255 	0.1263 	0.1282 	0.1312 	0.1288 	0.1179 	0.1149 	0.1206 	0.1169 	0.1157 	0.1154 	0.1188 	0.1205 	0.1231 	0.1284 	0.1243 	0.1212 	0.1313 	0.1342 	0.1452 	0.1603 	0.2127 	0.2778 	0.3002 	0.2835 	0.2655 	0.2578 
S,E7000,MWH_LT20,KWH,X_TAX,NAC,BA	: 	: 	: 	: 	: 	: 	: 	: 	: 	: 	0.2182 	0.2206 	0.222 	0.2218 	0.2206 	0.2167 	0.2164 	0.2119 	0.2144 	0.2162 	0.2081 	0.2115 	0.2083 	0.1987 	0.2037 	0.1988 	0.2140 	0.2123 	0.1994 	0.1964 	0.1919 	0.2390 	0.2727 	0.2671 	0.2608 	0.2756 	0.2560 
S,E7000,MWH_LT20,KWH,X_TAX,NAC,BE	: 	0.1311 	0.155 	0.1557 	0.1405 	0.1381 	0.1436 	0.1471 	0.1632 	0.1599 	0.1656 	0.1617 	0.1549 	0.1589 	0.1595 	0.1568 	0.1588 	0.1464 	0.1518 	0.1495 	0.1542 	0.1604 	0.1719 	0.1748 	0.1892 	0.1740 	0.1809 	0.1770 	0.1795 	0.1970 	0.2651 	0.3776 	0.3400 	0.2585 	0.2236 	0.2294 	0.2657 
S,E7000,MWH_LT20,KWH,X_TAX,NAC,BG	: 	0.132 	0.133 	0.149 	0.151 	0.149 	0.151 	0.1518 	0.1516 	0.1615 	0.1646 	0.1845 	0.2042 	0.1923 	0.1846 	0.1869 	0.1962 	0.2235 	0.2014 	0.2117 	0.2082 	0.2198 	0.2040 	0.2148 	0.2053 	0.2020 	0.1903 	0.2062 	0.1977 	0.3548 	0.4714 	0.6994 	0.3748 	0.3098 	0.2671 	0.3412 	0.3389 
S,E7000,MWH_LT20,KWH,X_TAX,NAC,CY	: 	0.0847 	0.1629 	0.1906 	0.1497 	0.1541 	0.1747 	0.1821 	0.192 	0.2248 	0.2565 	0.2707 	0.2486 	0.227 	0.2081 	0.2135 	0.1803 	0.1664 	0.1403 	0.1499 	0.1676 	0.1567 	0.1532 	0.1827 	0.1573 	0.1599 	0.1533 	0.1212 	0.1321 	0.1478 	0.1782 	0.2595 	0.2350 	0.2149 	0.2152 	0.2195 	0.2015 
S,E7000,MWH_LT20,KWH,X_TAX,NAC,CZ	: 	3.87 	4.12 	4.12 	4.4 	4.4 	4.383 	4.384 	4.476 	4.4658 	4.7078 	4.7075 	4.7644 	4.7646 	4.327 	4.3303 	4.242 	4.2435 	4.3193 	4.3279 	4.3385 	4.3393 	4.5128 	4.5534 	4.3423 	4.3995 	4.7894 	4.7475 	4.5752 	4.7653 	6.2509 	6.6920 	7.6322 	7.4355 	7.2074 	7.0250 	6.6185 
S,E7000,MWH_LT20,KWH,X_TAX,NAC,DE	0.1489 	0.1479 	0.1525 	0.1585 	0.1626 	0.1636 	0.1604 	0.1603 	0.1616 	0.1698 	0.166 	0.1655 	0.1625 	0.1513 	0.1423 	0.1403 	0.1349 	0.1334 	0.1287 	0.1252 	0.1203 	0.121 	0.1319 	0.1310 	0.1348 	0.1207 	0.1346 	0.1369 	0.1402 	0.1444 	0.1809 	0.2231 	0.2767 	0.2798 	0.2794 	0.2820 	0.2665 
S,E7000,MWH_LT20,KWH,X_TAX,NAC,DK	: 	0.6478 	0.7138 	0.8166 	0.7035 	0.5895 	0.6427 	0.6843 	0.74 	0.7595 	0.7041 	0.6586 	0.6607 	0.6381 	0.641 	0.6238 	0.5691 	0.528 	0.5491 	0.5848 	0.6875 	0.6947 	0.6785 	0.7372 	0.7644 	0.7725 	0.7253 	0.7250 	0.8166 	1.1951 	1.6355 	2.5014 	1.5544 	1.2043 	1.0543 	1.1947 	1.2300 
S,E7000,MWH_LT20,KWH,X_TAX,NAC,EA	: 	0.1295 	0.1347 	0.1425 	0.1487 	0.1502 	0.1463 	0.1533 	0.1453 	0.154 	0.1471 	0.1552 	0.1525 	0.1551 	0.1528 	0.1544 	0.1513 	0.1504 	0.1425 	0.1419 	: 	: 	: 	: 	: 	: 	: 	: 	: 	: 	: 	: 	: 	: 	: 	: 	: 
S,E7000,MWH_LT20,KWH,X_TAX,NAC,EE	: 	1.05 	1.028 	1.099 	1.179 	1.164 	1.098 	1.15 	0.0692 	0.0679 	0.0694 	0.0735 	0.0983 	0.1053 	0.0965 	0.0991 	0.0936 	0.0944 	0.0902 	0.095 	0.0927 	0.1001 	0.1008 	0.1109 	0.1051 	0.1082 	0.1012 	0.0980 	0.1156 	0.1740 	0.1726 	0.3305 	0.2360 	0.2408 	0.2102 	0.2058 	0.2011 
S,E7000,MWH_LT20,KWH,X_TAX,NAC,EL	: 	0.1237 	0.129 	0.1378 	0.1485 	0.1417 	0.1409 	0.1445 	0.1375 	0.1377 	0.1438 	0.1468 	0.1512 	0.1542 	0.1602 	0.1611 	0.1621 	0.1537 	0.15 	0.1456 	0.1363 	0.1203 	0.1240 	0.1226 	0.1305 	0.1259 	0.1256 	0.1300 	0.1414 	0.2130 	0.3171 	0.5072 	0.2518 	0.1893 	0.2200 	0.2323 	0.2437 
S,E7000,MWH_LT20,KWH,X_TAX,NAC,ES	: 	0.1514 	0.1305 	0.131 	0.1575 	0.1684 	0.1723 	0.1782 	0.1635 	0.1918 	0.1951 	0.2036 	0.2227 	0.238 	0.2611 	0.2782 	0.2596 	0.2566 	0.2357 	0.2354 	0.2441 	0.1983 	0.2713 	0.2326 	0.1755 d	0.1824 	0.1703 	0.1702 	0.1805 	0.1666 	0.2770 	0.3052 	0.2586 	0.2365 	0.2099 	0.2054 	0.2076 
S,E7000,MWH_LT20,KWH,X_TAX,NAC,FI	0.0709 	0.0736 	0.0744 	0.0788 	0.0813 	0.0811 	0.0836 	0.0838 	0.0882 	0.0899 	0.088 	0.0889 	0.0891 	0.0891 	0.0873 	0.0856 	0.0838 	0.0826 	0.08 	0.0817 	0.081 	0.0824 	0.0845 	0.0892 	0.0906 	0.0913 	0.0912 	0.0942 	0.0941 	0.1036 	0.1090 	0.1712 	0.1600 	0.1192 	0.1349 d	0.1151 d	0.1095 
S,E7000,MWH_LT20,KWH,X_TAX,NAC,FR	: 	0.0965 	0.0931 	0.1012 	0.0995 	0.1003 	0.0988 	0.1093 	0.1052 	0.1112 	0.0961 	0.1218 	0.1031 	0.119 	0.1082 	0.114 	0.1142 	0.1229 	0.1124 	0.1115 	0.1142 	0.1161 	0.1155 	0.1241 	0.1204 	0.1322 	0.1314 	0.1416 	0.1372 	0.1439 	0.1774 	0.1810 	0.2597 	0.2933 	0.2371 	0.2505 	0.2138 
S,E7000,MWH_LT20,KWH,X_TAX,NAC,GE	: 	: 	: 	: 	: 	: 	: 	: 	: 	: 	: 	: 	: 	: 	: 	: 	: 	: 	: 	: 	: 	: 	0.1757 	0.1981 	0.2108 	0.1788 	0.1974 	0.1890 	0.2890 	0.2560 	: 	0.2837 	0.2667 	0.2607 	0.2486 	0.2486 	0.2752 
S,E7000,MWH_LT20,KWH,X_TAX,NAC,HR	0.53 	0.67 	0.68 	0.8 	0.8 	0.83 	0.846 	0.844 	0.847 	0.84 	0.8779 	0.9723 	0.9528 	0.9485 	0.9518 	0.9293 	0.8941 	0.8919 	0.8993 	0.8904 	0.8756 	0.8017 	0.8636 	0.8771 	0.9489 	0.9829 	0.9868 	0.9474 	0.9553 	1.0708 	1.5508 	2.6011 	0.3999 	0.2710 	0.2643 	0.2582 	0.2618 
S,E7000,MWH_LT20,KWH,X_TAX,NAC,HU	: 	27.48 	37.12 	36.77 	32.4013 	33.9 	33.55 	33.3 	34.38 	33.4995 	34.5086 	35.426 	31.6599 	31.4657 	30.4404 	30.0677 	30.4724 	30.3593 	28.8206 	30.9999 	29.2155 e	29.1302 	33.9780 	34.9133 	38.3675 	39.4671 	40.7995 	42.2516 	42.9087 	49.0014 	65.0627 	99.0683 	114.1791 	92.8271 	79.0538 	91.0660 	85.7324 
S,E7000,MWH_LT20,KWH,X_TAX,NAC,IE	: 	0.1543 	0.1477 	0.1753 	0.1776 	0.1683 	0.1564 	0.1702 	0.1648 	0.1831 	0.1799 	0.1878 	0.1844 	0.1786 	0.1729 	0.1732 	0.1715 	0.1694 	0.1619 	0.16 	0.1563 	0.1605 	0.1632 	0.1772 	0.1917 	0.1923 	0.1997 	0.1996 	0.2089 	0.2296 	0.2791 	0.3522 	0.4025 	0.3987 	0.3256 	0.3543 	0.2960 
S,E7000,MWH_LT20,KWH,X_TAX,NAC,IS	: 	: 	: 	: 	: 	: 	: 	: 	: 	: 	: 	: 	: 	: 	: 	: 	: 	: 	10.9855 	9.9931 	10.2967 p	: 	9.7118 e	9.2139 	9.5460 	9.5407 	12.0600 e	12.4600 	12.0506 e	14.7600 e	14.8428 e	15.8000 e	13.3000 e	16.3300 e	18.4900 e	20.8200 e	: 
S,E7000,MWH_LT20,KWH,X_TAX,NAC,IT	: 	: 	: 	: 	: 	: 	: 	0.2187 	0.1824 	0.1896 	0.1642 	0.178 	0.179 	0.1821 	0.1745 	0.1738 	0.1685 	0.1647 	0.1623 	0.1615 	0.145 	0.1393 	0.1370 	0.1502 	0.1868 	0.1779 	0.1773 	0.1599 	0.1727 	0.2056 	0.3115 	0.3871 	0.3109 	0.2588 	0.2549 	0.2717 	0.3045 
S,E7000,MWH_LT20,KWH,X_TAX,NAC,LI	: 	: 	: 	: 	: 	: 	: 	: 	: 	: 	: 	: 	: 	: 	: 	: 	: 	: 	: 	: 	0 	: 	: 	: 	: 	: 	: 	: 	: 	: 	: 	: 	: 	: 	: 	: 	: 
S,E7000,MWH_LT20,KWH,X_TAX,NAC,LT	: 	0.3689 	0.3515 	0.3703 	0.3883 	0.365 	0.4158 	0.3998 	0.4546 	0.4462 	0.4351 	0.4486 	0.4057 	0.406 	0.402 	0.4215 	0.1161 	0.1135 	0.1098 	0.1053 	0.0995 	0.1007 	0.0997 	0.1143 	0.1204 	0.1233 	0.1292 	0.1337 	0.1414 	0.1918 	0.2346 	0.3778 	0.3018 	0.2664 	0.2918 	0.2912 	0.2844 
S,E7000,MWH_LT20,KWH,X_TAX,NAC,LU	0.1778 	0.1446 	0.1446 	0.1446 	0.176 	0.1865 	0.1524 	0.154 	0.1576 	0.1555 	0.1612 	0.1531 	0.1503 	0.1526 	0.1519 	0.1468 	0.1352 	0.1352 	0.1349 	0.1349 	0.1057 	0.1105 	0.1294 	0.1232 	0.1205 	0.1173 	0.1230 	0.1302 	0.1302 	0.1318 	0.1563 	0.1597 	0.3019 	0.2734 	0.2556 	0.2709 	0.2588 
S,E7000,MWH_LT20,KWH,X_TAX,NAC,LV	: 	0.0912 	0.0621 	0.0711 	0.0811 	0.0819 	0.0816 	0.0824 	0.0893 	0.1013 	0.0993 	0.0837 	0.0885 	0.0837 	0.127 	0.1266 	0.1355 	0.1348 	0.1262 	0.156 	0.1564 	0.1568 	0.1437 	0.1435 	0.1447 	0.1549 	0.1461 	0.1510 	0.1533 	0.1882 	0.2238 	0.3164 	0.2631 	0.2197 	0.2465 	0.2484 	0.2419 
S,E7000,MWH_LT20,KWH,X_TAX,NAC,MD	: 	: 	: 	: 	: 	: 	: 	: 	: 	: 	: 	: 	: 	: 	: 	: 	1.5694 	1.7989 	2.03 	1.8831 	1.9097 	1.9599 	2.0065 	1.7659 	1.7542 	1.7703 	1.8416 	1.6865 	1.5385 	1.4917 	1.7305 	3.2164 	3.3252 	2.4853 	2.3100 	2.2586 	3.7473 
S,E7000,MWH_LT20,KWH,X_TAX,NAC,ME	: 	: 	: 	: 	: 	: 	: 	: 	0.0895 	0.0721 	0.0824 	0.0855 	0.0861 	0.0879 	0.0885 	0.0892 	0.0898 	0.0898 	0.0889 	0.0892 	0.0848 	: 	0.0875 	0.0871 	0.0879 	0.0901 	0.0907 	0.0937 	0.0928 	0.0927 	0.0920 	0.0918 	0.0921 	0.0919 	0.0964 	0.0957 	0.1000 p
S,E7000,MWH_LT20,KWH,X_TAX,NAC,MK	: 	: 	: 	: 	: 	: 	: 	: 	: 	: 	: 	: @C	2.4033 	2.5245 	2.5783 	2.5494 	8.3953 	8.2965 	8.2696 	7.9899 	7.7301 	7.6859 	7.6031 	7.5257 	7.4951 	7.6384 	6.8887 	7.1602 	7.5748 	11.5623 	12.0801 	16.7045 	11.5334 	12.3930 	11.0099 	14.0770 	15.4029 
S,E7000,MWH_LT20,KWH,X_TAX,NAC,MT	: 	0.0561 	0.1307 	0.1776 	0.1675 	0.146 	0.241 	0.243 	0.244 	0.244 	0.245 	0.243 	0.245 	0.242 	0.243 	0.241 	0.2197 	0.1963 	0.2343 	0.1963 	0.197 	0.1938 	0.1979 	0.1970 	0.2377 	0.2365 	0.2428 	0.2383 	0.2383 	0.1904 	0.1907 	0.1877 	0.1910 	0.1890 	0.1902 	0.1854 	0.1852 p
S,E7000,MWH_LT20,KWH,X_TAX,NAC,NL	0.1301 	0.1274 	0.1201 	0.1238 	0.1226 	0.1169 	0.1123 	0.1145 	0.1056 	0.113 	0.1161 	0.1168 	0.1111 	0.115 	0.1242 	0.117 	0.1327 	0.1274 	0.1015 	0.1125 	0.1570 	0.1600 	0.1450 	0.1640 	0.1450 	0.1440 	0.1623 	0.1550 	0.1653 	0.1752 	0.2363 	0.3252 	0.4283 	0.3204 	0.3457 	0.3264 	0.3373 
S,E7000,MWH_LT20,KWH,X_TAX,NAC,NO	: 	0.563 	0.586 	0.7224 	0.62 	0.6078 	0.8392 	0.7341 	0.822 	0.6366 	0.5913 	0.535 	0.5967 	0.5929 	0.5662 	0.5726 	0.5463 	0.4912 	0.5347 	0.5747 	0.6051 	0.6164 	0.6981 	0.8092 	0.8368 	0.7601 	0.4825 	0.4459 	0.7626 	1.0239 	1.2315 	1.8429 	1.1561 	0.9601 	1.0974 	0.8175 	0.8670 
S,E7000,MWH_LT20,KWH,X_TAX,NAC,PL	: 	0.5033 	0.4569 	0.5026 	0.5806 	0.5889 	0.5825 	0.6282 	0.6091 	0.6396 	0.686 	0.6548 	0.6264 	0.5996 	0.6072 	0.614 	0.6136 	0.6197 	0.593 	0.5853 	0.5437 	0.5519 	0.4955 	0.4972 	0.5061 	0.5084 	0.5778 	0.6153 	0.6054 	0.6118 	0.7177 	1.0111 	0.9920 	1.0808 	0.9617 	1.0252 	1.0602 
S,E7000,MWH_LT20,KWH,X_TAX,NAC,PT	: 	0.095 	0.111 	0.114 	0.1365 	0.1465 	0.1123 	0.108 	0.1064 	0.1081 	0.1214 	0.125 	0.1284 	0.1267 	0.1597 	0.1585 	0.1704 	0.1677 	0.159 	0.1581 	0.1287 	0.1285 	0.1232 	0.1189 	0.1053 	0.1333 	0.1288 	0.1297 	0.1242 	0.1320 	0.1797 	0.2303 	0.3720 	0.2265 	0.1924 	0.1711 	0.1750 
S,E7000,MWH_LT20,KWH,X_TAX,NAC,RO	: 	0.4037 	0.3967 	0.4169 	0.4259 	0.433 	0.445 	0.4511 	0.4415 	0.4487 	0.453 	0.4653 	0.5164 	0.4946 	0.4582 	0.4283 	0.4395 	0.4332 	0.4125 	0.3916 	0.3749 	0.3897 	0.4170 	0.4288 	0.4563 	0.4749 	0.5440 	0.5148 	0.5140 	0.6141 	1.2296 d	1.8402 d	0.8552 	0.8688 	0.7789 	0.7935 	0.8447 
S,E7000,MWH_LT20,KWH,X_TAX,NAC,RS	: 	: 	: 	: 	: 	: 	: 	: 	: 	: 	: 	: 	7.3181 	8.0863 	8.1061 	8.3098 	8.4404 	8.8798 	8.7154 	8.6406 	9.0004 	9.1016 	9.1559 	9.3472 	9.1343 	9.6761 	9.9406 	9.9628 	9.6401 	10.3366 	10.4319 	11.6051 	12.5788 	14.1045 	14.4262 	14.1236 	14.3435 
S,E7000,MWH_LT20,KWH,X_TAX,NAC,SE	0.88 	0.88 	1.038 	1.166 	1.232 	1.206 	1.304 	1.369 	1.43 	1.3456 	1.4667 	1.529 	1.2664 	1.2836 	1.2643 	1.224 	1.2199 	1.3132 	1.1569 	1.403 	1.2939 	1.3648 	1.3570 	1.7331 	1.5129 	1.5476 	1.2783 	1.3245 	1.2708 	1.8099 	2.1487 	2.7366 	2.1601 	1.9421 	2.0177 	2.0171 	2.0477 
S,E7000,MWH_LT20,KWH,X_TAX,NAC,SI	: 	0.1215 	0.1374 	0.1444 	0.1584 	0.1549 	0.1295 	0.1301 	0.1271 	0.1311 	0.1315 	0.1351 	0.1258 	0.1278 	0.1223 	0.1191 	0.116 	0.1116 	0.1045 	0.104 	0.0996 	0.0992 	0.1096 	0.1082 	0.1137 	0.1147 	0.1114 	0.1219 	0.1196 	0.1189 	0.1335 	0.1969 	0.2307 	0.2261 	0.1972 	0.1958 	0.1709 
S,E7000,MWH_LT20,KWH,X_TAX,NAC,SK	: 	4.85 	5.55 	5.43 	0.2161 	0.2173 	0.1913 	0.1966 	0.1955 	0.1977 	0.2065 	0.1958 	0.2019 	0.1963 	0.1921 	0.1998 	0.2061 	0.2007 	0.2006 	0.1916 	0.1538 	0.1462 	0.1578 	0.1656 	0.1728 	0.1763 	0.1875 	0.1882 	0.1825 	0.1895 	0.2451 	0.2733 	0.3828 	0.3660 	0.2576 	0.2726 	0.2235 
S,E7000,MWH_LT20,KWH,X_TAX,NAC,TR	: 	0.1146 	0.1305 	0.1662 	0.1725 	0.1792 	0.1846 	0.1837 	0.1938 	0.2069 	0.2203 	0.2342 	0.231 	0.2267 	0.2236 	0.2271 	0.2316 	0.2563 	0.2492 	0.262 	0.2596 	0.2547 	0.2872 	0.3985 	0.4847 	0.5446 	0.6231 	0.5722 	0.7094 	0.8022 	2.1075 	4.3842 	3.3952 	3.4675 	3.6827 	4.6342 	4.2461 
S,E7000,MWH_LT20,KWH,X_TAX,NAC,UA	: 	: 	: 	: 	: 	: 	: 	: 	: 	: 	: 	: 	: 	: 	: 	: 	: 	: 	: 	: 	1.58 	: 	2.0500 	2.0541 	2.1992 	2.1120 	1.8591 	1.9735 	2.4052 	: 	: 	: 	: 	: 	: 	: 	: 
S,E7000,MWH_LT20,KWH,X_TAX,NAC,UK	0.0942 	0.0993 	0.0981 	0.1072 	0.1181 	0.1194 	0.1197 	0.1204 	0.1119 	0.1245 	0.1209 	0.1242 	0.1206 	0.1347 	0.133 	0.1366 	0.1105 	0.1055 	0.0998 	0.0982 	0.112 	0.1134 	0.1197 	0.1268 	0.1188 	0.1262 	0.1263 	: 	: 	: 	: 	: 	: 	: 	: 	: 	: 
S,E7000,MWH_LT20,KWH,X_TAX,NAC,XK	: 	: 	: 	: 	: 	: 	: 	: 	: 	: 	: 	: 	0.1114 	0.1206 	0.1612 	0.1603 	0.1439 	0.1623 	0.1422 	0.1644 	0.1513 	0.1392 	0.1151 	0.1734 	0.1253 	0.1029 	0.1236 	0.1140 	0.1225 	0.1156 	0.1123 e	0.1135 	0.1330 	0.1273 	0.1334 	: @C	: 
S,E7000,MWH_LT20,KWH,X_TAX,PPS,AL	: 	: 	: 	: 	: 	: 	: 	: 	: 	: 	: 	: 	: 	: 	: 	: 	: 	: 	: 	: 	: 	: 	: 	: 	0.2092 e	: 	0.2017 e	0.2017 e	0.1990 e	0.1990 e	0.1998 	0.1998 	0.2010 e	0.2014 e	0.2036 	0.2048 e	0.2253 
S,E7000,MWH_LT20,KWH,X_TAX,PPS,AT	: 	0.1014 	0.0988 	0.106 	0.1194 	0.121 	0.1163 	0.1192 	0.115 	0.119 	0.1139 	0.1146 	0.1147 	0.1174 	0.1165 	0.1067 	0.104 	0.111 	0.1095 	0.1084 	0.1023 	0.1053 	0.1069 	0.1092 	0.1130 	0.1094 	0.1060 	0.1149 	0.1174 	0.1257 	0.1388 	0.1865 	0.2474 	0.2674 	0.2503 	0.2343 	0.2245 
S,E7000,MWH_LT20,KWH,X_TAX,PPS,BA	: 	: 	: 	: 	: 	: 	: 	: 	: 	: 	0.2312 	0.2338 	0.2328 	0.2326 	0.2334 	0.2293 	0.2289 	0.2299 	0.232 	0.2336 	0.2099 	0.2134 	0.2094 	0.1997 	0.2028 	0.1979 	0.2136 	0.2119 	0.1991 	0.1931 	0.1887 	0.2347 	0.2563 	0.2468 	0.2445 	0.2568 	0.2218 
S,E7000,MWH_LT20,KWH,X_TAX,PPS,BE	: 	0.12 	0.1386 	0.1392 	0.1231 	0.121 	0.1295 	0.1326 	0.147 	0.1441 	0.1495 	0.146 	0.1376 	0.1411 	0.1437 	0.1413 	0.1431 	0.1326 	0.1403 	0.1399 	0.1365 	0.142 	0.1523 	0.1549 	0.1677 	0.1542 	0.1621 	0.1587 	0.1609 	0.1770 	0.2386 	0.3398 	0.3054 	0.2310 	0.1993 	0.2033 	0.2367 
S,E7000,MWH_LT20,KWH,X_TAX,PPS,BG	: 	0.1683 	0.1591 	0.1782 	0.1727 	0.1704 	0.1742 	0.1751 	0.1637 	0.1744 	0.179 	0.2006 	0.2195 	0.2067 	0.2002 	0.2027 	0.2127 	0.2473 	0.2234 	0.2335 	0.2114 	0.2232 	0.2028 	0.2136 	0.1974 	0.1942 	0.1806 	0.1957 	0.1876 	0.3287 	0.4367 	0.6449 	0.3179 	0.2628 	0.2262 	0.2890 	0.2824 
S,E7000,MWH_LT20,KWH,X_TAX,PPS,CY	: 	0.166 	0.1857 	0.2173 	0.1684 	0.1733 	0.1969 	0.2052 	0.2086 	0.2443 	0.2825 	0.2982 	0.2786 	0.2544 	0.2367 	0.2429 	0.2051 	0.1827 	0.1587 	0.1695 	0.1878 	0.1756 	0.1707 	0.2035 	0.1736 	0.1764 	0.1674 	0.1323 	0.1442 	0.1612 	0.1944 	0.2864 	0.2569 	0.2357 	0.2395 	0.2410 	0.2206 
S,E7000,MWH_LT20,KWH,X_TAX,PPS,CZ	: 	0.2252 	0.2257 	0.2257 	0.2381 	0.2381 	0.2398 	0.2398 	0.2521 	0.2515 	0.2665 	0.2665 	0.2686 	0.2686 	0.2451 	0.2453 	0.2403 	0.2433 	0.2498 	0.2524 	0.2398 	0.2398 	0.2473 	0.2495 	0.2328 	0.2359 	0.2502 	0.2480 	0.2390 	0.2462 	0.3229 	0.3482 	0.3841 	0.3752 	0.3593 	0.3459 	0.3261 
S,E7000,MWH_LT20,KWH,X_TAX,PPS,DE	0.1455 	0.1445 	0.1468 	0.1526 	0.1512 	0.1521 	0.1537 	0.1536 	0.1555 	0.1634 	0.1606 	0.1602 	0.1546 	0.1439 	0.1366 	0.1347 	0.1295 	0.1279 	0.1247 	0.1208 	0.1109 	0.1116 	0.1214 	0.1206 	0.1219 	0.1092 	0.1218 	0.1239 	0.1269 	0.1300 	0.1629 	0.2009 	0.2471 	0.2501 	0.2484 	0.2520 	0.2386 
S,E7000,MWH_LT20,KWH,X_TAX,PPS,DK	: 	0.0638 	0.0696 	0.0796 	0.0676 	0.0566 	0.0633 	0.0674 	0.0735 	0.0754 	0.0699 	0.0654 	0.0657 	0.0635 	0.0637 	0.062 	0.0586 	0.0544 	0.0549 	0.0585 	0.0687 	0.0694 	0.0680 	0.0738 	0.0771 	0.0780 	0.0731 	0.0730 	0.0823 	0.1210 	0.1645 	0.2517 	0.1579 	0.1215 	0.1070 	0.1212 	0.1261 
S,E7000,MWH_LT20,KWH,X_TAX,PPS,EA	: 	0.1289 	0.131 	0.1386 	0.1418 	0.1432 	0.1406 	0.1473 	0.1399 	0.1483 	0.1431 	0.1509 	0.1477 	0.1502 	0.1493 	0.1508 	0.1506 	0.1497 	0.1389 	0.1383 	0.1405 	0.1340 	0.1450 	0.1451 	0.1440 	0.1422 	0.1447 	0.1442 	0.1491 	0.1606 	0.2217 	0.2718 	0.2850 	0.2636 	0.2455 	0.2511 	0.2478 
S,E7000,MWH_LT20,KWH,X_TAX,PPS,EE	: 	0.0988 	0.0926 	0.099 	0.1076 	0.1062 	0.1035 	0.1084 	0.0996 	0.0977 	0.0979 	0.1036 	0.1348 	0.1444 	0.1292 	0.1327 	0.1254 	0.1302 	0.1238 	0.1333 	0.119 	0.1285 	0.1265 	0.1392 	0.1293 	0.1332 	0.1261 	0.1221 	0.1441 	0.2124 	0.2107 	0.4032 	0.2664 	0.2684 	0.2336 	0.2241 	0.2200 
S,E7000,MWH_LT20,KWH,X_TAX,PPS,EL	: 	0.1397 	0.1438 	0.1536 	0.1601 	0.1528 	0.1533 	0.1572 	0.1482 	0.1484 	0.1608 	0.1642 	0.1771 	0.1807 	0.1932 	0.1943 	0.1955 	0.1922 	0.1818 	0.1764 	0.1628 	0.1437 	0.1490 	0.1473 	0.1582 	0.1526 	0.1518 	0.1571 	0.1709 	0.2595 	0.3854 	0.6164 	0.3070 	0.2308 	0.2716 	0.2868 	0.2999 
S,E7000,MWH_LT20,KWH,X_TAX,PPS,ES	: 	0.1686 	0.1416 	0.1421 	0.167 	0.1786 	0.1833 	0.1896 	0.1752 	0.2056 	0.2155 	0.2249 	0.2473 	0.2643 	0.2919 	0.311 	0.2902 	0.2866 	0.2663 	0.2633 	0.2657 	0.2159 	0.2911 	0.2496 	0.1883 d	0.1957 	0.1814 	0.1813 	0.1922 	0.1781 	0.2961 	0.3233 	0.2773 	0.2536 	0.2293 	0.2289 	0.2314 
S,E7000,MWH_LT20,KWH,X_TAX,PPS,EU27_2020	: 	: 	: 	: 	: 	: 	: 	: 	: 	: 	: 	: 	: 	: 	: 	: 	: 	: 	: 	: 	0.1464 	0.1419 	0.1495 	0.1514 	0.1496 	0.1487 	0.1519 	0.1526 	0.1558 	0.1702 	0.2304 	0.2912 	0.2894 	0.2701 	0.2484 	0.2558 	0.2529 
S,E7000,MWH_LT20,KWH,X_TAX,PPS,FI	0.0612 	0.0635 	0.0633 	0.0671 	0.0677 	0.0675 	0.0701 	0.0702 	0.0733 	0.0747 	0.0729 	0.0737 	0.0722 	0.0722 	0.0702 	0.0688 	0.0674 	0.0665 	0.0655 	0.0674 	0.0652 	0.0663 	0.0673 	0.0710 	0.0721 	0.0727 	0.0721 	0.0745 	0.0744 	0.0833 	0.0874 	0.1373 	0.1290 	0.0961 	0.1123 d	0.0959 d	0.0912 
S,E7000,MWH_LT20,KWH,X_TAX,PPS,FR	: 	0.0877 	0.0824 	0.0896 	0.0869 	0.0876 	0.088 	0.0974 	0.094 	0.0994 	0.0856 	0.1085 	0.0912 	0.1073 	0.0983 	0.104 	0.1066 	0.1147 	0.1023 	0.1015 	0.1018 	0.1035 	0.1037 	0.1114 	0.1107 	0.1215 	0.1207 	0.1301 	0.1261 	0.1324 	0.1637 	0.1670 	0.2391 	0.2685 	0.2171 	0.2293 	0.1963 
S,E7000,MWH_LT20,KWH,X_TAX,PPS,HR	0.112 	0.1416 	0.1387 	0.1631 	0.1562 	0.1621 	0.165 	0.1646 	0.1692 	0.1678 	0.182 	0.2016 	0.198 	0.1971 	0.1968 	0.1921 	0.1848 	0.1853 	0.1895 	0.1881 	0.1809 	0.1656 	0.1773 	0.1801 	0.1948 	0.2017 	0.2030 	0.1949 	0.1965 	0.2183 	0.3162 	0.5298 	0.6007 	0.4022 	0.3825 	0.3778 	0.3672 
S,E7000,MWH_LT20,KWH,X_TAX,PPS,HU	: 	0.1698 	0.224 	0.2219 	0.1941 	0.2031 	0.2041 	0.2026 	0.2078 	0.2025 	0.205 	0.2105 	0.1849 	0.1838 	0.1742 	0.172 	0.1744 	0.1736 	0.1641 	0.1771 	0.1475 e	0.147 	0.1654 	0.1699 	0.1799 	0.1851 	0.1832 	0.1897 	0.1838 	0.2112 	0.2573 	0.3918 	0.4516 	0.3671 	0.2906 	0.3403 	0.3059 
S,E7000,MWH_LT20,KWH,X_TAX,PPS,IE	: 	0.1306 	0.1213 	0.1439 	0.1498 	0.1419 	0.1416 	0.1541 	0.1494 	0.166 	0.1641 	0.1713 	0.1673 	0.1621 	0.1554 	0.1556 	0.1541 	0.152 	0.1458 	0.1484 	0.1351 	0.1387 	0.1397 	0.1519 	0.1596 	0.1601 	0.1666 	0.1642 	0.1742 	0.1915 	0.2365 	0.2963 	0.3363 	0.3354 	0.2711 	0.2993 	0.2501 
S,E7000,MWH_LT20,KWH,X_TAX,PPS,IS	: 	: 	: 	: 	: 	: 	: 	: 	: 	: 	: 	: 	: 	: 	: 	: 	: 	: 	0.0589 	0.0532 	0.0532 p	: 	0.0476 e	0.0452 	0.0456 	0.0456 	0.0538 e	0.0556 	0.0538 e	0.0654 e	0.0658 e	0.0700 e	0.0606 e	0.0733 e	0.0825 e	0.0912 e	: 
S,E7000,MWH_LT20,KWH,X_TAX,PPS,IT	: 	: 	: 	: 	: 	: 	: 	0.2139 	0.179 	0.1861 	0.1635 	0.1772 	0.1774 	0.1805 	0.1738 	0.1731 	0.1679 	0.1637 	0.1653 	0.1645 	0.1443 	0.1387 	0.1366 	0.1498 	0.1877 	0.1787 	0.1785 	0.1610 	0.1738 	0.2097 	0.3177 	0.3963 	0.3234 	0.2697 	0.2640 	0.2825 	0.3184 
S,E7000,MWH_LT20,KWH,X_TAX,PPS,LT	: 	0.1858 	0.1616 	0.1703 	0.1815 	0.1706 	0.2037 	0.1958 	0.2181 	0.2141 	0.209 	0.2155 	0.1916 	0.1918 	0.1899 	0.1991 	0.1885 	0.1881 	0.1816 	0.1769 	0.1543 	0.1562 	0.1513 	0.1735 	0.1795 	0.1838 	0.1895 	0.1961 	0.2074 	0.2757 	0.3372 	0.5472 	0.4011 	0.3541 	0.3778 	0.3743 	0.3639 
S,E7000,MWH_LT20,KWH,X_TAX,PPS,LU	0.156 	0.1269 	0.1247 	0.1247 	0.146 	0.1547 	0.1261 	0.1274 	0.1329 	0.1312 	0.1365 	0.1296 	0.124 	0.1259 	0.1274 	0.1231 	0.1134 	0.1127 	0.1145 	0.1142 	0.0856 	0.0894 	0.1036 	0.0986 	0.0956 	0.0930 	0.0951 	0.1006 	0.1006 	0.1033 	0.1225 	0.1233 	0.2326 	0.2067 	0.1932 	0.2060 	0.1961 
S,E7000,MWH_LT20,KWH,X_TAX,PPS,LV	: 	0.1956 	0.1229 	0.1408 	0.1685 	0.1702 	0.1762 	0.1779 	0.1891 	0.2145 	0.2068 	0.1743 	0.1821 	0.1722 	0.1852 	0.1846 	0.1976 	0.1997 	0.1896 	0.2353 	0.2217 	0.2222 	0.1984 	0.1982 	0.1957 	0.2095 	0.1979 	0.2046 	0.2077 	0.2481 	0.2915 	0.4121 	0.3295 	0.2744 	0.3057 	0.3213 	0.3138 
S,E7000,MWH_LT20,KWH,X_TAX,PPS,ME	: 	: 	: 	: 	: 	: 	: 	: 	0.1823 	0.1469 	0.1678 	0.1741 	0.1716 	0.1752 	0.1723 	0.1737 	0.1861 	0.1861 	0.1814 	0.1848 	0.1701 	: 	0.1706 	0.1698 	0.1732 	0.1775 	0.1798 	0.1858 	0.1840 	0.1781 	0.1767 	0.1783 	0.1718 	0.1683 	0.1694 	0.1701 	0.1782 p
S,E7000,MWH_LT20,KWH,X_TAX,PPS,MK	: 	: 	: 	: 	: 	: 	: 	: 	: 	: 	: 	: @C	0.0939 	0.0986 	0.101 	0.0999 	0.3335 	0.3295 	0.3252 	0.3113 	0.2798 	0.2782 	0.2709 	0.2681 	0.2675 	0.2726 	0.2432 	0.2528 	0.2674 	0.3948 	0.4125 	0.5824 	0.3916 	0.4243 	0.3693 	0.4513 	0.4938 
S,E7000,MWH_LT20,KWH,X_TAX,PPS,MT	: 	0.1869 	0.1822 	0.2476 	0.2303 	0.2007 	0.3299 	0.3327 	0.3227 	0.3227 	0.3196 	0.317 	0.3141 	0.3103 	0.3031 	0.3007 	0.274 	0.2448 	0.2922 	0.2446 	0.2369 	0.2331 	0.2298 	0.2287 	0.2769 	0.2755 	0.2768 	0.2717 	0.2717 	0.2156 	0.2184 	0.2119 	0.2130 	0.2107 	0.2095 	0.2042 	0.2036 p
S,E7000,MWH_LT20,KWH,X_TAX,PPS,NL	0.1231 	0.1206 	0.1114 	0.1148 	0.1096 	0.1045 	0.1009 	0.1029 	0.0959 	0.1027 	0.1059 	0.1066 	0.1015 	0.1051 	0.1135 	0.1069 	0.1223 	0.1174 	0.0936 	0.1042 	0.1379 	0.1405 	0.1266 	0.1432 	0.1229 	0.1220 	0.1393 	0.1330 	0.1423 	0.1509 	0.2019 	0.2778 	0.3644 	0.2726 	0.2949 	0.2785 	0.2878 
S,E7000,MWH_LT20,KWH,X_TAX,PPS,NO	: 	0.0521 	0.0523 	0.0645 	0.0521 	0.051 	0.0711 	0.0622 	0.069 	0.0535 	0.0504 	0.0456 	0.049 	0.0486 	0.0452 	0.0457 	0.0436 	0.0391 	0.0416 	0.0443 	0.0433 	0.0441 	0.0493 	0.0572 	0.0576 	0.0523 	0.0319 	0.0294 	0.0504 	0.0706 	0.0850 	0.1284 	0.0847 	0.0708 	0.0772 	0.0576 	0.0600 
S,E7000,MWH_LT20,KWH,X_TAX,PPS,PL	: 	0.2216 	0.1923 	0.2115 	0.2342 	0.2376 	0.2443 	0.2634 	0.2515 	0.2641 	0.2844 	0.2715 	0.2597 	0.2486 	0.2508 	0.2536 	0.2535 	0.2576 	0.2508 	0.2477 	0.2142 	0.2174 	0.1923 	0.1930 	0.1926 	0.1935 	0.2156 	0.2296 	0.2259 	0.2223 	0.2473 	0.3484 	0.3445 	0.3753 	0.3134 	0.3341 	0.3424 
S,E7000,MWH_LT20,KWH,X_TAX,PPS,PT	: 	0.1168 	0.1336 	0.1372 	0.1621 	0.174 	0.1356 	0.1304 	0.1296 	0.1317 	0.1523 	0.1569 	0.1647 	0.1625 	0.2053 	0.2038 	0.219 	0.2152 	0.2042 	0.2022 	0.1535 	0.1533 	0.1462 	0.1411 	0.1254 	0.1587 	0.1514 	0.1524 	0.1460 	0.1541 	0.2098 	0.2690 	0.4351 	0.2686 	0.2326 	0.2078 	0.2122 
S,E7000,MWH_LT20,KWH,X_TAX,PPS,RO	: 	0.2166 	0.1941 	0.204 	0.2022 	0.2056 	0.2134 	0.2163 	0.2093 	0.2127 	0.2133 	0.2191 	0.2343 	0.2244 	0.2005 	0.1875 	0.1924 	0.1966 	0.1872 	0.1796 	0.1595 	0.1658 	0.1692 	0.1740 	0.1812 	0.1886 	0.2129 	0.2015 	0.2011 	0.2347 	0.4458 d	0.6672 d	0.3101 	0.3150 	0.2770 	0.2799 	0.2846 
S,E7000,MWH_LT20,KWH,X_TAX,PPS,RS	: 	: 	: 	: 	: 	: 	: 	: 	: 	: 	: 	: 	0.133 	0.1469 	0.1425 	0.1461 	0.1484 	0.1651 	0.16 	0.1596 	0.1514 	0.1531 	0.1515 	0.1547 	0.1489 	0.1577 	0.1590 	0.1594 	0.1542 	0.1614 	0.1629 	0.1815 	0.1865 	0.2060 	0.2008 	0.1979 	0.1995 
S,E7000,MWH_LT20,KWH,X_TAX,PPS,SE	0.0804 	0.0804 	0.0924 	0.1038 	0.1039 	0.1018 	0.1107 	0.1162 	0.1219 	0.1147 	0.1264 	0.1318 	0.1086 	0.1101 	0.1067 	0.1033 	0.103 	0.1095 	0.0965 	0.1174 	0.1004 	0.1059 	0.1038 	0.1326 	0.1145 	0.1171 	0.0966 	0.1001 	0.0966 	0.1376 	0.1633 	0.2080 	0.1603 	0.1437 	0.1483 	0.1493 	0.1522 
S,E7000,MWH_LT20,KWH,X_TAX,PPS,SI	: 	0.1567 	0.1692 	0.1778 	0.1849 	0.1808 	0.1541 	0.1548 	0.1521 	0.1569 	0.1625 	0.167 	0.1562 	0.1587 	0.153 	0.149 	0.1451 	0.1396 	0.1327 	0.1328 	0.12 	0.1195 	0.1308 	0.1291 	0.1358 	0.1369 	0.1325 	0.1450 	0.1423 	0.1402 	0.1574 	0.2318 	0.2684 	0.2665 	0.2279 	0.2273 	0.1959 
S,E7000,MWH_LT20,KWH,X_TAX,PPS,SK	: 	0.2137 	0.2597 	0.2541 	0.318 	0.3198 	0.2862 	0.2941 	0.2845 	0.2877 	0.3024 	0.2867 	0.2972 	0.2889 	0.2883 	0.2999 	0.3093 	0.3089 	0.3067 	0.2949 	0.2045 	0.1944 	0.2055 	0.2156 	0.2195 	0.2239 	0.2329 	0.2338 	0.2267 	0.2342 	0.3029 	0.3397 	0.4620 	0.4616 	0.3179 	0.3406 	0.2787 
S,E7000,MWH_LT20,KWH,X_TAX,PPS,TR	: 	0.1076 	0.1145 	0.1459 	0.1423 	0.1478 	0.1498 	0.1491 	0.1474 	0.1574 	0.1593 	0.1693 	0.1569 	0.1539 	0.1409 	0.1431 	0.1459 	0.164 	0.15 	0.1575 	0.1288 	0.1264 	0.1192 	0.1654 	0.1717 	0.1930 	0.1895 	0.1740 	0.2157 	0.1925 	0.5056 	0.6045 	0.4576 	0.4673 	0.3303 	0.2561 	0.2346 
S,E7000,MWH_LT20,KWH,X_TAX,PPS,UK	0.1184 	0.1248 	0.1177 	0.1287 	0.1354 	0.1369 	0.1322 	0.133 	0.1207 	0.1343 	0.1322 	0.1358 	0.1304 	0.1456 	0.1419 	0.1457 	0.1198 	0.1144 	0.1082 	0.1065 	0.1123 	0.1137 	0.1187 	0.1258 	0.1167 	0.1239 	0.1225 	: 	: 	: 	: 	: 	: 	: 	: 	: 	: 
S,E7000,MWH_LT20,KWH,X_VAT,EUR,AL	: 	: 	: 	: 	: 	: 	: 	: 	: 	: 	: 	: 	: 	: 	: 	: 	: 	: 	: 	: 	: 	: 	: 	: 	0.1040 e	: 	0.1037 e	0.1036 e	0.1039 e	0.1053 e	0.1057 	0.1097 	0.1135 e	0.1223 e	0.1252 	0.1292 e	0.1420 
S,E7000,MWH_LT20,KWH,X_VAT,EUR,AT	: 	0.1256 	0.1236 	0.1337 	0.158 	0.1599 	0.1527 	0.1557 	0.1518 	0.1571 	0.1487 	0.1508 	0.1553 	0.1587 	0.1618 	0.1552 	0.157 	0.1647 	0.1601 	0.1606 	0.1585 	0.1584 	0.1583 	0.1602 	0.1656 	0.1591 	0.1563 	0.1704 	0.1768 	0.1897 	0.1882 	0.2279 e	0.2650 e	0.2920 e	0.2668 e	0.2537 e	0.2752 e
S,E7000,MWH_LT20,KWH,X_VAT,EUR,BA	: 	: 	: 	: 	: 	: 	: 	: 	: 	: 	0.1113 	0.1126 	0.1133 	0.1132 	0.1126 	0.1106 	0.1106 	0.1083 	0.1096 	0.1105 	0.1077 	0.1096 	0.1081 	0.1032 	0.1059 	0.1039 	0.1116 	0.1111 	0.1046 	0.1032 	0.1006 	0.1247 	0.1399 	0.1371 	0.1339 	0.1414 	0.1314 
S,E7000,MWH_LT20,KWH,X_VAT,EUR,BE	: 	0.1436 	0.1678 	0.1713 	0.1545 	0.1523 	0.1597 	0.1637 	0.1819 	0.1755 	0.1803 	0.1766 	0.1735 	0.1779 	0.1794 	0.1778 	0.1786 	0.1781 	0.1955 	0.196 	0.2044 	0.2145 	0.2393 	0.2404 	0.2355 	0.2222 	0.2271 	0.2237 	0.2294 	0.2459 	0.3132 	0.4281 	0.3870 	0.3157 	0.2762 	0.2800 	0.3138 
S,E7000,MWH_LT20,KWH,X_VAT,EUR,BG	: 	0.068 	0.0685 	0.0767 	0.0777 	0.0767 	0.0782 	0.0786 	0.0785 	0.0836 	0.0852 	0.0954 	0.1055 	0.0993 	0.0954 	0.0966 	0.1013 	0.1153 	0.104 	0.1093 	0.1075 	0.1134 	0.1053 	0.1108 	0.1060 	0.1043 	0.0983 	0.1065 	0.1131 	0.1539 	0.1775 	0.2189 	0.1805 	0.1582 	0.1375 	0.1442 	0.1541 
S,E7000,MWH_LT20,KWH,X_VAT,EUR,CY	: 	0.1472 	0.1651 	0.1928 	0.1519 	0.1563 	0.1769 	0.1893 	0.1989 	0.2317 	0.2633 	0.2787 	0.2561 	0.2352 	0.2157 	0.2207 	0.1881 	0.1757 	0.15 	0.1583 	0.1805 	0.1701 	0.1696 	0.1935 	0.1900 	0.1922 	0.1837 	0.1465 	0.1726 	0.1992 	0.2468 	0.3099 	0.3195 	0.2960 	0.2783 	0.2851 	0.2692 
S,E7000,MWH_LT20,KWH,X_VAT,EUR,CZ	: 	0.1413 	0.1647 	0.1679 	0.1632 	0.172 	0.1714 	0.1775 	0.185 	0.181 	0.1881 	0.1885 	0.1865 	0.1825 	0.1587 	0.1578 	0.1553 	0.1578 	0.1608 	0.1612 	0.1631 	0.1688 	0.1781 	0.1776 	0.1894 	0.1918 	0.2016 	0.1982 	0.1970 	0.2077 	0.2733 	0.2839 	0.3235 	0.3069 	0.3091 	0.2994 	0.2858 
S,E7000,MWH_LT20,KWH,X_VAT,EUR,DE	0.1726 	0.1759 	0.1768 	0.1831 	0.184 	0.1888 	0.1923 	0.1983 	0.2072 	0.2124 	0.216 	0.219 	0.2415 	0.2372 	0.2261 	0.2291 	0.2198 	0.2182 	0.2203 	0.2158 	0.2213 	0.2199 	0.2263 	0.2234 	0.2250 	0.2289 	0.2455 	0.2485 	0.2492 	0.2544 	0.2640 	0.2702 	0.3247 	0.3279 	0.3293 	0.3326 	0.3282 
S,E7000,MWH_LT20,KWH,X_VAT,EUR,DK	: 	0.1763 	0.1875 	0.1995 	0.1922 	0.1807 	0.1847 	0.1877 	0.2032 	0.2086 	0.2098 	0.2083 	0.1815 	0.1777 	0.1841 	0.1836 	0.1803 	0.1801 	0.183 	0.183 	0.1918 	0.1916 	0.1887 	0.1884 	0.1884 	0.1877 	0.1838 	0.1627 	0.1554 	0.1980 	0.2573 	0.3680 	0.2138 	0.1913 	0.1735 	0.1926 	0.1914 
S,E7000,MWH_LT20,KWH,X_VAT,EUR,EA	0.1566 	0.1415 	0.1526 	0.1613 	0.1671 	0.1702 	0.17 	0.179 	0.1764 	0.186 	0.182 	0.1942 	0.2004 	0.2066 	0.204 	0.2071 	0.2055 	0.2066 	0.2001 	0.1982 	0.2031 	0.1964 	0.2065 	0.2070 	0.2201 	0.2235 	0.2274 	0.2251 	0.2274 	0.2323 	0.2593 	0.2962 	0.3201 	0.3099 	0.2995 	0.3098 	0.3093 
S,E7000,MWH_LT20,KWH,X_VAT,EUR,EE	: 	0.069 	0.0709 	0.0754 	0.0808 	0.0815 	0.0828 	0.086 	0.0773 	0.0782 	0.0834 	0.0875 	0.1115 	0.1185 	0.1087 	0.1113 	0.1069 	0.1078 	0.1043 	0.1091 	0.1076 	0.115 	0.1142 	0.1243 	0.1200 	0.1231 	0.1161 	0.1103 	0.1279 	0.1863 	0.1849 	0.3428 	0.2494 	0.2531 	0.2218 	0.2177 	0.2111 
S,E7000,MWH_LT20,KWH,X_VAT,EUR,EL	: 	0.1237 	0.129 	0.1378 	0.1485 	0.154 	0.1548 	0.1625 	0.157 	0.1572 	0.1718 	0.1782 	0.1883 	0.1981 	0.2085 	0.2142 	0.2115 	0.234 	0.2013 	0.1947 	0.1832 	0.1706 	0.1747 	0.1735 	0.1716 	0.1685 	0.1661 	0.1706 	0.1834 	0.2518 	0.2825 	0.3664 	0.2909 	0.2287 	0.2600 	0.2732 	0.2849 
S,E7000,MWH_LT20,KWH,X_VAT,EUR,ES	: 	0.1591 	0.1372 	0.1377 	0.1656 	0.177 	0.1811 	0.1873 	0.1718 	0.2016 	0.2051 	0.214 	0.2341 	0.2502 	0.2744 	0.2924 	0.2729 	0.2697 	0.2478 	0.2474 	0.2565 	0.2085 	0.2852 	0.2445 	0.2399 	0.2544 	0.2505 	0.2431 	0.2322 	0.2269 	0.3072 	0.3327 	0.2814 	0.2587 	0.2433 	0.2399 	0.2533 
S,E7000,MWH_LT20,KWH,X_VAT,EUR,EU27_2020	0.1469 	0.1375 	0.1486 	0.157 	0.16 	0.1635 	0.1646 	0.1733 	0.1719 	0.1788 	0.1772 	0.1879 	0.1907 	0.195 	0.1921 	0.194 	0.1927 	0.1941 	0.1871 	0.1865 	0.1904 	0.1859 	0.1932 	0.1953 	0.2047 	0.2077 	0.2108 	0.2096 	0.2114 	0.2203 	0.2511 	0.2945 	0.3065 	0.2969 	0.2871 	0.2965 	0.2969 
S,E7000,MWH_LT20,KWH,X_VAT,EUR,FI	0.0732 	0.0759 	0.077 	0.0814 	0.0839 	0.0837 	0.0862 	0.0865 	0.0952 	0.0969 	0.0951 	0.0959 	0.0961 	0.0962 	0.0944 	0.0927 	0.0908 	0.0896 	0.087 	0.0888 	0.0881 	0.0895 	0.0915 	0.0963 	0.0976 	0.0983 	0.0982 	0.1012 	0.0947 	0.1042 	0.1096 	0.1719 	0.1607 	0.1199 	0.1355 	0.1157 	0.1102 
S,E7000,MWH_LT20,KWH,X_VAT,EUR,FR	: 	0.1065 	0.1052 	0.1138 	0.1121 	0.1135 	0.1147 	0.1261 	0.124 	0.1317 	0.1169 	0.1442 	0.1288 	0.1453 	0.1371 	0.143 	0.146 	0.1554 	0.1457 	0.1449 	0.1493 	0.1514 	0.1508 	0.1621 	0.1571 	0.1704 	0.1690 	0.1815 	0.1764 	0.1838 	0.1989 	0.1971 	0.2695 	0.3032 	0.2588 	0.2795 	0.2520 
S,E7000,MWH_LT20,KWH,X_VAT,EUR,GE	: 	: 	: 	: 	: 	: 	: 	: 	: 	: 	: 	: 	: 	: 	: 	: 	: 	: 	: 	: 	: 	: 	0.0588 	0.0661 	0.0690 	0.0549 	0.0591 	0.0502 	0.0722 	0.0706 	: 	0.1007 	0.0950 	0.0907 	0.0850 	0.0839 	0.0907 
S,E7000,MWH_LT20,KWH,X_VAT,EUR,HR	0.072 	0.0929 	0.0949 	0.1128 	0.1097 	0.1151 	0.1171 	0.1161 	0.1152 	0.113 	0.1171 	0.1303 	0.1265 	0.1273 	0.1298 	0.1269 	0.1226 	0.1236 	0.1243 	0.124 	0.127 	0.118 	0.1313 	0.1331 	0.1427 	0.1473 	0.1455 	0.1402 	0.1411 	0.1572 	0.2202 	0.3598 	0.4145 	0.2856 	0.2787 	0.2726 	0.2763 
S,E7000,MWH_LT20,KWH,X_VAT,EUR,HU	: 	0.122 	0.1487 	0.1496 	0.1137 	0.1271 	0.1257 	0.1215 	0.1297 	0.1219 	0.1228 	0.1313 	0.1129 	0.1123 	0.1069 	0.1045 	0.108 	0.1059 	0.0998 	0.1076 	0.1079 e	0.1073 	0.1184 	0.1164 	0.1306 	0.1294 	0.1327 	0.1290 	0.1300 	0.1399 	0.1648 	0.2479 	0.3079 	0.2512 	0.2254 	0.2415 	0.2312 
S,E7000,MWH_LT20,KWH,X_VAT,EUR,IE	: 	0.1543 	0.1477 	0.1753 	0.1776 	0.1688 	0.1569 	0.1752 	0.1845 	0.1983 	0.185 	0.2003 	0.1985 	0.1913 	0.1923 	0.1972 	0.2098 	0.2045 	0.1936 	0.1961 	0.1903 	0.1988 	0.2027 	0.2111 	0.2127 	0.2138 	0.2181 	0.2316 	0.2513 	0.2637 	0.3017 	0.3688 	0.3710 	0.3467 	0.3242 	0.3643 	0.3131 
S,E7000,MWH_LT20,KWH,X_VAT,EUR,IS	: 	: 	: 	: 	: 	: 	: 	: 	: 	: 	: 	: 	: 	: 	: 	: 	: 	: 	0.0803 	0.0805 	0.09 p	: 	0.0800 e	0.0714 	0.0709 	0.0706 	0.0832 e	0.0794 	0.0904 e	0.1015 e	0.1079 e	0.1132 e	0.0901 e	0.1137 e	0.1264 e	0.1418 e	: 
S,E7000,MWH_LT20,KWH,X_VAT,EUR,IT	: 	: 	0.2105 	0.2322 	0.2372 	0.2381 	0.2278 	0.2545 	0.2287 	0.2473 	0.2279 	0.2588 	0.2642 	0.2742 	0.2621 	0.262 	0.2688 	0.2689 	0.2694 	0.2651 	0.2262 	0.2174 	0.2143 	0.2263 	0.3137 	0.3073 	0.2952 	0.2612 	0.2777 	0.2661 	0.3232 	0.3985 	0.3505 	0.3328 	0.3483 	0.3791 	0.3994 
S,E7000,MWH_LT20,KWH,X_VAT,EUR,LI	: 	: 	: 	: 	: 	: 	: 	: 	: 	: 	: 	: 	: 	: 	: 	: 	: 	: 	: 	: 	0 	: 	: 	: 	: 	: 	: 	: 	: 	: 	: 	: 	: 	: 	: 	: 	: 
S,E7000,MWH_LT20,KWH,X_VAT,EUR,LT	: 	0.1068 	0.1018 	0.1072 	0.1125 	0.1057 	0.1208 	0.1222 	0.1321 	0.1296 	0.1264 	0.1303 	0.1451 	0.1451 	0.1375 	0.1432 	0.133 	0.1303 	0.1261 	0.1206 	0.1137 	0.1149 	0.1135 	0.1282 	0.1295 	0.1328 	0.1362 	0.1465 	0.1530 	0.2022 	0.2377 	0.3787 	0.2943 	0.2593 	0.2923 	0.2916 	0.2847 
S,E7000,MWH_LT20,KWH,X_VAT,EUR,LU	0.1811 	0.1566 	0.1566 	0.1566 	0.1987 	0.1986 	0.1697 	0.174 	0.1708 	0.1687 	0.1744 	0.1663 	0.1627 	0.1651 	0.1711 	0.1677 	0.1657 	0.1657 	0.1633 	0.1634 	0.13 	0.1367 	0.1516 	0.1463 	0.1534 	0.1501 	0.1591 	0.1663 	0.1663 	0.1676 	0.1744 	0.1779 	0.1902 	0.1754 	0.1647 	0.1655 	0.2231 
S,E7000,MWH_LT20,KWH,X_VAT,EUR,LV	: 	0.1304 	0.0889 	0.1006 	0.1148 	0.1161 	0.1152 	0.1162 	0.1263 	0.1436 	0.1422 	0.1379 	0.1439 	0.146 	0.1538 	0.1534 	0.1623 	0.1615 	0.153 	0.1828 	0.1832 	0.1836 	0.1965 	0.1842 	0.1842 	0.2000 	0.1907 	0.1922 	0.1996 	0.2276 	0.1731 	0.2879 	0.2103 	0.2208 	0.2481 	0.2499 	0.2439 
S,E7000,MWH_LT20,KWH,X_VAT,EUR,MD	: 	: 	: 	: 	: 	: 	: 	: 	: 	: 	: 	: 	: 	: 	: 	: 	0.0777 	0.0833 	0.0913 	0.0861 	0.0913 	0.0945 	0.0992 	0.0907 	0.0885 	0.0906 	0.0946 	0.0842 	0.0723 	0.0725 	0.0857 	0.1641 	0.1672 	0.1281 	0.1203 	0.1170 	0.1922 
S,E7000,MWH_LT20,KWH,X_VAT,EUR,ME	: 	: 	: 	: 	: 	: 	: 	: 	0.0895 	0.0721 	0.0824 	0.0855 	0.0861 	0.0879 	0.0885 	0.0892 	0.0898 	0.0898 	0.0889 	0.0892 	0.0914 	: 	0.0940 	0.0932 	0.0991 	0.1015 	0.1022 	0.1039 	0.1045 	0.1016 	0.1031 	0.1034 	0.1031 	0.0990 	0.1037 	0.1027 	0.1069 p
S,E7000,MWH_LT20,KWH,X_VAT,EUR,MK	: 	: 	: 	: 	: 	: 	: 	: 	: 	: 	: 	: @C	0.1344 	0.1299 	0.13 	0.1333 	0.1363 	0.1346 	0.1341 	0.1299 	0.1255 	0.1249 	0.1236 	0.1224 	0.1218 	0.1242 	0.1117 	0.1161 	0.1229 	0.1876 	0.1958 	0.2713 	0.1872 	0.2015 	0.1789 	0.2289 	0.2501 
S,E7000,MWH_LT20,KWH,X_VAT,EUR,MT	: 	0.1307 	0.1307 	0.1776 	0.1675 	0.146 	0.241 	0.243 	0.244 	0.244 	0.245 	0.243 	0.245 	0.242 	0.243 	0.241 	0.2197 	0.1963 	0.2343 	0.1963 	0.1985 	0.1953 	0.1994 	0.1985 	0.2392 	0.2380 	0.2443 	0.2398 	0.2398 	0.1919 	0.1922 	0.1892 	0.1925 	0.1905 	0.1917 	0.1869 	0.1867 p
S,E7000,MWH_LT20,KWH,X_VAT,EUR,NL	0.1448 	0.1428 	0.156 	0.1616 	0.1785 	0.177 	0.1772 	0.166 	0.1531 	0.1537 	0.163 	0.1611 	0.1587 	0.1674 	0.1782 	0.1658 	0.1818 	0.1771 	0.1375 	0.1418 	0.1930 	0.1980 	0.1710 	0.1980 	0.2080 	0.1920 	0.2225 	0.2224 	0.2263 	0.2330 	0.2031 	0.3150 	0.4849 	0.3653 	0.3770 	0.3662 	0.3660 
S,E7000,MWH_LT20,KWH,X_VAT,EUR,NO	: 	0.0841 	0.0869 	0.0974 	0.0818 	0.0836 	0.1186 	0.1055 	0.1194 	0.0964 	0.0931 	0.0879 	0.0948 	0.0877 	0.0834 	0.0826 	0.079 	0.0685 	0.0737 	0.0802 	0.0851 	0.0836 	0.0912 	0.1026 	0.1041 	0.0940 	0.0614 	0.0581 	0.0923 	0.1183 	0.1411 	0.1975 	0.1176 	0.0986 	0.1108 	0.0845 	0.0895 
S,E7000,MWH_LT20,KWH,X_VAT,EUR,PL	: 	0.1426 	0.1385 	0.1478 	0.1342 	0.1455 	0.1505 	0.1626 	0.1592 	0.1539 	0.1663 	0.1636 	0.1548 	0.1469 	0.1502 	0.1512 	0.153 	0.1514 	0.1403 	0.1389 	0.1532 	0.1588 	0.1473 	0.1468 	0.1408 	0.1430 	0.1619 	0.1708 	0.1732 	0.1822 	0.2161 	0.2875 	0.2920 	0.3231 	0.3098 	0.3242 	0.3322 
S,E7000,MWH_LT20,KWH,X_VAT,EUR,PT	: 	0.1246 	0.1513 	0.1547 	0.1545 	0.1613 	0.1638 	0.1673 	0.1704 	0.1747 	0.1781 	0.1813 	0.1858 	0.1836 	0.191 	0.1893 	0.1966 	0.1935 	0.2003 	0.1992 	0.2007 	0.2003 	0.2053 	0.1981 	0.1590 	0.1916 	0.1915 	0.1925 	0.1947 	0.2046 	0.1882 	0.1905 	0.1885 	0.2151 	0.2242 	0.2315 	0.2309 
S,E7000,MWH_LT20,KWH,X_VAT,EUR,RO	: 	0.1209 	0.1081 	0.1128 	0.1006 	0.102 	0.1072 	0.1056 	0.1056 	0.1044 	0.1032 	0.1028 	0.1176 	0.1113 	0.1158 	0.1061 	0.1107 	0.1088 	0.105 	0.0999 	0.0949 	0.0974 	0.1014 	0.1045 	0.1112 	0.1159 	0.1306 	0.1234 	0.1219 	0.1413 	0.2679 d	0.3918 d	0.1883 	0.1911 	0.1751 	0.1764 	0.1847 
S,E7000,MWH_LT20,KWH,X_VAT,EUR,RS	: 	: 	: 	: 	: 	: 	: 	: 	: 	: 	: 	: 	0.0657 	0.0712 	0.0708 	0.0706 	0.0705 	0.0791 	0.077 	0.0763 	0.0792 	0.0828 	0.0840 	0.0858 	0.0840 	0.0894 	0.0919 	0.0921 	0.0923 	0.0986 	0.0967 	0.1134 	0.1229 	0.1369 	0.1402 	0.1371 	0.1390 
S,E7000,MWH_LT20,KWH,X_VAT,EUR,SE	0.096 	0.0954 	0.1112 	0.1188 	0.1139 	0.1166 	0.1337 	0.1478 	0.1605 	0.1481 	0.1657 	0.1799 	0.149 	0.147 	0.1418 	0.133 	0.1311 	0.1407 	0.1249 	0.1461 	0.1353 	0.1416 	0.1377 	0.1712 	0.1477 	0.1491 	0.1204 	0.1289 	0.1260 	0.1787 	0.2056 	0.2545 	0.1911 	0.1676 	0.1777 	0.1763 	0.1851 
S,E7000,MWH_LT20,KWH,X_VAT,EUR,SI	: 	0.1281 	0.1412 	0.1485 	0.1668 	0.1641 	0.1434 	0.1475 	0.1438 	0.1435 	0.1438 	0.1481 	0.1503 	0.1561 	0.1511 	0.1471 	0.144 	0.1436 	0.1378 	0.1372 	0.1298 	0.1292 	0.1418 	0.1393 	0.1458 	0.1472 	0.1325 	0.1580 	0.1551 	0.1797 	0.1518 	0.2204 	0.2499 	0.2557 	0.2340 	0.2236 	0.1925 
S,E7000,MWH_LT20,KWH,X_VAT,EUR,SK	: 	0.1448 	0.1722 	0.1797 	0.2168 	0.218 	0.1926 	0.1979 	0.1998 	0.202 	0.2108 	0.2002 	0.2063 	0.2008 	0.1966 	0.2043 	0.2106 	0.2052 	0.2051 	0.1961 	0.1915 	0.1839 	0.1954 	0.2038 	0.2093 	0.2128 	0.2219 	0.2226 	0.2171 	0.2241 	0.2719 	0.3001 	0.4230 	0.4062 	0.2844 	0.2994 	0.2564 
S,E7000,MWH_LT20,KWH,X_VAT,EUR,TR	: 	0.0682 	0.0719 	0.0894 	0.0829 	0.0852 	0.0945 	0.0963 	0.0903 	0.0865 	0.0974 	0.1056 	0.1005 	0.0872 	0.0778 	0.0825 	0.0836 	0.0829 	0.0787 	0.0787 	0.0678 	0.0613 	0.0597 	0.0639 	0.0786 	0.0884 	0.0897 	0.0653 	0.0757 	0.0711 	0.1306 	0.2381 	0.1584 	0.1167 	0.1085 	0.1266 	0.1045 
S,E7000,MWH_LT20,KWH,X_VAT,EUR,UA	: 	: 	: 	: 	: 	: 	: 	: 	: 	: 	: 	: 	: 	: 	: 	: 	: 	: 	: 	: 	0.0545 	: 	0.0632 	0.0645 	0.0723 	0.0769 	0.0650 	0.0599 	0.0718 	: 	: 	: 	: 	: 	: 	: 	: 
S,E7000,MWH_LT20,KWH,X_VAT,EUR,UK	0.1438 	0.1431 	0.1303 	0.135 	0.1357 	0.1379 	0.1409 	0.1456 	0.1328 	0.1473 	0.1512 	0.1595 	0.1453 	0.1629 	0.1663 	0.177 	0.1868 	0.1815 	0.1652 	0.1464 	0.1598 	0.1601 	0.1707 	0.1798 	0.1860 	0.1956 	0.1972 	: 	: 	: 	: 	: 	: 	: 	: 	: 	: 
S,E7000,MWH_LT20,KWH,X_VAT,EUR,XK	: 	: 	: 	: 	: 	: 	: 	: 	: 	: 	: 	: 	0.1192 	0.1285 	0.1678 	0.1667 	0.1497 	0.1681 	0.1485 	0.1707 	0.158 	0.1409 	0.1169 	0.1746 	0.1271 	0.1061 	0.1270 	0.1178 	0.1263 	0.1184 	0.1134 	0.1142 	0.1347 	0.1305 	0.1365 	: @C	: 
S,E7000,MWH_LT20,KWH,X_VAT,NAC,AL	: 	: 	: 	: 	: 	: 	: 	: 	: 	: 	: 	: 	: 	: 	: 	: 	: 	: 	: 	: 	: 	: 	: 	: 	12.8800 e	: 	12.8300 e	12.8300 e	12.8100 e	12.8100 e	12.8100 	12.8100 	12.8100 e	12.8100 e	12.8100 	12.8100 e	14.0000 
S,E7000,MWH_LT20,KWH,X_VAT,NAC,AT	: 	0.1256 	0.1236 	0.1337 	0.158 	0.1599 	0.1527 	0.1557 	0.1518 	0.1571 	0.1487 	0.1508 	0.1553 	0.1587 	0.1618 	0.1552 	0.157 	0.1647 	0.1601 	0.1606 	0.1585 	0.1584 	0.1583 	0.1602 	0.1656 	0.1591 	0.1563 	0.1704 	0.1768 	0.1897 	0.1882 	0.2279 e	0.2650 e	0.2920 e	0.2668 e	0.2537 e	0.2752 e
S,E7000,MWH_LT20,KWH,X_VAT,NAC,BA	: 	: 	: 	: 	: 	: 	: 	: 	: 	: 	0.2182 	0.2206 	0.222 	0.2218 	0.2206 	0.2167 	0.2164 	0.2119 	0.2144 	0.2162 	0.2107 	0.2143 	0.2114 	0.2019 	0.2071 	0.2032 	0.2182 	0.2172 	0.2045 	0.2018 	0.1968 	0.2439 	0.2737 	0.2681 	0.2618 	0.2765 	0.2570 
S,E7000,MWH_LT20,KWH,X_VAT,NAC,BE	: 	0.1436 	0.1678 	0.1713 	0.1545 	0.1523 	0.1597 	0.1637 	0.1819 	0.1755 	0.1803 	0.1766 	0.1735 	0.1779 	0.1794 	0.1778 	0.1786 	0.1781 	0.1955 	0.196 	0.2044 	0.2145 	0.2393 	0.2404 	0.2355 	0.2222 	0.2271 	0.2237 	0.2294 	0.2459 	0.3132 	0.4281 	0.3870 	0.3157 	0.2762 	0.2800 	0.3138 
S,E7000,MWH_LT20,KWH,X_VAT,NAC,BG	: 	0.133 	0.134 	0.15 	0.152 	0.15 	0.153 	0.1538 	0.1536 	0.1635 	0.1666 	0.1865 	0.2063 	0.1943 	0.1866 	0.1889 	0.1982 	0.2255 	0.2034 	0.2137 	0.2102 	0.2218 	0.2060 	0.2168 	0.2073 	0.2040 	0.1923 	0.2082 	0.2212 	0.3009 	0.3471 	0.4281 	0.3531 	0.3094 	0.2689 	0.2821 	0.3014 
S,E7000,MWH_LT20,KWH,X_VAT,NAC,CY	: 	0.086 	0.1651 	0.1928 	0.1519 	0.1563 	0.1769 	0.1893 	0.1989 	0.2317 	0.2633 	0.2787 	0.2561 	0.2352 	0.2157 	0.2207 	0.1881 	0.1757 	0.15 	0.1583 	0.1805 	0.1701 	0.1696 	0.1935 	0.1900 	0.1922 	0.1837 	0.1465 	0.1726 	0.1992 	0.2468 	0.3099 	0.3195 	0.2960 	0.2783 	0.2851 	0.2692 
S,E7000,MWH_LT20,KWH,X_VAT,NAC,CZ	: 	3.87 	4.15 	4.15 	4.43 	4.43 	4.411 	4.412 	4.504 	4.4941 	4.7361 	4.7358 	4.7927 	4.7929 	4.3553 	4.3586 	4.2703 	4.2718 	4.3476 	4.3562 	4.3668 	4.3676 	4.5411 	4.5817 	4.8634 	4.9206 	5.3099 	5.2680 	5.0936 	5.2837 	6.7372 	6.9498 	7.6615 	7.4648 	7.7317 	7.5506 	7.1445 
S,E7000,MWH_LT20,KWH,X_VAT,NAC,DE	0.1726 	0.1759 	0.1768 	0.1831 	0.184 	0.1888 	0.1923 	0.1983 	0.2072 	0.2124 	0.216 	0.219 	0.2415 	0.2372 	0.2261 	0.2291 	0.2198 	0.2182 	0.2203 	0.2158 	0.2213 	0.2199 	0.2263 	0.2234 	0.2250 	0.2289 	0.2455 	0.2485 	0.2492 	0.2544 	0.2640 	0.2702 	0.3247 	0.3279 	0.3293 	0.3326 	0.3282 
S,E7000,MWH_LT20,KWH,X_VAT,NAC,DK	: 	1.3138 	1.398 	1.4874 	1.4319 	1.3452 	1.3742 	1.3986 	1.5154 	1.5529 	1.56 	1.5521 	1.3536 	1.3255 	1.3737 	1.3676 	1.344 	1.344 	1.3637 	1.3618 	1.4264 	1.4257 	1.4051 	1.4055 	1.4062 	1.4019 	1.3720 	1.2112 	1.1559 	1.4729 	1.9140 	2.7378 	1.5920 	1.4263 	1.2942 	1.4371 	1.4279 
S,E7000,MWH_LT20,KWH,X_VAT,NAC,EA	: 	0.1499 	0.1535 	0.1623 	0.1684 	0.1716 	0.1712 	0.1803 	0.1767 	0.1864 	0.1827 	0.1948 	0.2011 	0.2073 	0.2043 	0.2075 	0.2055 	0.2066 	0.2004 	0.199 	: 	: 	: 	: 	: 	: 	: 	: 	: 	: 	: 	: 	: 	: 	: 	: 	: 
S,E7000,MWH_LT20,KWH,X_VAT,NAC,EE	: 	1.08 	1.109 	1.18 	1.264 	1.275 	1.295 	1.346 	0.0773 	0.0782 	0.0834 	0.0875 	0.1115 	0.1185 	0.1087 	0.1113 	0.1069 	0.1078 	0.1043 	0.1091 	0.1076 	0.115 	0.1142 	0.1243 	0.1200 	0.1231 	0.1161 	0.1103 	0.1279 	0.1863 	0.1849 	0.3428 	0.2494 	0.2531 	0.2218 	0.2177 	0.2111 
S,E7000,MWH_LT20,KWH,X_VAT,NAC,EL	: 	0.1237 	0.129 	0.1378 	0.1485 	0.154 	0.1548 	0.1625 	0.157 	0.1572 	0.1718 	0.1782 	0.1883 	0.1981 	0.2085 	0.2142 	0.2115 	0.234 	0.2013 	0.1947 	0.1832 	0.1706 	0.1747 	0.1735 	0.1716 	0.1685 	0.1661 	0.1706 	0.1834 	0.2518 	0.2825 	0.3664 	0.2909 	0.2287 	0.2600 	0.2732 	0.2849 
S,E7000,MWH_LT20,KWH,X_VAT,NAC,ES	: 	0.1591 	0.1372 	0.1377 	0.1656 	0.177 	0.1811 	0.1873 	0.1718 	0.2016 	0.2051 	0.214 	0.2341 	0.2502 	0.2744 	0.2924 	0.2729 	0.2697 	0.2478 	0.2474 	0.2565 	0.2085 	0.2852 	0.2445 	0.2399 	0.2544 	0.2505 	0.2431 	0.2322 	0.2269 	0.3072 	0.3327 	0.2814 	0.2587 	0.2433 	0.2399 	0.2533 
S,E7000,MWH_LT20,KWH,X_VAT,NAC,FI	0.0732 	0.0759 	0.077 	0.0814 	0.0839 	0.0837 	0.0862 	0.0865 	0.0952 	0.0969 	0.0951 	0.0959 	0.0961 	0.0962 	0.0944 	0.0927 	0.0908 	0.0896 	0.087 	0.0888 	0.0881 	0.0895 	0.0915 	0.0963 	0.0976 	0.0983 	0.0982 	0.1012 	0.0947 	0.1042 	0.1096 	0.1719 	0.1607 	0.1199 	0.1355 	0.1157 	0.1102 
S,E7000,MWH_LT20,KWH,X_VAT,NAC,FR	: 	0.1065 	0.1052 	0.1138 	0.1121 	0.1135 	0.1147 	0.1261 	0.124 	0.1317 	0.1169 	0.1442 	0.1288 	0.1453 	0.1371 	0.143 	0.146 	0.1554 	0.1457 	0.1449 	0.1493 	0.1514 	0.1508 	0.1621 	0.1571 	0.1704 	0.1690 	0.1815 	0.1764 	0.1838 	0.1989 	0.1971 	0.2695 	0.3032 	0.2588 	0.2795 	0.2520 
S,E7000,MWH_LT20,KWH,X_VAT,NAC,GE	: 	: 	: 	: 	: 	: 	: 	: 	: 	: 	: 	: 	: 	: 	: 	: 	: 	: 	: 	: 	: 	: 	0.1757 	0.1981 	0.2108 	0.1788 	0.1974 	0.1890 	0.2890 	0.2560 	: 	0.2837 	0.2667 	0.2607 	0.2486 	0.2486 	0.2752 
S,E7000,MWH_LT20,KWH,X_VAT,NAC,HR	0.53 	0.68 	0.69 	0.81 	0.81 	0.84 	0.851 	0.849 	0.852 	0.845 	0.8829 	0.9773 	0.9578 	0.9658 	0.9893 	0.9699 	0.9348 	0.9391 	0.9396 	0.9308 	0.946 	0.8826 	0.9741 	0.9871 	1.0588 	1.0927 	1.0965 	1.0572 	1.0650 	1.1805 	1.6604 	2.7107 	0.4145 	0.2856 	0.2787 	0.2726 	0.2763 
S,E7000,MWH_LT20,KWH,X_VAT,NAC,HU	: 	30.78 	37.71 	37.35 	32.9733 	34.47 	34.16 	33.915 	34.935 	35.2545 	36.2636 	37.181 	33.4149 	33.4274 	32.8154 	32.4427 	33.2029 	33.0898 	31.2011 	33.3804 	33.3817 e	33.1441 	37.1987 	37.6628 	41.8619 	42.7038 	45.8338 	46.0545 	46.5366 	50.2352 	61.8188 	100.9088 	117.1849 	96.1560 	87.8614 	96.8053 	93.5331 
S,E7000,MWH_LT20,KWH,X_VAT,NAC,IE	: 	0.1543 	0.1477 	0.1753 	0.1776 	0.1688 	0.1569 	0.1752 	0.1845 	0.1983 	0.185 	0.2003 	0.1985 	0.1913 	0.1923 	0.1972 	0.2098 	0.2045 	0.1936 	0.1961 	0.1903 	0.1988 	0.2027 	0.2111 	0.2127 	0.2138 	0.2181 	0.2316 	0.2513 	0.2637 	0.3017 	0.3688 	0.3710 	0.3467 	0.3242 	0.3643 	0.3131 
S,E7000,MWH_LT20,KWH,X_VAT,NAC,IS	: 	: 	: 	: 	: 	: 	: 	: 	: 	: 	: 	: 	: 	: 	: 	: 	: 	: 	11.2855 	10.225 	10.53 p	: 	9.8845 e	9.3871 	9.7117 	9.7071 	12.3600 e	12.7500 	13.7022 e	15.1000 e	15.2526 e	16.2000 e	13.6100 e	16.7400 e	18.9000 e	21.1400 e	: 
S,E7000,MWH_LT20,KWH,X_VAT,NAC,IT	: 	: 	0.2105 	0.2322 	0.2372 	0.2381 	0.2278 	0.2545 	0.2287 	0.2473 	0.2279 	0.2588 	0.2642 	0.2742 	0.2621 	0.262 	0.2688 	0.2689 	0.2694 	0.2651 	0.2262 	0.2174 	0.2143 	0.2263 	0.3137 	0.3073 	0.2952 	0.2612 	0.2777 	0.2661 	0.3232 	0.3985 	0.3505 	0.3328 	0.3483 	0.3791 	0.3994 
S,E7000,MWH_LT20,KWH,X_VAT,NAC,LI	: 	: 	: 	: 	: 	: 	: 	: 	: 	: 	: 	: 	: 	: 	: 	: 	: 	: 	: 	: 	0 	: 	: 	: 	: 	: 	: 	: 	: 	: 	: 	: 	: 	: 	: 	: 	: 
S,E7000,MWH_LT20,KWH,X_VAT,NAC,LT	: 	0.3689 	0.3515 	0.3703 	0.3883 	0.365 	0.4172 	0.4218 	0.456 	0.4476 	0.4366 	0.45 	0.501 	0.5009 	0.4747 	0.4943 	0.133 	0.1303 	0.1261 	0.1206 	0.1137 	0.1149 	0.1135 	0.1282 	0.1295 	0.1328 	0.1362 	0.1465 	0.1530 	0.2022 	0.2377 	0.3787 	0.2943 	0.2593 	0.2923 	0.2916 	0.2847 
S,E7000,MWH_LT20,KWH,X_VAT,NAC,LU	0.1811 	0.1566 	0.1566 	0.1566 	0.1987 	0.1986 	0.1697 	0.174 	0.1708 	0.1687 	0.1744 	0.1663 	0.1627 	0.1651 	0.1711 	0.1677 	0.1657 	0.1657 	0.1633 	0.1634 	0.13 	0.1367 	0.1516 	0.1463 	0.1534 	0.1501 	0.1591 	0.1663 	0.1663 	0.1676 	0.1744 	0.1779 	0.1902 	0.1754 	0.1647 	0.1655 	0.2231 
S,E7000,MWH_LT20,KWH,X_VAT,NAC,LV	: 	0.0912 	0.0621 	0.0711 	0.0811 	0.0819 	0.0816 	0.0824 	0.0893 	0.1013 	0.0993 	0.096 	0.1008 	0.1026 	0.1538 	0.1534 	0.1623 	0.1615 	0.153 	0.1828 	0.1832 	0.1836 	0.1965 	0.1842 	0.1842 	0.2000 	0.1907 	0.1922 	0.1996 	0.2276 	0.1731 	0.2879 	0.2103 	0.2208 	0.2481 	0.2499 	0.2439 
S,E7000,MWH_LT20,KWH,X_VAT,NAC,MD	: 	: 	: 	: 	: 	: 	: 	: 	: 	: 	: 	: 	: 	: 	: 	: 	1.5694 	1.7989 	2.03 	1.8831 	1.9097 	1.9599 	2.0065 	1.7659 	1.7542 	1.7703 	1.8416 	1.6865 	1.5385 	1.4917 	1.7305 	3.2164 	3.3252 	2.4853 	2.3100 	2.2586 	3.7474 
S,E7000,MWH_LT20,KWH,X_VAT,NAC,ME	: 	: 	: 	: 	: 	: 	: 	: 	0.0895 	0.0721 	0.0824 	0.0855 	0.0861 	0.0879 	0.0885 	0.0892 	0.0898 	0.0898 	0.0889 	0.0892 	0.0914 	: 	0.0940 	0.0932 	0.0991 	0.1015 	0.1022 	0.1039 	0.1045 	0.1016 	0.1031 	0.1034 	0.1031 	0.0990 	0.1037 	0.1027 	0.1069 p
S,E7000,MWH_LT20,KWH,X_VAT,NAC,MK	: 	: 	: 	: 	: 	: 	: 	: 	: 	: 	: 	: @C	8.2833 	7.9948 	8.0133 	8.2125 	8.3953 	8.2965 	8.2696 	7.9899 	7.7301 	7.6859 	7.6031 	7.5257 	7.4951 	7.6384 	6.8887 	7.1602 	7.5748 	11.5623 	12.0801 	16.7045 	11.5334 	12.3930 	11.0099 	14.0770 	15.4029 
S,E7000,MWH_LT20,KWH,X_VAT,NAC,MT	: 	0.0561 	0.1307 	0.1776 	0.1675 	0.146 	0.241 	0.243 	0.244 	0.244 	0.245 	0.243 	0.245 	0.242 	0.243 	0.241 	0.2197 	0.1963 	0.2343 	0.1963 	0.1985 	0.1953 	0.1994 	0.1985 	0.2392 	0.2380 	0.2443 	0.2398 	0.2398 	0.1919 	0.1922 	0.1892 	0.1925 	0.1905 	0.1917 	0.1869 	0.1867 p
S,E7000,MWH_LT20,KWH,X_VAT,NAC,NL	0.1448 	0.1428 	0.156 	0.1616 	0.1785 	0.177 	0.1772 	0.166 	0.1531 	0.1537 	0.163 	0.1611 	0.1587 	0.1674 	0.1782 	0.1658 	0.1818 	0.1771 	0.1375 	0.1418 	0.1930 	0.1980 	0.1710 	0.1980 	0.2080 	0.1920 	0.2225 	0.2224 	0.2263 	0.2330 	0.2031 	0.3150 	0.4849 	0.3653 	0.3770 	0.3662 	0.3660 
S,E7000,MWH_LT20,KWH,X_VAT,NAC,NO	: 	0.664 	0.691 	0.8274 	0.728 	0.716 	0.9493 	0.8442 	0.9341 	0.7487 	0.7049 	0.6486 	0.7128 	0.709 	0.6901 	0.6965 	0.6828 	0.6327 	0.6947 	0.7347 	0.7814 	0.7927 	0.8744 	0.9855 	1.0131 	0.9366 	0.6590 	0.6224 	0.9391 	1.2004 	1.4080 	2.0194 	1.3326 	1.1366 	1.2739 	0.9940 	1.0435 
S,E7000,MWH_LT20,KWH,X_VAT,NAC,PL	: 	0.531 	0.4836 	0.5226 	0.6006 	0.6089 	0.6025 	0.6482 	0.6291 	0.6596 	0.706 	0.6748 	0.6464 	0.6196 	0.6272 	0.634 	0.6336 	0.6397 	0.613 	0.6053 	0.6536 	0.6741 	0.6217 	0.6314 	0.6042 	0.6152 	0.7145 	0.7641 	0.7859 	0.8365 	1.0017 	1.3613 	1.3499 	1.4411 	1.3375 	1.3926 	1.4057 
S,E7000,MWH_LT20,KWH,X_VAT,NAC,PT	: 	0.1246 	0.1513 	0.1547 	0.1545 	0.1613 	0.1638 	0.1673 	0.1704 	0.1747 	0.1781 	0.1813 	0.1858 	0.1836 	0.191 	0.1893 	0.1966 	0.1935 	0.2003 	0.1992 	0.2007 	0.2003 	0.2053 	0.1981 	0.1590 	0.1916 	0.1915 	0.1925 	0.1947 	0.2046 	0.1882 	0.1905 	0.1885 	0.2151 	0.2242 	0.2315 	0.2309 
S,E7000,MWH_LT20,KWH,X_VAT,NAC,RO	: 	0.4037 	0.3967 	0.4169 	0.4259 	0.433 	0.445 	0.4511 	0.4415 	0.4487 	0.453 	0.4653 	0.5164 	0.4946 	0.517 	0.4692 	0.4924 	0.4836 	0.4719 	0.4482 	0.4308 	0.4482 	0.4720 	0.4864 	0.5271 	0.5505 	0.6290 	0.5995 	0.5973 	0.6979 	1.3252 d	1.9265 d	0.9294 	0.9475 	0.8708 	0.8774 	0.9242 
S,E7000,MWH_LT20,KWH,X_VAT,NAC,RS	: 	: 	: 	: 	: 	: 	: 	: 	: 	: 	: 	: 	7.3535 	8.1303 	8.1871 	8.3908 	8.5334 	9.5288 	9.4665 	9.4065 	9.7746 	9.884 	9.9413 	10.1478 	9.9191 	10.5173 	10.8016 	10.8254 	10.8558 	11.5970 	11.3674 	13.3077 	14.4120 	16.0470 	16.4243 	16.0477 	16.2893 
S,E7000,MWH_LT20,KWH,X_VAT,NAC,SE	0.885 	0.885 	1.043 	1.171 	1.237 	1.211 	1.309 	1.374 	1.435 	1.3506 	1.4717 	1.534 	1.2714 	1.2886 	1.2693 	1.229 	1.2249 	1.3182 	1.1619 	1.408 	1.2989 	1.3698 	1.3980 	1.7741 	1.5539 	1.5886 	1.2833 	1.3295 	1.2768 	1.8159 	2.1547 	2.7426 	2.1661 	1.9481 	2.0237 	2.0231 	2.0537 
S,E7000,MWH_LT20,KWH,X_VAT,NAC,SI	: 	0.1281 	0.1412 	0.1485 	0.1668 	0.1641 	0.1434 	0.1475 	0.1438 	0.1435 	0.1438 	0.1481 	0.1503 	0.1561 	0.1511 	0.1471 	0.144 	0.1436 	0.1378 	0.1372 	0.1298 	0.1292 	0.1418 	0.1393 	0.1458 	0.1472 	0.1325 	0.1580 	0.1551 	0.1797 	0.1518 	0.2204 	0.2499 	0.2557 	0.2340 	0.2236 	0.1925 
S,E7000,MWH_LT20,KWH,X_VAT,NAC,SK	: 	4.85 	5.55 	5.45 	0.2168 	0.218 	0.1926 	0.1979 	0.1998 	0.202 	0.2108 	0.2002 	0.2063 	0.2008 	0.1966 	0.2043 	0.2106 	0.2052 	0.2051 	0.1961 	0.1915 	0.1839 	0.1954 	0.2038 	0.2093 	0.2128 	0.2219 	0.2226 	0.2171 	0.2241 	0.2719 	0.3001 	0.4230 	0.4062 	0.2844 	0.2994 	0.2564 
S,E7000,MWH_LT20,KWH,X_VAT,NAC,TR	: 	0.1192 	0.1357 	0.1721 	0.1784 	0.1853 	0.191 	0.19 	0.1995 	0.2131 	0.2275 	0.2421 	0.2392 	0.2338 	0.2307 	0.235 	0.2393 	0.2638 	0.2566 	0.2698 	0.2672 	0.2639 	0.2961 	0.4114 	0.4996 	0.5623 	0.6419 	0.5832 	0.7210 	0.8145 	2.1231 	4.4136 	3.4218 	3.4940 	3.7137 	4.6685 	4.2962 
S,E7000,MWH_LT20,KWH,X_VAT,NAC,UA	: 	: 	: 	: 	: 	: 	: 	: 	: 	: 	: 	: 	: 	: 	: 	: 	: 	: 	: 	: 	1.58 	: 	2.0500 	2.0541 	2.1992 	2.1120 	1.8591 	1.9735 	2.4052 	: 	: 	: 	: 	: 	: 	: 	: 
S,E7000,MWH_LT20,KWH,X_VAT,NAC,UK	0.097 	0.0993 	0.101 	0.1103 	0.1213 	0.1225 	0.1226 	0.1232 	0.1153 	0.1278 	0.1243 	0.1275 	0.1236 	0.1381 	0.1366 	0.1401 	0.1368 	0.1306 	0.1286 	0.1258 	0.1375 	0.1429 	0.1502 	0.1599 	0.1625 	0.1724 	0.1725 	: 	: 	: 	: 	: 	: 	: 	: 	: 	: 
S,E7000,MWH_LT20,KWH,X_VAT,NAC,XK	: 	: 	: 	: 	: 	: 	: 	: 	: 	: 	: 	: 	0.1192 	0.1285 	0.1678 	0.1667 	0.1497 	0.1681 	0.1485 	0.1707 	0.158 	0.1409 	0.1169 	0.1746 	0.1271 	0.1061 	0.1270 	0.1178 	0.1263 	0.1184 	0.1134 	0.1142 	0.1347 	0.1305 	0.1365 	: @C	: 
S,E7000,MWH_LT20,KWH,X_VAT,PPS,AL	: 	: 	: 	: 	: 	: 	: 	: 	: 	: 	: 	: 	: 	: 	: 	: 	: 	: 	: 	: 	: 	: 	: 	: 	0.2092 e	: 	0.2017 e	0.2017 e	0.1990 e	0.1990 e	0.1998 	0.1998 	0.2010 e	0.2014 e	0.2036 	0.2048 e	0.2253 
S,E7000,MWH_LT20,KWH,X_VAT,PPS,AT	: 	0.1175 	0.1133 	0.1225 	0.1408 	0.1425 	0.1385 	0.1412 	0.1371 	0.1419 	0.1349 	0.1368 	0.139 	0.142 	0.1464 	0.1404 	0.1421 	0.1517 	0.15 	0.1505 	0.1404 	0.1404 	0.1405 	0.1422 	0.1457 	0.1400 	0.1367 	0.1491 	0.1547 	0.1642 	0.1630 	0.1998 e	0.2360 e	0.2601 e	0.2356 e	0.2239 e	0.2397 e
S,E7000,MWH_LT20,KWH,X_VAT,PPS,BA	: 	: 	: 	: 	: 	: 	: 	: 	: 	: 	0.2312 	0.2338 	0.2328 	0.2326 	0.2334 	0.2293 	0.2289 	0.2299 	0.232 	0.2336 	0.2126 	0.2162 	0.2125 	0.2029 	0.2062 	0.2023 	0.2178 	0.2168 	0.2042 	0.1984 	0.1935 	0.2395 	0.2572 	0.2477 	0.2454 	0.2577 	0.2226 
S,E7000,MWH_LT20,KWH,X_VAT,PPS,BE	: 	0.1314 	0.1501 	0.1532 	0.1354 	0.1335 	0.144 	0.1476 	0.1639 	0.1581 	0.1627 	0.1594 	0.1541 	0.158 	0.1616 	0.1602 	0.1609 	0.1614 	0.1807 	0.1834 	0.181 	0.1899 	0.2121 	0.2131 	0.2087 	0.1969 	0.2036 	0.2005 	0.2056 	0.2210 	0.2819 	0.3853 	0.3477 	0.2821 	0.2462 	0.2481 	0.2795 
S,E7000,MWH_LT20,KWH,X_VAT,PPS,BG	: 	0.1695 	0.1603 	0.1794 	0.1738 	0.1715 	0.1765 	0.1774 	0.1659 	0.1766 	0.1812 	0.2028 	0.2218 	0.2089 	0.2023 	0.2048 	0.2149 	0.2495 	0.2256 	0.2357 	0.2134 	0.2252 	0.2048 	0.2156 	0.1993 	0.1961 	0.1825 	0.1976 	0.2099 	0.2787 	0.3215 	0.3948 	0.2995 	0.2624 	0.2277 	0.2389 	0.2512 
S,E7000,MWH_LT20,KWH,X_VAT,PPS,CY	: 	0.1686 	0.1883 	0.2198 	0.1709 	0.1758 	0.1994 	0.2133 	0.2161 	0.2518 	0.29 	0.307 	0.287 	0.2636 	0.2454 	0.2511 	0.214 	0.1929 	0.1697 	0.179 	0.2023 	0.1906 	0.1889 	0.2156 	0.2096 	0.2121 	0.2005 	0.1599 	0.1884 	0.2173 	0.2692 	0.3420 	0.3493 	0.3247 	0.3098 	0.3131 	0.2948 
S,E7000,MWH_LT20,KWH,X_VAT,PPS,CZ	: 	0.2252 	0.2273 	0.2273 	0.2397 	0.2397 	0.2413 	0.2413 	0.2537 	0.2531 	0.2681 	0.2681 	0.2702 	0.2702 	0.2467 	0.2469 	0.2419 	0.2449 	0.2514 	0.2541 	0.2413 	0.2414 	0.2489 	0.2511 	0.2608 	0.2638 	0.2774 	0.2752 	0.2661 	0.2729 	0.3480 	0.3616 	0.3856 	0.3767 	0.3854 	0.3718 	0.3520 
S,E7000,MWH_LT20,KWH,X_VAT,PPS,DE	0.1686 	0.1718 	0.1702 	0.1762 	0.171 	0.1755 	0.1843 	0.19 	0.1994 	0.2044 	0.209 	0.2119 	0.2297 	0.2257 	0.217 	0.2199 	0.2109 	0.2092 	0.2135 	0.2083 	0.204 	0.2028 	0.2083 	0.2056 	0.2035 	0.2070 	0.2222 	0.2249 	0.2255 	0.2290 	0.2377 	0.2433 	0.2900 	0.2931 	0.2928 	0.2971 	0.2939 
S,E7000,MWH_LT20,KWH,X_VAT,PPS,DK	: 	0.1295 	0.1363 	0.145 	0.1375 	0.1292 	0.1353 	0.1377 	0.1505 	0.1542 	0.1549 	0.1541 	0.1346 	0.1318 	0.1366 	0.136 	0.1385 	0.1385 	0.1364 	0.1362 	0.1425 	0.1425 	0.1407 	0.1408 	0.1419 	0.1415 	0.1382 	0.1220 	0.1165 	0.1491 	0.1926 	0.2754 	0.1617 	0.1439 	0.1313 	0.1458 	0.1463 
S,E7000,MWH_LT20,KWH,X_VAT,PPS,EA	: 	0.1492 	0.1493 	0.1579 	0.1606 	0.1636 	0.1645 	0.1732 	0.1702 	0.1795 	0.1777 	0.1895 	0.1948 	0.2008 	0.1996 	0.2027 	0.2045 	0.2056 	0.1953 	0.1939 	0.1978 	0.1904 	0.2007 	0.2005 	0.2130 	0.2166 	0.2193 	0.2167 	0.2191 	0.2244 	0.2522 	0.2888 	0.3077 	0.2979 	0.2881 	0.2996 	0.3004 
S,E7000,MWH_LT20,KWH,X_VAT,PPS,EE	: 	0.1016 	0.0999 	0.1062 	0.1153 	0.1163 	0.1221 	0.1269 	0.1113 	0.1126 	0.1176 	0.1234 	0.1529 	0.1625 	0.1456 	0.1491 	0.1432 	0.1486 	0.1432 	0.1531 	0.1381 	0.1476 	0.1434 	0.1560 	0.1477 	0.1515 	0.1447 	0.1375 	0.1594 	0.2274 	0.2257 	0.4182 	0.2816 	0.2821 	0.2465 	0.2372 	0.2309 
S,E7000,MWH_LT20,KWH,X_VAT,PPS,EL	: 	0.1397 	0.1438 	0.1536 	0.1601 	0.1661 	0.1684 	0.1767 	0.1692 	0.1694 	0.1921 	0.1993 	0.2206 	0.2321 	0.2515 	0.2584 	0.2551 	0.2926 	0.2439 	0.2359 	0.2188 	0.2037 	0.2099 	0.2085 	0.2080 	0.2042 	0.2008 	0.2062 	0.2217 	0.3068 	0.3433 	0.4453 	0.3546 	0.2788 	0.3210 	0.3373 	0.3506 
S,E7000,MWH_LT20,KWH,X_VAT,PPS,ES	: 	0.1772 	0.1488 	0.1494 	0.1756 	0.1877 	0.1927 	0.1993 	0.1841 	0.2161 	0.2266 	0.2364 	0.26 	0.2778 	0.3068 	0.3269 	0.3051 	0.3013 	0.2799 	0.2767 	0.2792 	0.227 	0.3060 	0.2623 	0.2574 	0.2729 	0.2668 	0.2589 	0.2473 	0.2425 	0.3283 	0.3524 	0.3018 	0.2774 	0.2658 	0.2674 	0.2823 
S,E7000,MWH_LT20,KWH,X_VAT,PPS,EU27_2020	: 	: 	: 	: 	: 	: 	: 	: 	: 	: 	: 	: 	: 	: 	: 	: 	: 	: 	: 	: 	0.1969 	0.1919 	0.1990 	0.2008 	0.2095 	0.2131 	0.2170 	0.2160 	0.2183 	0.2277 	0.2616 	0.3119 	0.3169 	0.3072 	0.2930 	0.3040 	0.3039 
S,E7000,MWH_LT20,KWH,X_VAT,PPS,FI	0.0631 	0.0655 	0.0656 	0.0693 	0.0699 	0.0697 	0.0722 	0.0725 	0.0791 	0.0805 	0.0788 	0.0795 	0.0779 	0.078 	0.0759 	0.0745 	0.073 	0.0722 	0.0712 	0.0733 	0.0709 	0.072 	0.0728 	0.0767 	0.0777 	0.0782 	0.0777 	0.0800 	0.0749 	0.0838 	0.0879 	0.1379 	0.1296 	0.0967 	0.1129 	0.0964 	0.0917 
S,E7000,MWH_LT20,KWH,X_VAT,PPS,FR	: 	0.0968 	0.0932 	0.1008 	0.0979 	0.0992 	0.1022 	0.1123 	0.1108 	0.1177 	0.1042 	0.1285 	0.1139 	0.131 	0.1246 	0.1304 	0.1363 	0.145 	0.1326 	0.1319 	0.1331 	0.135 	0.1353 	0.1455 	0.1444 	0.1567 	0.1553 	0.1668 	0.1621 	0.1691 	0.1835 	0.1818 	0.2481 	0.2776 	0.2369 	0.2558 	0.2314 
S,E7000,MWH_LT20,KWH,X_VAT,PPS,HR	0.112 	0.1437 	0.1407 	0.1652 	0.1582 	0.164 	0.1659 	0.1655 	0.1702 	0.1688 	0.183 	0.2026 	0.1991 	0.2007 	0.2045 	0.2005 	0.1933 	0.1951 	0.198 	0.1966 	0.1954 	0.1823 	0.2000 	0.2027 	0.2173 	0.2243 	0.2256 	0.2175 	0.2191 	0.2407 	0.3385 	0.5521 	0.6226 	0.4239 	0.4033 	0.3989 	0.3876 
S,E7000,MWH_LT20,KWH,X_VAT,PPS,HU	: 	0.1902 	0.2276 	0.2254 	0.1975 	0.2065 	0.2078 	0.2063 	0.2112 	0.2131 	0.2155 	0.2209 	0.1952 	0.1953 	0.1878 	0.1856 	0.19 	0.1892 	0.1776 	0.1907 	0.1685 e	0.1673 	0.1810 	0.1833 	0.1963 	0.2002 	0.2058 	0.2068 	0.1994 	0.2165 	0.2445 	0.3991 	0.4634 	0.3803 	0.3229 	0.3617 	0.3337 
S,E7000,MWH_LT20,KWH,X_VAT,PPS,IE	: 	0.1306 	0.1213 	0.1439 	0.1498 	0.1423 	0.1421 	0.1586 	0.1673 	0.1798 	0.1687 	0.1827 	0.1801 	0.1736 	0.1728 	0.1772 	0.1885 	0.1835 	0.1744 	0.1819 	0.1645 	0.1718 	0.1735 	0.1809 	0.1771 	0.1780 	0.1819 	0.1906 	0.2096 	0.2200 	0.2557 	0.3102 	0.3100 	0.2916 	0.2700 	0.3077 	0.2645 
S,E7000,MWH_LT20,KWH,X_VAT,PPS,IS	: 	: 	: 	: 	: 	: 	: 	: 	: 	: 	: 	: 	: 	: 	: 	: 	: 	: 	0.0605 	0.0544 	0.0544 p	: 	0.0485 e	0.0460 	0.0464 	0.0464 	0.0552 e	0.0569 	0.0612 e	0.0669 e	0.0676 e	0.0718 e	0.0620 e	0.0751 e	0.0844 e	0.0926 e	: 
S,E7000,MWH_LT20,KWH,X_VAT,PPS,IT	: 	: 	0.2085 	0.2299 	0.2289 	0.2298 	0.2228 	0.249 	0.2245 	0.2427 	0.2269 	0.2577 	0.2619 	0.2718 	0.2611 	0.261 	0.2678 	0.2673 	0.2745 	0.2701 	0.2252 	0.2164 	0.2137 	0.2257 	0.3152 	0.3087 	0.2972 	0.2629 	0.2795 	0.2714 	0.3297 	0.4080 	0.3645 	0.3468 	0.3607 	0.3941 	0.4176 
S,E7000,MWH_LT20,KWH,X_VAT,PPS,LT	: 	0.1858 	0.1616 	0.1703 	0.1815 	0.1706 	0.2043 	0.2066 	0.2188 	0.2148 	0.2097 	0.2162 	0.2366 	0.2366 	0.2242 	0.2335 	0.2159 	0.216 	0.2085 	0.2026 	0.1764 	0.1782 	0.1722 	0.1946 	0.1930 	0.1979 	0.1998 	0.2149 	0.2244 	0.2906 	0.3416 	0.5485 	0.3912 	0.3446 	0.3785 	0.3749 	0.3644 
S,E7000,MWH_LT20,KWH,X_VAT,PPS,LU	0.1589 	0.1374 	0.135 	0.135 	0.1648 	0.1647 	0.1404 	0.144 	0.1441 	0.1423 	0.1477 	0.1408 	0.1342 	0.1362 	0.1435 	0.1407 	0.139 	0.1381 	0.1387 	0.1383 	0.1052 	0.1107 	0.1214 	0.1171 	0.1217 	0.1190 	0.1230 	0.1286 	0.1286 	0.1314 	0.1367 	0.1373 	0.1466 	0.1326 	0.1245 	0.1258 	0.1690 
S,E7000,MWH_LT20,KWH,X_VAT,PPS,LV	: 	0.1956 	0.1229 	0.1408 	0.1685 	0.1702 	0.1762 	0.1779 	0.1891 	0.2145 	0.2068 	0.2 	0.2074 	0.2111 	0.2243 	0.2237 	0.2367 	0.2393 	0.2298 	0.2757 	0.2596 	0.2602 	0.2713 	0.2544 	0.2491 	0.2704 	0.2584 	0.2604 	0.2704 	0.3000 	0.2255 	0.3750 	0.2634 	0.2758 	0.3076 	0.3232 	0.3164 
S,E7000,MWH_LT20,KWH,X_VAT,PPS,ME	: 	: 	: 	: 	: 	: 	: 	: 	0.1823 	0.1469 	0.1678 	0.1741 	0.1716 	0.1752 	0.1723 	0.1737 	0.1861 	0.1861 	0.1814 	0.1848 	0.1833 	: 	0.1832 	0.1817 	0.1952 	0.1999 	0.2026 	0.2060 	0.2072 	0.1952 	0.1981 	0.2008 	0.1924 	0.1813 	0.1822 	0.1826 	0.1905 p
S,E7000,MWH_LT20,KWH,X_VAT,PPS,MK	: 	: 	: 	: 	: 	: 	: 	: 	: 	: 	: 	: @C	0.3236 	0.3123 	0.314 	0.3218 	0.3335 	0.3295 	0.3252 	0.3113 	0.2798 	0.2782 	0.2709 	0.2681 	0.2675 	0.2726 	0.2432 	0.2528 	0.2674 	0.3948 	0.4125 	0.5824 	0.3916 	0.4243 	0.3693 	0.4513 	0.4938 
S,E7000,MWH_LT20,KWH,X_VAT,PPS,MT	: 	0.1869 	0.1822 	0.2476 	0.2303 	0.2007 	0.3299 	0.3327 	0.3227 	0.3227 	0.3196 	0.317 	0.3141 	0.3103 	0.3031 	0.3007 	0.274 	0.2448 	0.2922 	0.2446 	0.2387 	0.2349 	0.2315 	0.2305 	0.2786 	0.2772 	0.2786 	0.2734 	0.2734 	0.2173 	0.2201 	0.2135 	0.2146 	0.2124 	0.2111 	0.2059 	0.2053 p
S,E7000,MWH_LT20,KWH,X_VAT,PPS,NL	0.137 	0.1351 	0.1447 	0.1499 	0.1596 	0.1582 	0.1592 	0.1491 	0.1391 	0.1397 	0.1487 	0.147 	0.145 	0.153 	0.1628 	0.1515 	0.1676 	0.1632 	0.1267 	0.1313 	0.1695 	0.1739 	0.1493 	0.1728 	0.1763 	0.1627 	0.1909 	0.1908 	0.1949 	0.2006 	0.1735 	0.2691 	0.4125 	0.3108 	0.3216 	0.3124 	0.3123 
S,E7000,MWH_LT20,KWH,X_VAT,PPS,NO	: 	0.0614 	0.0617 	0.0739 	0.0611 	0.0601 	0.0804 	0.0715 	0.0784 	0.0629 	0.0601 	0.0553 	0.0585 	0.0582 	0.0551 	0.0556 	0.0545 	0.0504 	0.054 	0.0566 	0.0559 	0.0567 	0.0618 	0.0696 	0.0697 	0.0644 	0.0435 	0.0411 	0.0620 	0.0828 	0.0971 	0.1407 	0.0976 	0.0838 	0.0896 	0.0701 	0.0722 
S,E7000,MWH_LT20,KWH,X_VAT,PPS,PL	: 	0.2338 	0.2035 	0.2199 	0.2423 	0.2456 	0.2527 	0.2718 	0.2597 	0.2723 	0.2927 	0.2797 	0.268 	0.2569 	0.2591 	0.2619 	0.2617 	0.2659 	0.2592 	0.2562 	0.2575 	0.2656 	0.2413 	0.2450 	0.2300 	0.2342 	0.2667 	0.2852 	0.2933 	0.3039 	0.3452 	0.4691 	0.4688 	0.5004 	0.4359 	0.4538 	0.4539 
S,E7000,MWH_LT20,KWH,X_VAT,PPS,PT	: 	0.1532 	0.1821 	0.1862 	0.1835 	0.1916 	0.1978 	0.202 	0.2075 	0.2128 	0.2235 	0.2275 	0.2383 	0.2355 	0.2455 	0.2433 	0.2527 	0.2483 	0.2573 	0.2547 	0.2394 	0.2389 	0.2437 	0.2351 	0.1893 	0.2281 	0.2251 	0.2262 	0.2288 	0.2389 	0.2197 	0.2225 	0.2205 	0.2551 	0.2711 	0.2813 	0.2800 
S,E7000,MWH_LT20,KWH,X_VAT,PPS,RO	: 	0.2166 	0.1941 	0.204 	0.2022 	0.2056 	0.2134 	0.2163 	0.2093 	0.2127 	0.2133 	0.2191 	0.2343 	0.2244 	0.2263 	0.2054 	0.2155 	0.2195 	0.2141 	0.2056 	0.1833 	0.1907 	0.1915 	0.1974 	0.2093 	0.2186 	0.2461 	0.2346 	0.2337 	0.2668 	0.4805 d	0.6985 d	0.3370 	0.3436 	0.3097 	0.3096 	0.3114 
S,E7000,MWH_LT20,KWH,X_VAT,PPS,RS	: 	: 	: 	: 	: 	: 	: 	: 	: 	: 	: 	: 	0.1336 	0.1477 	0.1439 	0.1475 	0.15 	0.1772 	0.1738 	0.1737 	0.1644 	0.1663 	0.1645 	0.1680 	0.1617 	0.1714 	0.1728 	0.1732 	0.1737 	0.1811 	0.1775 	0.2082 	0.2137 	0.2344 	0.2286 	0.2248 	0.2265 
S,E7000,MWH_LT20,KWH,X_VAT,PPS,SE	0.0808 	0.0808 	0.0929 	0.1043 	0.1044 	0.1022 	0.1111 	0.1166 	0.1223 	0.1151 	0.1269 	0.1322 	0.109 	0.1105 	0.1071 	0.1037 	0.1034 	0.11 	0.0969 	0.1178 	0.1008 	0.1063 	0.1070 	0.1358 	0.1176 	0.1202 	0.0970 	0.1005 	0.0971 	0.1380 	0.1638 	0.2085 	0.1608 	0.1442 	0.1488 	0.1497 	0.1527 
S,E7000,MWH_LT20,KWH,X_VAT,PPS,SI	: 	0.1652 	0.1739 	0.1829 	0.1947 	0.1915 	0.1706 	0.1755 	0.1721 	0.1718 	0.1777 	0.183 	0.1867 	0.1939 	0.189 	0.184 	0.1802 	0.1796 	0.175 	0.1752 	0.1563 	0.1556 	0.1692 	0.1662 	0.1741 	0.1758 	0.1576 	0.1879 	0.1845 	0.2119 	0.1790 	0.2595 	0.2907 	0.3014 	0.2704 	0.2595 	0.2207 
S,E7000,MWH_LT20,KWH,X_VAT,PPS,SK	: 	0.2137 	0.2597 	0.255 	0.319 	0.3208 	0.2881 	0.2961 	0.2908 	0.294 	0.3087 	0.2932 	0.3036 	0.2955 	0.2951 	0.3066 	0.3161 	0.3158 	0.3136 	0.3018 	0.2546 	0.2445 	0.2544 	0.2654 	0.2658 	0.2703 	0.2756 	0.2765 	0.2697 	0.2769 	0.3360 	0.3730 	0.5106 	0.5123 	0.3510 	0.3741 	0.3197 
S,E7000,MWH_LT20,KWH,X_VAT,PPS,TR	: 	0.1119 	0.1191 	0.1511 	0.1471 	0.1528 	0.155 	0.1542 	0.1518 	0.1621 	0.1645 	0.175 	0.1624 	0.1588 	0.1454 	0.1481 	0.1508 	0.1688 	0.1545 	0.1622 	0.1326 	0.1309 	0.1229 	0.1708 	0.1770 	0.1992 	0.1952 	0.1774 	0.2193 	0.1954 	0.5094 	0.6086 	0.4611 	0.4709 	0.3331 	0.2580 	0.2374 
S,E7000,MWH_LT20,KWH,X_VAT,PPS,UK	0.122 	0.1248 	0.1212 	0.1324 	0.1391 	0.1405 	0.1354 	0.136 	0.1243 	0.1378 	0.1359 	0.1394 	0.1336 	0.1493 	0.1457 	0.1494 	0.1483 	0.1416 	0.1394 	0.1364 	0.1379 	0.1433 	0.1490 	0.1586 	0.1596 	0.1693 	0.1673 	: 	: 	: 	: 	: 	: 	: 	: 	: 	: 
S,E7000,TOT_KWH,KWH,I_TAX,EUR,AL	: 	: 	: 	: 	: 	: 	: 	: 	: 	: 	: 	: 	: 	: 	: 	: 	: 	: 	: 	: 	: 	: 	: 	: 	: 	: 	: 	: 	: 	0.1263 	0.1268 	0.1316 	0.1362 	0.1468 	0.1503 	0.1551 	0.1703 
S,E7000,TOT_KWH,KWH,I_TAX,EUR,AT	: 	: 	: 	: 	: 	: 	: 	: 	: 	: 	: 	: 	: 	: 	: 	: 	: 	: 	: 	: 	: 	: 	: 	: 	: 	: 	: 	: 	: 	0.1544 	0.2058 	0.2386 	0.2734 	0.2622 	0.2092 	0.2136 	0.2180 
S,E7000,TOT_KWH,KWH,I_TAX,EUR,BA	: 	: 	: 	: 	: 	: 	: 	: 	: 	: 	: 	: 	: 	: 	: 	: 	: 	: 	: 	: 	: 	: 	: 	: 	: 	: 	: 	: 	: 	0.0904 	0.0961 	0.1102 	0.1116 	0.1122 	0.1162 	0.1178 	0.1319 
S,E7000,TOT_KWH,KWH,I_TAX,EUR,BE	: 	: 	: 	: 	: 	: 	: 	: 	: 	: 	: 	: 	: 	: 	: 	: 	: 	: 	: 	: 	: 	: 	: 	: 	: 	: 	: 	: 	: 	0.1643 	0.2238 	0.2817 	0.2466 	0.2168 	0.1773 	0.1885 	0.2016 
S,E7000,TOT_KWH,KWH,I_TAX,EUR,BG	: 	: 	: 	: 	: 	: 	: 	: 	: 	: 	: 	: 	: 	: 	: 	: 	: 	: 	: 	: 	: 	: 	: 	: 	: 	: 	: 	: 	: 	0.1760 	0.1968 	0.2064 	0.1725 	0.1559 	0.1296 	0.1555 	0.1434 
S,E7000,TOT_KWH,KWH,I_TAX,EUR,CY	: 	: 	: 	: 	: 	: 	: 	: 	: 	: 	: 	: 	: 	: 	: 	: 	: 	: 	: 	: 	: 	: 	: 	: 	: 	: 	: 	: 	: 	0.2276 	0.2855 	0.3703 	0.3378 	0.3269 	0.2790 	: 	: 
S,E7000,TOT_KWH,KWH,I_TAX,EUR,CZ	: 	: 	: 	: 	: 	: 	: 	: 	: 	: 	: 	: 	: 	: 	: 	: 	: 	: 	: 	: 	: 	: 	: 	: 	: 	: 	: 	: 	: 	0.1253 	0.2174 	0.2385 	0.2536 	0.2335 	0.2323 	0.2347 	0.2267 
S,E7000,TOT_KWH,KWH,I_TAX,EUR,DE	: 	: 	: 	: 	: 	: 	: 	: 	: 	: 	: 	: 	: 	: 	: 	: 	: 	: 	: 	: 	: 	: 	: 	: 	: 	: 	: 	: 	: 	0.2097 	0.2468 	0.2580 	0.2599 	0.2540 	0.2469 	0.2527 	0.2415 
S,E7000,TOT_KWH,KWH,I_TAX,EUR,DK	: 	: 	: 	: 	: 	: 	: 	: 	: 	: 	: 	: 	: 	: 	: 	: 	: 	: 	: 	: 	: 	: 	: 	: 	: 	: 	: 	: 	: 	0.3116 	0.3648 	0.4365 	0.1827 	0.2691 	0.2648 	0.2860 	0.2780 
S,E7000,TOT_KWH,KWH,I_TAX,EUR,EA	: 	: 	: 	: 	: 	: 	: 	: 	: 	: 	: 	: 	: 	: 	: 	: 	: 	: 	: 	: 	: 	0.0874 	0.1053 	0.1105 	0.1278 	0.1037 	0.1238 	0.1285 	0.1414 	0.1786 	0.2289 	0.2577 	0.2552 	0.2388 	0.2173 	0.2231 	0.2187 
S,E7000,TOT_KWH,KWH,I_TAX,EUR,EE	: 	: 	: 	: 	: 	: 	: 	: 	: 	: 	: 	: 	: 	: 	: 	: 	: 	: 	: 	: 	: 	: 	: 	: 	: 	: 	: 	: 	: 	0.1675 	0.1847 	0.2821 	0.1862 	0.1862 	0.1739 	0.1808 	0.1689 
S,E7000,TOT_KWH,KWH,I_TAX,EUR,EL	: 	: 	: 	: 	: 	: 	: 	: 	: 	: 	: 	: 	: 	: 	: 	: 	: 	: 	: 	: 	: 	: 	: 	: 	: 	: 	: 	: 	: 	0.1762 	0.1961 	0.2364 	0.1958 	0.1773 	0.1625 	0.1956 	0.1966 
S,E7000,TOT_KWH,KWH,I_TAX,EUR,ES	: 	: 	: 	: 	: 	: 	: 	: 	: 	: 	: 	: 	: 	: 	: 	: 	: 	: 	: 	: 	: 	: 	: 	: 	: 	: 	: 	: 	: 	0.1730 	0.2479 	0.2772 	0.1894 	0.1789 	0.1560 	0.1693 	0.1706 
S,E7000,TOT_KWH,KWH,I_TAX,EUR,EU27_2020	: 	: 	: 	: 	: 	: 	: 	: 	: 	: 	: 	: 	: 	: 	: 	: 	: 	: 	: 	: 	: 	0.0874 	0.1053 	0.1105 	0.1278 	0.1037 	0.0956 	0.1052 	0.1121 	0.1716 	0.2211 	0.2540 	0.2491 	0.2341 	0.2143 	0.2201 	0.2155 
S,E7000,TOT_KWH,KWH,I_TAX,EUR,FI	: 	: 	: 	: 	: 	: 	: 	: 	: 	: 	: 	: 	: 	: 	: 	: 	: 	: 	: 	: 	: 	: 	: 	: 	: 	: 	: 	: 	: 	0.1035 	0.1108 	0.1663 	0.1243 	0.1065 	0.1115 	0.0924 	0.0931 
S,E7000,TOT_KWH,KWH,I_TAX,EUR,FR	: 	: 	: 	: 	: 	: 	: 	: 	: 	: 	: 	: 	: 	: 	: 	: 	: 	: 	: 	: 	: 	: 	: 	: 	: 	: 	: 	: 	: 	0.1259 	0.1570 	0.1495 	0.2480 	0.2326 	0.1988 	0.1896 	0.1828 
S,E7000,TOT_KWH,KWH,I_TAX,EUR,GE	: 	: 	: 	: 	: 	: 	: 	: 	: 	: 	: 	: 	: 	: 	: 	: 	: 	: 	: 	: 	: 	: 	: 	: 	: 	: 	: 	: 	: 	: 	: 	: 	: 	: 	: 	0.0962 	0.1019 
S,E7000,TOT_KWH,KWH,I_TAX,EUR,HR	: 	: 	: 	: 	: 	: 	: 	: 	: 	: 	: 	: 	: 	: 	: 	: 	: 	: 	: 	: 	: 	: 	: 	: 	: 	: 	: 	: 	: 	0.1304 	0.1802 	0.2744 	0.3165 	0.2539 	0.2499 	0.2508 	0.2509 
S,E7000,TOT_KWH,KWH,I_TAX,EUR,HU	: 	: 	: 	: 	: 	: 	: 	: 	: 	: 	: 	: 	: 	: 	: 	: 	: 	: 	: 	: 	: 	: 	: 	: 	: 	: 	: 	: 	0.1105 	0.1362 	0.2313 	0.3257 	0.3486 	0.3019 	0.2417 	0.2648 	0.2372 
S,E7000,TOT_KWH,KWH,I_TAX,EUR,IE	: 	: 	: 	: 	: 	: 	: 	: 	: 	: 	: 	: 	: 	: 	: 	: 	: 	: 	: 	: 	: 	: 	: 	: 	: 	: 	: 	0.1415 	: 	0.2080 	0.2430 	0.3063 	0.2936 	0.2537 	0.2482 	0.2494 	0.2555 
S,E7000,TOT_KWH,KWH,I_TAX,EUR,IT	: 	: 	: 	: 	: 	: 	: 	: 	: 	: 	: 	: 	: 	: 	: 	: 	: 	: 	: 	: 	: 	: 	: 	: 	: 	: 	: 	: 	: 	0.2170 	0.3011 	0.3907 	0.3031 	0.2740 	0.2579 	0.2757 	0.2778 
S,E7000,TOT_KWH,KWH,I_TAX,EUR,LT	: 	: 	: 	: 	: 	: 	: 	: 	: 	: 	: 	: 	: 	: 	: 	: 	: 	: 	: 	: 	: 	: 	: 	: 	: 	: 	: 	: 	: 	0.1591 	0.1925 	0.3257 	: 	: 	: 	: 	: 
S,E7000,TOT_KWH,KWH,I_TAX,EUR,LU	: 	: 	: 	: 	: 	: 	: 	: 	: 	: 	: 	: 	: 	: 	: 	: 	: 	: 	: 	: 	: 	: 	: 	: 	: 	: 	: 	: 	: 	0.1128 	0.1547 	0.1920 	0.2110 	0.1898 	0.1599 	0.1607 	0.1604 
S,E7000,TOT_KWH,KWH,I_TAX,EUR,LV	: 	: 	: 	: 	: 	: 	: 	: 	: 	: 	: 	: 	: 	: 	: 	: 	: 	: 	: 	: 	: 	: 	: 	: 	: 	: 	: 	: 	: 	: 	: 	: 	: 	: 	: 	0.1835 	: 
S,E7000,TOT_KWH,KWH,I_TAX,EUR,MD	: 	: 	: 	: 	: 	: 	: 	: 	: 	: 	: 	: 	: 	: 	: 	: 	: 	: 	: 	: 	: 	: 	: 	: 	: 	: 	: 	: 	: 	: 	0.0479 	: 	: 	: 	: 	: 	: 
S,E7000,TOT_KWH,KWH,I_TAX,EUR,MK	: 	: 	: 	: 	: 	: 	: 	: 	: 	: 	: 	: 	: 	: 	: 	: 	: 	: 	: 	: 	: 	: 	: 	: 	: 	: 	: 	: 	: 	0.1562 	0.2148 	0.3358 	0.1905 	0.1521 	0.1257 	0.1711 	: 
S,E7000,TOT_KWH,KWH,I_TAX,EUR,NL	: 	: 	: 	: 	: 	: 	: 	: 	: 	: 	: 	: 	: 	: 	: 	: 	: 	: 	: 	: 	: 	0.0874 	0.1053 	0.1105 	0.1278 	0.1037 	0.1238 	0.1256 	0.1414 	0.1506 	0.2063 	0.2124 	0.3088 	0.2678 	0.2412 	0.2251 	0.2055 
S,E7000,TOT_KWH,KWH,I_TAX,EUR,NO	: 	: 	: 	: 	: 	: 	: 	: 	: 	: 	: 	: 	: 	: 	: 	: 	: 	: 	: 	: 	: 	: 	: 	: 	: 	: 	: 	: 	: 	0.0980 	0.1177 	0.1616 	0.0977 	0.0752 	0.0812 	0.0643 	0.0720 
S,E7000,TOT_KWH,KWH,I_TAX,EUR,PL	: 	: 	: 	: 	: 	: 	: 	: 	: 	: 	: 	: 	: 	: 	: 	: 	: 	: 	: 	: 	: 	: 	: 	: 	: 	: 	: 	: 	: 	0.1387 	0.1707 	0.1969 	0.2737 	0.2713 	0.2520 	0.2621 	0.2516 
S,E7000,TOT_KWH,KWH,I_TAX,EUR,PT	: 	: 	: 	: 	: 	: 	: 	: 	: 	: 	: 	: 	: 	: 	: 	: 	: 	: 	: 	: 	: 	: 	: 	: 	: 	: 	: 	: 	: 	0.1686 	0.1796 	0.1812 	0.1269 	0.1539 	0.1504 	0.1737 	0.1725 
S,E7000,TOT_KWH,KWH,I_TAX,EUR,RO	: 	: 	: 	: 	: 	: 	: 	: 	: 	: 	: 	: 	: 	: 	: 	: 	: 	: 	: 	: 	: 	: 	: 	: 	: 	: 	: 	: 	: 	0.1509 	0.2512 	0.3655 	0.2028 	0.1975 	0.1786 	0.1858 	0.1871 
S,E7000,TOT_KWH,KWH,I_TAX,EUR,RS	: 	: 	: 	: 	: 	: 	: 	: 	: 	: 	: 	: 	: 	: 	: 	: 	: 	: 	: 	: 	: 	: 	: 	: 	: 	: 	: 	: 	: 	0.0990 	0.1079 	0.1213 	0.1555 	0.1608 	0.1701 	0.1528 	0.1583 
S,E7000,TOT_KWH,KWH,I_TAX,EUR,SE	: 	: 	: 	: 	: 	: 	: 	: 	: 	: 	: 	: 	: 	: 	: 	: 	: 	: 	: 	: 	: 	: 	: 	: 	: 	: 	0.0653 	0.0744 	0.0813 	0.1186 	0.1302 	0.1795 	0.1279 	0.1047 	0.1105 	0.0986 	0.1085 
S,E7000,TOT_KWH,KWH,I_TAX,EUR,SI	: 	: 	: 	: 	: 	: 	: 	: 	: 	: 	: 	: 	: 	: 	: 	: 	: 	: 	: 	: 	: 	: 	: 	: 	: 	: 	: 	: 	: 	0.1265 	0.1856 	0.2188 	0.2409 	0.2491 	0.2037 	: 	: 
S,E7000,TOT_KWH,KWH,I_TAX,EUR,SK	: 	: 	: 	: 	: 	: 	: 	: 	: 	: 	: 	: 	: 	: 	: 	: 	: 	: 	: 	: 	: 	: 	: 	: 	: 	: 	: 	: 	: 	0.1720 	0.2594 	0.3051 	0.3310 	0.2940 	0.2193 	0.2411 	0.2228 
S,E7000,TOT_KWH,KWH,I_TAX,EUR,TR	: 	: 	: 	: 	: 	: 	: 	: 	: 	: 	: 	: 	: 	: 	: 	: 	: 	: 	: 	: 	: 	: 	: 	: 	: 	: 	: 	: 	: 	0.0845 	0.1335 	0.2177 	0.1466 	0.1059 	0.0969 	0.1020 	0.0949 
S,E7000,TOT_KWH,KWH,I_TAX,NAC,AL	: 	: 	: 	: 	: 	: 	: 	: 	: 	: 	: 	: 	: 	: 	: 	: 	: 	: 	: 	: 	: 	: 	: 	: 	: 	: 	: 	: 	: 	15.3720 	15.3700 	15.3700 	15.3720 	15.3720 	15.3720 	15.3720 	16.8000 
S,E7000,TOT_KWH,KWH,I_TAX,NAC,AT	: 	: 	: 	: 	: 	: 	: 	: 	: 	: 	: 	: 	: 	: 	: 	: 	: 	: 	: 	: 	: 	: 	: 	: 	: 	: 	: 	: 	: 	0.1544 	0.2058 	0.2386 	0.2734 	0.2622 	0.2092 	0.2136 	0.2180 
S,E7000,TOT_KWH,KWH,I_TAX,NAC,BA	: 	: 	: 	: 	: 	: 	: 	: 	: 	: 	: 	: 	: 	: 	: 	: 	: 	: 	: 	: 	: 	: 	: 	: 	: 	: 	: 	: 	: 	0.1768 	0.1879 	0.2154 	0.2183 	0.2195 	0.2272 	0.2303 	0.2579 
S,E7000,TOT_KWH,KWH,I_TAX,NAC,BE	: 	: 	: 	: 	: 	: 	: 	: 	: 	: 	: 	: 	: 	: 	: 	: 	: 	: 	: 	: 	: 	: 	: 	: 	: 	: 	: 	: 	: 	0.1643 	0.2238 	0.2817 	0.2466 	0.2168 	0.1773 	0.1885 	0.2016 
S,E7000,TOT_KWH,KWH,I_TAX,NAC,BG	: 	: 	: 	: 	: 	: 	: 	: 	: 	: 	: 	: 	: 	: 	: 	: 	: 	: 	: 	: 	: 	: 	: 	: 	: 	: 	: 	: 	: 	0.3442 	0.3849 	0.4036 	0.3374 	0.3050 	0.2536 	0.3041 	0.2805 
S,E7000,TOT_KWH,KWH,I_TAX,NAC,CY	: 	: 	: 	: 	: 	: 	: 	: 	: 	: 	: 	: 	: 	: 	: 	: 	: 	: 	: 	: 	: 	: 	: 	: 	: 	: 	: 	: 	: 	0.2276 	0.2855 	0.3703 	0.3378 	0.3269 	0.2790 	: 	: 
S,E7000,TOT_KWH,KWH,I_TAX,NAC,CZ	: 	: 	: 	: 	: 	: 	: 	: 	: 	: 	: 	: 	: 	: 	: 	: 	: 	: 	: 	: 	: 	: 	: 	: 	: 	: 	: 	: 	: 	3.1862 	5.3583 	5.8391 	6.0059 	5.6784 	5.8120 	5.9190 	5.6685 
S,E7000,TOT_KWH,KWH,I_TAX,NAC,DE	: 	: 	: 	: 	: 	: 	: 	: 	: 	: 	: 	: 	: 	: 	: 	: 	: 	: 	: 	: 	: 	: 	: 	: 	: 	: 	: 	: 	: 	0.2097 	0.2468 	0.2580 	0.2599 	0.2540 	0.2469 	0.2527 	0.2415 
S,E7000,TOT_KWH,KWH,I_TAX,NAC,DK	: 	: 	: 	: 	: 	: 	: 	: 	: 	: 	: 	: 	: 	: 	: 	: 	: 	: 	: 	: 	: 	: 	: 	: 	: 	: 	: 	: 	: 	2.3173 	2.7143 	3.2474 	1.3603 	2.0060 	1.9749 	2.1336 	2.0739 
S,E7000,TOT_KWH,KWH,I_TAX,NAC,EE	: 	: 	: 	: 	: 	: 	: 	: 	: 	: 	: 	: 	: 	: 	: 	: 	: 	: 	: 	: 	: 	: 	: 	: 	: 	: 	: 	: 	: 	0.1675 	0.1847 	0.2821 	0.1862 	0.1862 	0.1739 	0.1808 	0.1689 
S,E7000,TOT_KWH,KWH,I_TAX,NAC,EL	: 	: 	: 	: 	: 	: 	: 	: 	: 	: 	: 	: 	: 	: 	: 	: 	: 	: 	: 	: 	: 	: 	: 	: 	: 	: 	: 	: 	: 	0.1762 	0.1961 	0.2364 	0.1958 	0.1773 	0.1625 	0.1956 	0.1966 
S,E7000,TOT_KWH,KWH,I_TAX,NAC,ES	: 	: 	: 	: 	: 	: 	: 	: 	: 	: 	: 	: 	: 	: 	: 	: 	: 	: 	: 	: 	: 	: 	: 	: 	: 	: 	: 	: 	: 	0.1730 	0.2479 	0.2772 	0.1894 	0.1789 	0.1560 	0.1693 	0.1706 
S,E7000,TOT_KWH,KWH,I_TAX,NAC,FI	: 	: 	: 	: 	: 	: 	: 	: 	: 	: 	: 	: 	: 	: 	: 	: 	: 	: 	: 	: 	: 	: 	: 	: 	: 	: 	: 	: 	: 	0.1035 	0.1108 	0.1663 	0.1243 	0.1065 	0.1115 	0.0924 	0.0931 
S,E7000,TOT_KWH,KWH,I_TAX,NAC,FR	: 	: 	: 	: 	: 	: 	: 	: 	: 	: 	: 	: 	: 	: 	: 	: 	: 	: 	: 	: 	: 	: 	: 	: 	: 	: 	: 	: 	: 	0.1259 	0.1570 	0.1495 	0.2480 	0.2326 	0.1988 	0.1896 	0.1828 
S,E7000,TOT_KWH,KWH,I_TAX,NAC,GE	: 	: 	: 	: 	: 	: 	: 	: 	: 	: 	: 	: 	: 	: 	: 	: 	: 	: 	: 	: 	: 	: 	: 	: 	: 	: 	: 	: 	: 	: 	: 	: 	: 	: 	: 	0.2849 	0.3092 
S,E7000,TOT_KWH,KWH,I_TAX,NAC,HR	: 	: 	: 	: 	: 	: 	: 	: 	: 	: 	: 	: 	: 	: 	: 	: 	: 	: 	: 	: 	: 	: 	: 	: 	: 	: 	: 	: 	: 	0.9789 	1.3593 	2.0675 	0.3165 	0.2539 	0.2499 	0.2508 	0.2509 
S,E7000,TOT_KWH,KWH,I_TAX,NAC,HU	: 	: 	: 	: 	: 	: 	: 	: 	: 	: 	: 	: 	: 	: 	: 	: 	: 	: 	: 	: 	: 	: 	: 	: 	: 	: 	: 	: 	39.5587 	48.8964 	86.7911 	132.5959 	132.6935 	115.5915 	94.2074 	106.1147 	95.9640 
S,E7000,TOT_KWH,KWH,I_TAX,NAC,IE	: 	: 	: 	: 	: 	: 	: 	: 	: 	: 	: 	: 	: 	: 	: 	: 	: 	: 	: 	: 	: 	: 	: 	: 	: 	: 	: 	0.1415 	: 	0.2080 	0.2430 	0.3063 	0.2936 	0.2537 	0.2482 	0.2494 	0.2555 
S,E7000,TOT_KWH,KWH,I_TAX,NAC,IT	: 	: 	: 	: 	: 	: 	: 	: 	: 	: 	: 	: 	: 	: 	: 	: 	: 	: 	: 	: 	: 	: 	: 	: 	: 	: 	: 	: 	: 	0.2170 	0.3011 	0.3907 	0.3031 	0.2740 	0.2579 	0.2757 	0.2778 
S,E7000,TOT_KWH,KWH,I_TAX,NAC,LT	: 	: 	: 	: 	: 	: 	: 	: 	: 	: 	: 	: 	: 	: 	: 	: 	: 	: 	: 	: 	: 	: 	: 	: 	: 	: 	: 	: 	: 	0.1591 	0.1925 	0.3257 	: 	: 	: 	: 	: 
S,E7000,TOT_KWH,KWH,I_TAX,NAC,LU	: 	: 	: 	: 	: 	: 	: 	: 	: 	: 	: 	: 	: 	: 	: 	: 	: 	: 	: 	: 	: 	: 	: 	: 	: 	: 	: 	: 	: 	0.1128 	0.1547 	0.1920 	0.2110 	0.1898 	0.1599 	0.1607 	0.1604 
S,E7000,TOT_KWH,KWH,I_TAX,NAC,LV	: 	: 	: 	: 	: 	: 	: 	: 	: 	: 	: 	: 	: 	: 	: 	: 	: 	: 	: 	: 	: 	: 	: 	: 	: 	: 	: 	: 	: 	: 	: 	: 	: 	: 	: 	0.1835 	: 
S,E7000,TOT_KWH,KWH,I_TAX,NAC,MD	: 	: 	: 	: 	: 	: 	: 	: 	: 	: 	: 	: 	: 	: 	: 	: 	: 	: 	: 	: 	: 	: 	: 	: 	: 	: 	: 	: 	: 	: 	0.9683 	: 	: 	: 	: 	: 	: 
S,E7000,TOT_KWH,KWH,I_TAX,NAC,MK	: 	: 	: 	: 	: 	: 	: 	: 	: 	: 	: 	: 	: 	: 	: 	: 	: 	: 	: 	: 	: 	: 	: 	: 	: 	: 	: 	: 	: 	9.6238 	13.2476 	20.6723 	11.7385 	9.3538 	7.7324 	10.5238 	: 
S,E7000,TOT_KWH,KWH,I_TAX,NAC,NL	: 	: 	: 	: 	: 	: 	: 	: 	: 	: 	: 	: 	: 	: 	: 	: 	: 	: 	: 	: 	: 	0.0874 	0.1053 	0.1105 	0.1278 	0.1037 	0.1238 	0.1256 	0.1414 	0.1506 	0.2063 	0.2124 	0.3088 	0.2678 	0.2412 	0.2251 	0.2055 
S,E7000,TOT_KWH,KWH,I_TAX,NAC,NO	: 	: 	: 	: 	: 	: 	: 	: 	: 	: 	: 	: 	: 	: 	: 	: 	: 	: 	: 	: 	: 	: 	: 	: 	: 	: 	: 	: 	: 	0.9947 	1.1753 	1.6516 	1.1061 	0.8667 	0.9328 	0.7557 	0.8400 
S,E7000,TOT_KWH,KWH,I_TAX,NAC,PL	: 	: 	: 	: 	: 	: 	: 	: 	: 	: 	: 	: 	: 	: 	: 	: 	: 	: 	: 	: 	: 	: 	: 	: 	: 	: 	: 	: 	: 	0.6370 	0.7914 	0.9325 	1.2650 	1.2101 	1.0880 	1.1257 	1.0646 
S,E7000,TOT_KWH,KWH,I_TAX,NAC,PT	: 	: 	: 	: 	: 	: 	: 	: 	: 	: 	: 	: 	: 	: 	: 	: 	: 	: 	: 	: 	: 	: 	: 	: 	: 	: 	: 	: 	: 	0.1686 	0.1796 	0.1812 	0.1269 	0.1539 	0.1504 	0.1737 	0.1725 
S,E7000,TOT_KWH,KWH,I_TAX,NAC,RO	: 	: 	: 	: 	: 	: 	: 	: 	: 	: 	: 	: 	: 	: 	: 	: 	: 	: 	: 	: 	: 	: 	: 	: 	: 	: 	: 	: 	: 	0.7455 	1.2425 	1.7973 	1.0008 	0.9793 	0.8884 	0.9245 	0.9361 
S,E7000,TOT_KWH,KWH,I_TAX,NAC,RS	: 	: 	: 	: 	: 	: 	: 	: 	: 	: 	: 	: 	: 	: 	: 	: 	: 	: 	: 	: 	: 	: 	: 	: 	: 	: 	: 	: 	: 	11.6420 	12.6923 	14.2359 	18.2453 	18.8454 	19.9329 	17.8760 	18.5440 
S,E7000,TOT_KWH,KWH,I_TAX,NAC,SE	: 	: 	: 	: 	: 	: 	: 	: 	: 	: 	: 	: 	: 	: 	: 	: 	: 	: 	: 	: 	: 	: 	: 	: 	: 	: 	0.6965 	0.7679 	0.8238 	1.2051 	1.3646 	1.9351 	1.4493 	1.2170 	1.2593 	1.1313 	1.2038 
S,E7000,TOT_KWH,KWH,I_TAX,NAC,SI	: 	: 	: 	: 	: 	: 	: 	: 	: 	: 	: 	: 	: 	: 	: 	: 	: 	: 	: 	: 	: 	: 	: 	: 	: 	: 	: 	: 	: 	0.1265 	0.1856 	0.2188 	0.2409 	0.2491 	0.2037 	: 	: 
S,E7000,TOT_KWH,KWH,I_TAX,NAC,SK	: 	: 	: 	: 	: 	: 	: 	: 	: 	: 	: 	: 	: 	: 	: 	: 	: 	: 	: 	: 	: 	: 	: 	: 	: 	: 	: 	: 	: 	0.1720 	0.2594 	0.3051 	0.3310 	0.2940 	0.2193 	0.2411 	0.2228 
S,E7000,TOT_KWH,KWH,I_TAX,NAC,TR	: 	: 	: 	: 	: 	: 	: 	: 	: 	: 	: 	: 	: 	: 	: 	: 	: 	: 	: 	: 	: 	: 	: 	: 	: 	: 	: 	: 	: 	0.9680 	2.1705 	4.0370 	3.1657 	3.1686 	3.3190 	3.7607 	3.9014 
S,E7000,TOT_KWH,KWH,I_TAX,PPS,AL	: 	: 	: 	: 	: 	: 	: 	: 	: 	: 	: 	: 	: 	: 	: 	: 	: 	: 	: 	: 	: 	: 	: 	: 	: 	: 	: 	: 	: 	0.2388 	0.2398 	0.2398 	0.2412 	0.2416 	0.2443 	0.2457 	0.2703 
S,E7000,TOT_KWH,KWH,I_TAX,PPS,AT	: 	: 	: 	: 	: 	: 	: 	: 	: 	: 	: 	: 	: 	: 	: 	: 	: 	: 	: 	: 	: 	: 	: 	: 	: 	: 	: 	: 	: 	0.1337 	0.1782 	0.2092 	0.2435 	0.2335 	0.1847 	0.1885 	0.1898 
S,E7000,TOT_KWH,KWH,I_TAX,PPS,BA	: 	: 	: 	: 	: 	: 	: 	: 	: 	: 	: 	: 	: 	: 	: 	: 	: 	: 	: 	: 	: 	: 	: 	: 	: 	: 	: 	: 	: 	0.1738 	0.1847 	0.2115 	0.2051 	0.2028 	0.2130 	0.2147 	0.2235 
S,E7000,TOT_KWH,KWH,I_TAX,PPS,BE	: 	: 	: 	: 	: 	: 	: 	: 	: 	: 	: 	: 	: 	: 	: 	: 	: 	: 	: 	: 	: 	: 	: 	: 	: 	: 	: 	: 	: 	0.1477 	0.2014 	0.2535 	0.2215 	0.1938 	0.1580 	0.1670 	0.1796 
S,E7000,TOT_KWH,KWH,I_TAX,PPS,BG	: 	: 	: 	: 	: 	: 	: 	: 	: 	: 	: 	: 	: 	: 	: 	: 	: 	: 	: 	: 	: 	: 	: 	: 	: 	: 	: 	: 	: 	0.3188 	0.3566 	0.3722 	0.2862 	0.2587 	0.2147 	0.2576 	0.2338 
S,E7000,TOT_KWH,KWH,I_TAX,PPS,CY	: 	: 	: 	: 	: 	: 	: 	: 	: 	: 	: 	: 	: 	: 	: 	: 	: 	: 	: 	: 	: 	: 	: 	: 	: 	: 	: 	: 	: 	0.2482 	0.3114 	0.4086 	0.3693 	0.3586 	0.3105 	: 	: 
S,E7000,TOT_KWH,KWH,I_TAX,PPS,CZ	: 	: 	: 	: 	: 	: 	: 	: 	: 	: 	: 	: 	: 	: 	: 	: 	: 	: 	: 	: 	: 	: 	: 	: 	: 	: 	: 	: 	: 	0.1646 	0.2768 	0.3038 	0.3023 	0.2865 	0.2897 	0.2914 	0.2793 
S,E7000,TOT_KWH,KWH,I_TAX,PPS,DE	: 	: 	: 	: 	: 	: 	: 	: 	: 	: 	: 	: 	: 	: 	: 	: 	: 	: 	: 	: 	: 	: 	: 	: 	: 	: 	: 	: 	: 	0.1888 	0.2222 	0.2324 	0.2321 	0.2270 	0.2196 	0.2258 	0.2163 
S,E7000,TOT_KWH,KWH,I_TAX,PPS,DK	: 	: 	: 	: 	: 	: 	: 	: 	: 	: 	: 	: 	: 	: 	: 	: 	: 	: 	: 	: 	: 	: 	: 	: 	: 	: 	: 	: 	: 	0.2346 	0.2731 	0.3267 	0.1382 	0.2023 	0.2003 	0.2164 	0.2125 
S,E7000,TOT_KWH,KWH,I_TAX,PPS,EA	: 	: 	: 	: 	: 	: 	: 	: 	: 	: 	: 	: 	: 	: 	: 	: 	: 	: 	: 	: 	: 	0.0768 	0.0919 	0.0965 	0.1083 	0.0879 	0.1062 	0.1094 	0.1217 	0.1725 	0.2220 	0.2513 	0.2444 	0.2289 	0.2080 	0.2154 	0.2118 
S,E7000,TOT_KWH,KWH,I_TAX,PPS,EE	: 	: 	: 	: 	: 	: 	: 	: 	: 	: 	: 	: 	: 	: 	: 	: 	: 	: 	: 	: 	: 	: 	: 	: 	: 	: 	: 	: 	: 	0.2045 	0.2255 	0.3442 	0.2102 	0.2075 	0.1933 	0.1970 	0.1848 
S,E7000,TOT_KWH,KWH,I_TAX,PPS,EL	: 	: 	: 	: 	: 	: 	: 	: 	: 	: 	: 	: 	: 	: 	: 	: 	: 	: 	: 	: 	: 	: 	: 	: 	: 	: 	: 	: 	: 	0.2146 	0.2384 	0.2873 	0.2387 	0.2161 	0.2006 	0.2415 	0.2420 
S,E7000,TOT_KWH,KWH,I_TAX,PPS,ES	: 	: 	: 	: 	: 	: 	: 	: 	: 	: 	: 	: 	: 	: 	: 	: 	: 	: 	: 	: 	: 	: 	: 	: 	: 	: 	: 	: 	: 	0.1849 	0.2649 	0.2936 	0.2032 	0.1918 	0.1704 	0.1887 	0.1902 
S,E7000,TOT_KWH,KWH,I_TAX,PPS,EU27_2020	: 	: 	: 	: 	: 	: 	: 	: 	: 	: 	: 	: 	: 	: 	: 	: 	: 	: 	: 	: 	: 	0.0768 	0.0919 	0.0965 	0.1083 	0.0879 	0.0804 	0.0872 	0.1044 	0.1782 	0.2302 	0.2683 	0.2605 	0.2444 	0.2201 	0.2283 	0.2222 
S,E7000,TOT_KWH,KWH,I_TAX,PPS,FI	: 	: 	: 	: 	: 	: 	: 	: 	: 	: 	: 	: 	: 	: 	: 	: 	: 	: 	: 	: 	: 	: 	: 	: 	: 	: 	: 	: 	: 	0.0832 	0.0888 	0.1334 	0.1003 	0.0859 	0.0929 	0.0770 	0.0775 
S,E7000,TOT_KWH,KWH,I_TAX,PPS,FR	: 	: 	: 	: 	: 	: 	: 	: 	: 	: 	: 	: 	: 	: 	: 	: 	: 	: 	: 	: 	: 	: 	: 	: 	: 	: 	: 	: 	: 	0.1158 	0.1448 	0.1379 	0.2283 	0.2130 	0.1820 	0.1736 	0.1679 
S,E7000,TOT_KWH,KWH,I_TAX,PPS,HR	: 	: 	: 	: 	: 	: 	: 	: 	: 	: 	: 	: 	: 	: 	: 	: 	: 	: 	: 	: 	: 	: 	: 	: 	: 	: 	: 	: 	: 	0.1996 	0.2771 	0.4211 	0.4754 	0.3769 	0.3617 	0.3670 	0.3520 
S,E7000,TOT_KWH,KWH,I_TAX,PPS,HU	: 	: 	: 	: 	: 	: 	: 	: 	: 	: 	: 	: 	: 	: 	: 	: 	: 	: 	: 	: 	: 	: 	: 	: 	: 	: 	: 	: 	0.1695 	0.2108 	0.3432 	0.5244 	0.5248 	0.4571 	0.3462 	0.3965 	0.3424 
S,E7000,TOT_KWH,KWH,I_TAX,PPS,IE	: 	: 	: 	: 	: 	: 	: 	: 	: 	: 	: 	: 	: 	: 	: 	: 	: 	: 	: 	: 	: 	: 	: 	: 	: 	: 	: 	0.1165 	: 	0.1736 	0.2059 	0.2577 	0.2453 	0.2134 	0.2067 	0.2107 	0.2158 
S,E7000,TOT_KWH,KWH,I_TAX,PPS,IT	: 	: 	: 	: 	: 	: 	: 	: 	: 	: 	: 	: 	: 	: 	: 	: 	: 	: 	: 	: 	: 	: 	: 	: 	: 	: 	: 	: 	: 	0.2214 	0.3071 	0.4000 	0.3152 	0.2856 	0.2671 	0.2867 	0.2904 
S,E7000,TOT_KWH,KWH,I_TAX,PPS,LT	: 	: 	: 	: 	: 	: 	: 	: 	: 	: 	: 	: 	: 	: 	: 	: 	: 	: 	: 	: 	: 	: 	: 	: 	: 	: 	: 	: 	: 	0.2286 	0.2766 	0.4718 	: 	: 	: 	: 	: 
S,E7000,TOT_KWH,KWH,I_TAX,PPS,LU	: 	: 	: 	: 	: 	: 	: 	: 	: 	: 	: 	: 	: 	: 	: 	: 	: 	: 	: 	: 	: 	: 	: 	: 	: 	: 	: 	: 	: 	0.0884 	0.1213 	0.1482 	0.1626 	0.1435 	0.1209 	0.1222 	0.1216 
S,E7000,TOT_KWH,KWH,I_TAX,PPS,LV	: 	: 	: 	: 	: 	: 	: 	: 	: 	: 	: 	: 	: 	: 	: 	: 	: 	: 	: 	: 	: 	: 	: 	: 	: 	: 	: 	: 	: 	: 	: 	: 	: 	: 	: 	0.2373 	: 
S,E7000,TOT_KWH,KWH,I_TAX,PPS,MK	: 	: 	: 	: 	: 	: 	: 	: 	: 	: 	: 	: 	: 	: 	: 	: 	: 	: 	: 	: 	: 	: 	: 	: 	: 	: 	: 	: 	: 	0.3286 	0.4524 	0.7207 	0.3986 	0.3202 	0.2594 	0.3374 	: 
S,E7000,TOT_KWH,KWH,I_TAX,PPS,NL	: 	: 	: 	: 	: 	: 	: 	: 	: 	: 	: 	: 	: 	: 	: 	: 	: 	: 	: 	: 	: 	0.0768 	0.0919 	0.0965 	0.1083 	0.0879 	0.1062 	0.1078 	0.1217 	0.1297 	0.1763 	0.1814 	0.2627 	0.2279 	0.2058 	0.1920 	0.1753 
S,E7000,TOT_KWH,KWH,I_TAX,PPS,NO	: 	: 	: 	: 	: 	: 	: 	: 	: 	: 	: 	: 	: 	: 	: 	: 	: 	: 	: 	: 	: 	: 	: 	: 	: 	: 	: 	: 	: 	0.0686 	0.0811 	0.1151 	0.0810 	0.0639 	0.0656 	0.0533 	0.0581 
S,E7000,TOT_KWH,KWH,I_TAX,PPS,PL	: 	: 	: 	: 	: 	: 	: 	: 	: 	: 	: 	: 	: 	: 	: 	: 	: 	: 	: 	: 	: 	: 	: 	: 	: 	: 	: 	: 	: 	0.2314 	0.2727 	0.3213 	0.4393 	0.4202 	0.3546 	0.3669 	0.3438 
S,E7000,TOT_KWH,KWH,I_TAX,PPS,PT	: 	: 	: 	: 	: 	: 	: 	: 	: 	: 	: 	: 	: 	: 	: 	: 	: 	: 	: 	: 	: 	: 	: 	: 	: 	: 	: 	: 	: 	0.1968 	0.2098 	0.2116 	0.1485 	0.1826 	0.1819 	0.2110 	0.2092 
S,E7000,TOT_KWH,KWH,I_TAX,PPS,RO	: 	: 	: 	: 	: 	: 	: 	: 	: 	: 	: 	: 	: 	: 	: 	: 	: 	: 	: 	: 	: 	: 	: 	: 	: 	: 	: 	: 	: 	0.2850 	0.4505 	0.6517 	0.3629 	0.3551 	0.3160 	0.3261 	0.3154 
S,E7000,TOT_KWH,KWH,I_TAX,PPS,RS	: 	: 	: 	: 	: 	: 	: 	: 	: 	: 	: 	: 	: 	: 	: 	: 	: 	: 	: 	: 	: 	: 	: 	: 	: 	: 	: 	: 	: 	0.1818 	0.1982 	0.2227 	0.2705 	0.2753 	0.2775 	0.2504 	0.2579 
S,E7000,TOT_KWH,KWH,I_TAX,PPS,SE	: 	: 	: 	: 	: 	: 	: 	: 	: 	: 	: 	: 	: 	: 	: 	: 	: 	: 	: 	: 	: 	: 	: 	: 	: 	: 	0.0526 	0.0580 	0.0626 	0.0916 	0.1037 	0.1471 	0.1076 	0.0901 	0.0926 	0.0837 	0.0895 
S,E7000,TOT_KWH,KWH,I_TAX,PPS,SI	: 	: 	: 	: 	: 	: 	: 	: 	: 	: 	: 	: 	: 	: 	: 	: 	: 	: 	: 	: 	: 	: 	: 	: 	: 	: 	: 	: 	: 	0.1492 	0.2188 	0.2575 	0.2802 	0.2936 	0.2354 	: 	: 
S,E7000,TOT_KWH,KWH,I_TAX,PPS,SK	: 	: 	: 	: 	: 	: 	: 	: 	: 	: 	: 	: 	: 	: 	: 	: 	: 	: 	: 	: 	: 	: 	: 	: 	: 	: 	: 	: 	: 	0.2125 	0.3206 	0.3792 	0.3995 	0.3708 	0.2707 	0.3013 	0.2779 
S,E7000,TOT_KWH,KWH,I_TAX,PPS,TR	: 	: 	: 	: 	: 	: 	: 	: 	: 	: 	: 	: 	: 	: 	: 	: 	: 	: 	: 	: 	: 	: 	: 	: 	: 	: 	: 	: 	: 	0.2322 	0.5207 	0.5566 	0.4266 	0.4270 	0.2977 	0.2078 	0.2156 
S,E7000,TOT_KWH,KWH,X_TAX,EUR,AL	: 	: 	: 	: 	: 	: 	: 	: 	: 	: 	: 	: 	: 	: 	: 	: 	: 	: 	: 	: 	: 	: 	: 	: 	: 	: 	: 	: 	: 	0.1053 	0.1057 	0.1097 	0.1135 	0.1223 	0.1252 	0.1292 	0.1420 
S,E7000,TOT_KWH,KWH,X_TAX,EUR,AT	: 	: 	: 	: 	: 	: 	: 	: 	: 	: 	: 	: 	: 	: 	: 	: 	: 	: 	: 	: 	: 	: 	: 	: 	: 	: 	: 	: 	: 	0.1010 	0.1542 	0.1928 	0.2264 	0.2163 	0.1727 	0.1758 	0.1613 
S,E7000,TOT_KWH,KWH,X_TAX,EUR,BA	: 	: 	: 	: 	: 	: 	: 	: 	: 	: 	: 	: 	: 	: 	: 	: 	: 	: 	: 	: 	: 	: 	: 	: 	: 	: 	: 	: 	: 	0.0745 	0.0795 	0.0916 	0.0949 	0.0954 	0.0988 	0.1001 	0.1122 
S,E7000,TOT_KWH,KWH,X_TAX,EUR,BE	: 	: 	: 	: 	: 	: 	: 	: 	: 	: 	: 	: 	: 	: 	: 	: 	: 	: 	: 	: 	: 	: 	: 	: 	: 	: 	: 	: 	: 	0.1101 	0.1584 	0.2101 	0.1834 	0.1542 	0.1221 	0.1316 	0.1424 
S,E7000,TOT_KWH,KWH,X_TAX,EUR,BG	: 	: 	: 	: 	: 	: 	: 	: 	: 	: 	: 	: 	: 	: 	: 	: 	: 	: 	: 	: 	: 	: 	: 	: 	: 	: 	: 	: 	: 	0.1660 	0.2274 	0.3320 	0.1544 	0.1296 	0.1070 	0.1522 	0.1365 
S,E7000,TOT_KWH,KWH,X_TAX,EUR,CY	: 	: 	: 	: 	: 	: 	: 	: 	: 	: 	: 	: 	: 	: 	: 	: 	: 	: 	: 	: 	: 	: 	: 	: 	: 	: 	: 	: 	: 	0.1399 	0.1705 	0.2449 	0.2029 	0.1995 	0.1789 	: 	: 
S,E7000,TOT_KWH,KWH,X_TAX,EUR,CZ	: 	: 	: 	: 	: 	: 	: 	: 	: 	: 	: 	: 	: 	: 	: 	: 	: 	: 	: 	: 	: 	: 	: 	: 	: 	: 	: 	: 	: 	0.0970 	0.1691 	0.1947 	0.2083 	0.1917 	0.1747 	0.1768 	0.1703 
S,E7000,TOT_KWH,KWH,X_TAX,EUR,DE	: 	: 	: 	: 	: 	: 	: 	: 	: 	: 	: 	: 	: 	: 	: 	: 	: 	: 	: 	: 	: 	: 	: 	: 	: 	: 	: 	: 	: 	0.0955 	0.1482 	0.1831 	0.1831 	0.1784 	0.1742 	0.1792 	0.1632 
S,E7000,TOT_KWH,KWH,X_TAX,EUR,DK	: 	: 	: 	: 	: 	: 	: 	: 	: 	: 	: 	: 	: 	: 	: 	: 	: 	: 	: 	: 	: 	: 	: 	: 	: 	: 	: 	: 	: 	0.1272 	0.1694 	0.2482 	0.1440 	0.1207 	0.1087 	0.1258 	0.1259 
S,E7000,TOT_KWH,KWH,X_TAX,EUR,EA	: 	: 	: 	: 	: 	: 	: 	: 	: 	: 	: 	: 	: 	: 	: 	: 	: 	: 	: 	: 	: 	0.0609 	0.0619 	0.0735 	0.0759 	0.0705 	0.0730 	0.0853 	0.0809 	0.1101 	0.1705 	0.2082 	0.1977 	0.1805 	0.1573 	0.1617 	0.1547 
S,E7000,TOT_KWH,KWH,X_TAX,EUR,EE	: 	: 	: 	: 	: 	: 	: 	: 	: 	: 	: 	: 	: 	: 	: 	: 	: 	: 	: 	: 	: 	: 	: 	: 	: 	: 	: 	: 	: 	0.1275 	0.1418 	0.2228 	0.1418 	0.1429 	0.1310 	0.1363 	0.1285 
S,E7000,TOT_KWH,KWH,X_TAX,EUR,EL	: 	: 	: 	: 	: 	: 	: 	: 	: 	: 	: 	: 	: 	: 	: 	: 	: 	: 	: 	: 	: 	: 	: 	: 	: 	: 	: 	: 	: 	0.1507 	0.2191 	0.3418 	0.1630 	0.1456 	0.1316 	0.1624 	0.1636 
S,E7000,TOT_KWH,KWH,X_TAX,EUR,ES	: 	: 	: 	: 	: 	: 	: 	: 	: 	: 	: 	: 	: 	: 	: 	: 	: 	: 	: 	: 	: 	: 	: 	: 	: 	: 	: 	: 	: 	0.1158 	0.1970 	0.2186 	0.1515 	0.1434 	0.1169 	0.1281 	0.1250 
S,E7000,TOT_KWH,KWH,X_TAX,EUR,EU27_2020	: 	: 	: 	: 	: 	: 	: 	: 	: 	: 	: 	: 	: 	: 	: 	: 	: 	: 	: 	: 	: 	0.0609 	0.0619 	0.0735 	0.0759 	0.0705 	0.0628 	0.0740 	0.0738 	0.1070 	0.1634 	0.2029 	0.1893 	0.1726 	0.1512 	0.1563 	0.1503 
S,E7000,TOT_KWH,KWH,X_TAX,EUR,FI	: 	: 	: 	: 	: 	: 	: 	: 	: 	: 	: 	: 	: 	: 	: 	: 	: 	: 	: 	: 	: 	: 	: 	: 	: 	: 	: 	: 	: 	0.0828 	0.0888 	0.1365 	0.0997 	0.0853 	0.0893 	0.0732 	0.0735 
S,E7000,TOT_KWH,KWH,X_TAX,EUR,FR	: 	: 	: 	: 	: 	: 	: 	: 	: 	: 	: 	: 	: 	: 	: 	: 	: 	: 	: 	: 	: 	: 	: 	: 	: 	: 	: 	: 	: 	0.0890 	0.1241 	0.1237 	0.2071 	0.1939 	0.1570 	0.1469 	0.1337 
S,E7000,TOT_KWH,KWH,X_TAX,EUR,GE	: 	: 	: 	: 	: 	: 	: 	: 	: 	: 	: 	: 	: 	: 	: 	: 	: 	: 	: 	: 	: 	: 	: 	: 	: 	: 	: 	: 	: 	: 	: 	: 	: 	: 	: 	0.0815 	0.0864 
S,E7000,TOT_KWH,KWH,X_TAX,EUR,HR	: 	: 	: 	: 	: 	: 	: 	: 	: 	: 	: 	: 	: 	: 	: 	: 	: 	: 	: 	: 	: 	: 	: 	: 	: 	: 	: 	: 	: 	0.1024 	0.1465 	0.2292 	0.2656 	0.2105 	0.2071 	0.2079 	0.2078 
S,E7000,TOT_KWH,KWH,X_TAX,EUR,HU	: 	: 	: 	: 	: 	: 	: 	: 	: 	: 	: 	: 	: 	: 	: 	: 	: 	: 	: 	: 	: 	: 	: 	: 	: 	: 	: 	: 	0.0789 	0.1043 	0.1888 	0.2527 	0.2681 	0.2307 	0.1724 	0.1970 	0.1714 
S,E7000,TOT_KWH,KWH,X_TAX,EUR,IE	: 	: 	: 	: 	: 	: 	: 	: 	: 	: 	: 	: 	: 	: 	: 	: 	: 	: 	: 	: 	: 	: 	: 	: 	: 	: 	: 	0.1170 	: 	0.1755 	0.2139 	0.2806 	0.2823 	0.2486 	0.2294 	0.2281 	0.2312 
S,E7000,TOT_KWH,KWH,X_TAX,EUR,IT	: 	: 	: 	: 	: 	: 	: 	: 	: 	: 	: 	: 	: 	: 	: 	: 	: 	: 	: 	: 	: 	: 	: 	: 	: 	: 	: 	: 	: 	0.1497 	0.2473 	0.3291 	0.2285 	0.1910 	0.1678 	0.1800 	0.1903 
S,E7000,TOT_KWH,KWH,X_TAX,EUR,LT	: 	: 	: 	: 	: 	: 	: 	: 	: 	: 	: 	: 	: 	: 	: 	: 	: 	: 	: 	: 	: 	: 	: 	: 	: 	: 	: 	: 	: 	0.1213 	0.1556 	0.2689 	: 	: 	: 	: 	: 
S,E7000,TOT_KWH,KWH,X_TAX,EUR,LU	: 	: 	: 	: 	: 	: 	: 	: 	: 	: 	: 	: 	: 	: 	: 	: 	: 	: 	: 	: 	: 	: 	: 	: 	: 	: 	: 	: 	: 	0.0973 	0.1390 	0.1729 	0.2049 	0.1848 	0.1552 	0.1575 	0.1513 
S,E7000,TOT_KWH,KWH,X_TAX,EUR,LV	: 	: 	: 	: 	: 	: 	: 	: 	: 	: 	: 	: 	: 	: 	: 	: 	: 	: 	: 	: 	: 	: 	: 	: 	: 	: 	: 	: 	: 	: 	: 	: 	: 	: 	: 	0.1499 	: 
S,E7000,TOT_KWH,KWH,X_TAX,EUR,MD	: 	: 	: 	: 	: 	: 	: 	: 	: 	: 	: 	: 	: 	: 	: 	: 	: 	: 	: 	: 	: 	: 	: 	: 	: 	: 	: 	: 	: 	: 	0.0401 	: 	: 	: 	: 	: 	: 
S,E7000,TOT_KWH,KWH,X_TAX,EUR,MK	: 	: 	: 	: 	: 	: 	: 	: 	: 	: 	: 	: 	: 	: 	: 	: 	: 	: 	: 	: 	: 	: 	: 	: 	: 	: 	: 	: 	: 	0.1324 	0.1820 	0.2845 	0.1615 	0.1289 	0.1065 	0.1450 	: 
S,E7000,TOT_KWH,KWH,X_TAX,EUR,NL	: 	: 	: 	: 	: 	: 	: 	: 	: 	: 	: 	: 	: 	: 	: 	: 	: 	: 	: 	: 	: 	0.0609 	0.0619 	0.0735 	0.0759 	0.0705 	0.0730 	0.0782 	0.0809 	0.0996 	0.1476 	0.1750 	0.2182 	0.1962 	0.1643 	0.1636 	0.1417 
S,E7000,TOT_KWH,KWH,X_TAX,EUR,NO	: 	: 	: 	: 	: 	: 	: 	: 	: 	: 	: 	: 	: 	: 	: 	: 	: 	: 	: 	: 	: 	: 	: 	: 	: 	: 	: 	: 	: 	0.0738 	0.0895 	0.1246 	0.0739 	0.0559 	0.0607 	0.0471 	0.0533 
S,E7000,TOT_KWH,KWH,X_TAX,EUR,PL	: 	: 	: 	: 	: 	: 	: 	: 	: 	: 	: 	: 	: 	: 	: 	: 	: 	: 	: 	: 	: 	: 	: 	: 	: 	: 	: 	: 	: 	0.0721 	0.1016 	0.1240 	0.1498 	0.1483 	0.1312 	0.1411 	0.1393 
S,E7000,TOT_KWH,KWH,X_TAX,EUR,PT	: 	: 	: 	: 	: 	: 	: 	: 	: 	: 	: 	: 	: 	: 	: 	: 	: 	: 	: 	: 	: 	: 	: 	: 	: 	: 	: 	: 	: 	0.1049 	0.1595 	0.1773 	0.1766 	0.1394 	0.1122 	0.1176 	0.1181 
S,E7000,TOT_KWH,KWH,X_TAX,EUR,RO	: 	: 	: 	: 	: 	: 	: 	: 	: 	: 	: 	: 	: 	: 	: 	: 	: 	: 	: 	: 	: 	: 	: 	: 	: 	: 	: 	: 	: 	0.1128 	0.1940 	0.2914 	0.1582 	0.1526 	0.1341 	0.1418 	0.1437 
S,E7000,TOT_KWH,KWH,X_TAX,EUR,RS	: 	: 	: 	: 	: 	: 	: 	: 	: 	: 	: 	: 	: 	: 	: 	: 	: 	: 	: 	: 	: 	: 	: 	: 	: 	: 	: 	: 	: 	0.0736 	0.0822 	0.0899 	0.1168 	0.1200 	0.1252 	0.1122 	0.1165 
S,E7000,TOT_KWH,KWH,X_TAX,EUR,SE	: 	: 	: 	: 	: 	: 	: 	: 	: 	: 	: 	: 	: 	: 	: 	: 	: 	: 	: 	: 	: 	: 	: 	: 	: 	: 	0.0518 	0.0591 	0.0645 	0.0943 	0.1036 	0.1431 	0.1018 	0.0833 	0.0879 	0.0784 	0.0863 
S,E7000,TOT_KWH,KWH,X_TAX,EUR,SI	: 	: 	: 	: 	: 	: 	: 	: 	: 	: 	: 	: 	: 	: 	: 	: 	: 	: 	: 	: 	: 	: 	: 	: 	: 	: 	: 	: 	: 	0.0853 	0.1415 	0.1805 	0.2048 	0.1917 	0.1542 	: 	: 
S,E7000,TOT_KWH,KWH,X_TAX,EUR,SK	: 	: 	: 	: 	: 	: 	: 	: 	: 	: 	: 	: 	: 	: 	: 	: 	: 	: 	: 	: 	: 	: 	: 	: 	: 	: 	: 	: 	: 	0.1087 	0.1931 	0.2311 	0.2415 	0.2108 	0.1603 	0.1783 	0.1596 
S,E7000,TOT_KWH,KWH,X_TAX,EUR,TR	: 	: 	: 	: 	: 	: 	: 	: 	: 	: 	: 	: 	: 	: 	: 	: 	: 	: 	: 	: 	: 	: 	: 	: 	: 	: 	: 	: 	: 	0.0703 	0.1123 	0.1833 	0.1234 	0.0876 	0.0801 	0.0845 	0.0786 
S,E7000,TOT_KWH,KWH,X_TAX,NAC,AL	: 	: 	: 	: 	: 	: 	: 	: 	: 	: 	: 	: 	: 	: 	: 	: 	: 	: 	: 	: 	: 	: 	: 	: 	: 	: 	: 	: 	: 	12.8100 	12.8100 	12.8100 	12.8100 	12.8100 	12.8100 	12.8100 	14.0000 
S,E7000,TOT_KWH,KWH,X_TAX,NAC,AT	: 	: 	: 	: 	: 	: 	: 	: 	: 	: 	: 	: 	: 	: 	: 	: 	: 	: 	: 	: 	: 	: 	: 	: 	: 	: 	: 	: 	: 	0.1010 	0.1542 	0.1928 	0.2264 	0.2163 	0.1727 	0.1758 	0.1613 
S,E7000,TOT_KWH,KWH,X_TAX,NAC,BA	: 	: 	: 	: 	: 	: 	: 	: 	: 	: 	: 	: 	: 	: 	: 	: 	: 	: 	: 	: 	: 	: 	: 	: 	: 	: 	: 	: 	: 	0.1457 	0.1556 	0.1792 	0.1855 	0.1865 	0.1932 	0.1959 	0.2194 
S,E7000,TOT_KWH,KWH,X_TAX,NAC,BE	: 	: 	: 	: 	: 	: 	: 	: 	: 	: 	: 	: 	: 	: 	: 	: 	: 	: 	: 	: 	: 	: 	: 	: 	: 	: 	: 	: 	: 	0.1101 	0.1584 	0.2101 	0.1834 	0.1542 	0.1221 	0.1316 	0.1424 
S,E7000,TOT_KWH,KWH,X_TAX,NAC,BG	: 	: 	: 	: 	: 	: 	: 	: 	: 	: 	: 	: 	: 	: 	: 	: 	: 	: 	: 	: 	: 	: 	: 	: 	: 	: 	: 	: 	: 	0.3246 	0.4447 	0.6492 	0.3020 	0.2534 	0.2093 	0.2977 	0.2669 
S,E7000,TOT_KWH,KWH,X_TAX,NAC,CY	: 	: 	: 	: 	: 	: 	: 	: 	: 	: 	: 	: 	: 	: 	: 	: 	: 	: 	: 	: 	: 	: 	: 	: 	: 	: 	: 	: 	: 	0.1399 	0.1705 	0.2449 	0.2029 	0.1995 	0.1789 	: 	: 
S,E7000,TOT_KWH,KWH,X_TAX,NAC,CZ	: 	: 	: 	: 	: 	: 	: 	: 	: 	: 	: 	: 	: 	: 	: 	: 	: 	: 	: 	: 	: 	: 	: 	: 	: 	: 	: 	: 	: 	2.4683 	4.1687 	4.7675 	4.9342 	4.6636 	4.3698 	4.4593 	4.2582 
S,E7000,TOT_KWH,KWH,X_TAX,NAC,DE	: 	: 	: 	: 	: 	: 	: 	: 	: 	: 	: 	: 	: 	: 	: 	: 	: 	: 	: 	: 	: 	: 	: 	: 	: 	: 	: 	: 	: 	0.0955 	0.1482 	0.1831 	0.1831 	0.1784 	0.1742 	0.1792 	0.1632 
S,E7000,TOT_KWH,KWH,X_TAX,NAC,DK	: 	: 	: 	: 	: 	: 	: 	: 	: 	: 	: 	: 	: 	: 	: 	: 	: 	: 	: 	: 	: 	: 	: 	: 	: 	: 	: 	: 	: 	0.9458 	1.2604 	1.8466 	1.0721 	0.8997 	0.8107 	0.9381 	0.9392 
S,E7000,TOT_KWH,KWH,X_TAX,NAC,EE	: 	: 	: 	: 	: 	: 	: 	: 	: 	: 	: 	: 	: 	: 	: 	: 	: 	: 	: 	: 	: 	: 	: 	: 	: 	: 	: 	: 	: 	0.1275 	0.1418 	0.2228 	0.1418 	0.1429 	0.1310 	0.1363 	0.1285 
S,E7000,TOT_KWH,KWH,X_TAX,NAC,EL	: 	: 	: 	: 	: 	: 	: 	: 	: 	: 	: 	: 	: 	: 	: 	: 	: 	: 	: 	: 	: 	: 	: 	: 	: 	: 	: 	: 	: 	0.1507 	0.2191 	0.3418 	0.1630 	0.1456 	0.1316 	0.1624 	0.1636 
S,E7000,TOT_KWH,KWH,X_TAX,NAC,ES	: 	: 	: 	: 	: 	: 	: 	: 	: 	: 	: 	: 	: 	: 	: 	: 	: 	: 	: 	: 	: 	: 	: 	: 	: 	: 	: 	: 	: 	0.1158 	0.1970 	0.2186 	0.1515 	0.1434 	0.1169 	0.1281 	0.1250 
S,E7000,TOT_KWH,KWH,X_TAX,NAC,FI	: 	: 	: 	: 	: 	: 	: 	: 	: 	: 	: 	: 	: 	: 	: 	: 	: 	: 	: 	: 	: 	: 	: 	: 	: 	: 	: 	: 	: 	0.0828 	0.0888 	0.1365 	0.0997 	0.0853 	0.0893 	0.0732 	0.0735 
S,E7000,TOT_KWH,KWH,X_TAX,NAC,FR	: 	: 	: 	: 	: 	: 	: 	: 	: 	: 	: 	: 	: 	: 	: 	: 	: 	: 	: 	: 	: 	: 	: 	: 	: 	: 	: 	: 	: 	0.0890 	0.1241 	0.1237 	0.2071 	0.1939 	0.1570 	0.1469 	0.1337 
S,E7000,TOT_KWH,KWH,X_TAX,NAC,GE	: 	: 	: 	: 	: 	: 	: 	: 	: 	: 	: 	: 	: 	: 	: 	: 	: 	: 	: 	: 	: 	: 	: 	: 	: 	: 	: 	: 	: 	: 	: 	: 	: 	: 	: 	0.2414 	0.2620 
S,E7000,TOT_KWH,KWH,X_TAX,NAC,HR	: 	: 	: 	: 	: 	: 	: 	: 	: 	: 	: 	: 	: 	: 	: 	: 	: 	: 	: 	: 	: 	: 	: 	: 	: 	: 	: 	: 	: 	0.7688 	1.1048 	1.7271 	0.2656 	0.2105 	0.2071 	0.2079 	0.2078 
S,E7000,TOT_KWH,KWH,X_TAX,NAC,HU	: 	: 	: 	: 	: 	: 	: 	: 	: 	: 	: 	: 	: 	: 	: 	: 	: 	: 	: 	: 	: 	: 	: 	: 	: 	: 	: 	: 	28.2260 	37.4636 	70.8277 	102.8910 	102.0503 	88.3297 	67.1779 	78.9697 	69.3353 
S,E7000,TOT_KWH,KWH,X_TAX,NAC,IE	: 	: 	: 	: 	: 	: 	: 	: 	: 	: 	: 	: 	: 	: 	: 	: 	: 	: 	: 	: 	: 	: 	: 	: 	: 	: 	: 	0.1170 	: 	0.1755 	0.2139 	0.2806 	0.2823 	0.2486 	0.2294 	0.2281 	0.2312 
S,E7000,TOT_KWH,KWH,X_TAX,NAC,IT	: 	: 	: 	: 	: 	: 	: 	: 	: 	: 	: 	: 	: 	: 	: 	: 	: 	: 	: 	: 	: 	: 	: 	: 	: 	: 	: 	: 	: 	0.1497 	0.2473 	0.3291 	0.2285 	0.1910 	0.1678 	0.1800 	0.1903 
S,E7000,TOT_KWH,KWH,X_TAX,NAC,LT	: 	: 	: 	: 	: 	: 	: 	: 	: 	: 	: 	: 	: 	: 	: 	: 	: 	: 	: 	: 	: 	: 	: 	: 	: 	: 	: 	: 	: 	0.1213 	0.1556 	0.2689 	: 	: 	: 	: 	: 
S,E7000,TOT_KWH,KWH,X_TAX,NAC,LU	: 	: 	: 	: 	: 	: 	: 	: 	: 	: 	: 	: 	: 	: 	: 	: 	: 	: 	: 	: 	: 	: 	: 	: 	: 	: 	: 	: 	: 	0.0973 	0.1390 	0.1729 	0.2049 	0.1848 	0.1552 	0.1575 	0.1513 
S,E7000,TOT_KWH,KWH,X_TAX,NAC,LV	: 	: 	: 	: 	: 	: 	: 	: 	: 	: 	: 	: 	: 	: 	: 	: 	: 	: 	: 	: 	: 	: 	: 	: 	: 	: 	: 	: 	: 	: 	: 	: 	: 	: 	: 	0.1499 	: 
S,E7000,TOT_KWH,KWH,X_TAX,NAC,MD	: 	: 	: 	: 	: 	: 	: 	: 	: 	: 	: 	: 	: 	: 	: 	: 	: 	: 	: 	: 	: 	: 	: 	: 	: 	: 	: 	: 	: 	: 	0.8091 	: 	: 	: 	: 	: 	: 
S,E7000,TOT_KWH,KWH,X_TAX,NAC,MK	: 	: 	: 	: 	: 	: 	: 	: 	: 	: 	: 	: 	: 	: 	: 	: 	: 	: 	: 	: 	: 	: 	: 	: 	: 	: 	: 	: 	: 	8.1557 	11.2268 	17.5189 	9.9479 	7.9270 	6.5529 	8.9185 	: 
S,E7000,TOT_KWH,KWH,X_TAX,NAC,NL	: 	: 	: 	: 	: 	: 	: 	: 	: 	: 	: 	: 	: 	: 	: 	: 	: 	: 	: 	: 	: 	0.0609 	0.0619 	0.0735 	0.0759 	0.0705 	0.0730 	0.0782 	0.0809 	0.0996 	0.1476 	0.1750 	0.2182 	0.1962 	0.1643 	0.1636 	0.1417 
S,E7000,TOT_KWH,KWH,X_TAX,NAC,NO	: 	: 	: 	: 	: 	: 	: 	: 	: 	: 	: 	: 	: 	: 	: 	: 	: 	: 	: 	: 	: 	: 	: 	: 	: 	: 	: 	: 	: 	0.7494 	0.8939 	1.2738 	0.8375 	0.6444 	0.6972 	0.5540 	0.6214 
S,E7000,TOT_KWH,KWH,X_TAX,NAC,PL	: 	: 	: 	: 	: 	: 	: 	: 	: 	: 	: 	: 	: 	: 	: 	: 	: 	: 	: 	: 	: 	: 	: 	: 	: 	: 	: 	: 	: 	0.3310 	0.4708 	0.5871 	0.6925 	0.6613 	0.5665 	0.6063 	0.5896 
S,E7000,TOT_KWH,KWH,X_TAX,NAC,PT	: 	: 	: 	: 	: 	: 	: 	: 	: 	: 	: 	: 	: 	: 	: 	: 	: 	: 	: 	: 	: 	: 	: 	: 	: 	: 	: 	: 	: 	0.1049 	0.1595 	0.1773 	0.1766 	0.1394 	0.1122 	0.1176 	0.1181 
S,E7000,TOT_KWH,KWH,X_TAX,NAC,RO	: 	: 	: 	: 	: 	: 	: 	: 	: 	: 	: 	: 	: 	: 	: 	: 	: 	: 	: 	: 	: 	: 	: 	: 	: 	: 	: 	: 	: 	0.5575 	0.9595 	1.4327 	0.7806 	0.7567 	0.6671 	0.7055 	0.7191 
S,E7000,TOT_KWH,KWH,X_TAX,NAC,RS	: 	: 	: 	: 	: 	: 	: 	: 	: 	: 	: 	: 	: 	: 	: 	: 	: 	: 	: 	: 	: 	: 	: 	: 	: 	: 	: 	: 	: 	8.6508 	9.6665 	10.5428 	13.6959 	14.0642 	14.6653 	13.1285 	13.6455 
S,E7000,TOT_KWH,KWH,X_TAX,NAC,SE	: 	: 	: 	: 	: 	: 	: 	: 	: 	: 	: 	: 	: 	: 	: 	: 	: 	: 	: 	: 	: 	: 	: 	: 	: 	: 	0.5522 	0.6093 	0.6530 	0.9581 	1.0857 	1.5421 	1.1535 	0.9676 	1.0014 	0.8991 	0.9570 
S,E7000,TOT_KWH,KWH,X_TAX,NAC,SI	: 	: 	: 	: 	: 	: 	: 	: 	: 	: 	: 	: 	: 	: 	: 	: 	: 	: 	: 	: 	: 	: 	: 	: 	: 	: 	: 	: 	: 	0.0853 	0.1415 	0.1805 	0.2048 	0.1917 	0.1542 	: 	: 
S,E7000,TOT_KWH,KWH,X_TAX,NAC,SK	: 	: 	: 	: 	: 	: 	: 	: 	: 	: 	: 	: 	: 	: 	: 	: 	: 	: 	: 	: 	: 	: 	: 	: 	: 	: 	: 	: 	: 	0.1087 	0.1931 	0.2311 	0.2415 	0.2108 	0.1603 	0.1783 	0.1596 
S,E7000,TOT_KWH,KWH,X_TAX,NAC,TR	: 	: 	: 	: 	: 	: 	: 	: 	: 	: 	: 	: 	: 	: 	: 	: 	: 	: 	: 	: 	: 	: 	: 	: 	: 	: 	: 	: 	: 	0.8051 	1.8262 	3.3993 	2.6649 	2.6230 	2.7428 	3.1166 	3.2331 
S,E7000,TOT_KWH,KWH,X_TAX,PPS,AL	: 	: 	: 	: 	: 	: 	: 	: 	: 	: 	: 	: 	: 	: 	: 	: 	: 	: 	: 	: 	: 	: 	: 	: 	: 	: 	: 	: 	: 	0.1990 	0.1998 	0.1998 	0.2010 	0.2014 	0.2036 	0.2048 	0.2253 
S,E7000,TOT_KWH,KWH,X_TAX,PPS,AT	: 	: 	: 	: 	: 	: 	: 	: 	: 	: 	: 	: 	: 	: 	: 	: 	: 	: 	: 	: 	: 	: 	: 	: 	: 	: 	: 	: 	: 	0.0875 	0.1335 	0.1690 	0.2016 	0.1926 	0.1525 	0.1552 	0.1405 
S,E7000,TOT_KWH,KWH,X_TAX,PPS,BA	: 	: 	: 	: 	: 	: 	: 	: 	: 	: 	: 	: 	: 	: 	: 	: 	: 	: 	: 	: 	: 	: 	: 	: 	: 	: 	: 	: 	: 	0.1432 	0.1529 	0.1760 	0.1744 	0.1724 	0.1811 	0.1825 	0.1901 
S,E7000,TOT_KWH,KWH,X_TAX,PPS,BE	: 	: 	: 	: 	: 	: 	: 	: 	: 	: 	: 	: 	: 	: 	: 	: 	: 	: 	: 	: 	: 	: 	: 	: 	: 	: 	: 	: 	: 	0.0989 	0.1426 	0.1891 	0.1648 	0.1378 	0.1088 	0.1166 	0.1269 
S,E7000,TOT_KWH,KWH,X_TAX,PPS,BG	: 	: 	: 	: 	: 	: 	: 	: 	: 	: 	: 	: 	: 	: 	: 	: 	: 	: 	: 	: 	: 	: 	: 	: 	: 	: 	: 	: 	: 	0.3007 	0.4119 	0.5987 	0.2562 	0.2149 	0.1773 	0.2521 	0.2224 
S,E7000,TOT_KWH,KWH,X_TAX,PPS,CY	: 	: 	: 	: 	: 	: 	: 	: 	: 	: 	: 	: 	: 	: 	: 	: 	: 	: 	: 	: 	: 	: 	: 	: 	: 	: 	: 	: 	: 	0.1526 	0.1860 	0.2703 	0.2218 	0.2188 	0.1991 	: 	: 
S,E7000,TOT_KWH,KWH,X_TAX,PPS,CZ	: 	: 	: 	: 	: 	: 	: 	: 	: 	: 	: 	: 	: 	: 	: 	: 	: 	: 	: 	: 	: 	: 	: 	: 	: 	: 	: 	: 	: 	0.1275 	0.2153 	0.2480 	0.2483 	0.2353 	0.2178 	0.2196 	0.2098 
S,E7000,TOT_KWH,KWH,X_TAX,PPS,DE	: 	: 	: 	: 	: 	: 	: 	: 	: 	: 	: 	: 	: 	: 	: 	: 	: 	: 	: 	: 	: 	: 	: 	: 	: 	: 	: 	: 	: 	0.0860 	0.1334 	0.1649 	0.1635 	0.1594 	0.1549 	0.1601 	0.1462 
S,E7000,TOT_KWH,KWH,X_TAX,PPS,DK	: 	: 	: 	: 	: 	: 	: 	: 	: 	: 	: 	: 	: 	: 	: 	: 	: 	: 	: 	: 	: 	: 	: 	: 	: 	: 	: 	: 	: 	0.0957 	0.1268 	0.1858 	0.1089 	0.0908 	0.0822 	0.0952 	0.0962 
S,E7000,TOT_KWH,KWH,X_TAX,PPS,EA	: 	: 	: 	: 	: 	: 	: 	: 	: 	: 	: 	: 	: 	: 	: 	: 	: 	: 	: 	: 	: 	0.0535 	0.0541 	0.0642 	0.0644 	0.0597 	0.0626 	0.0724 	0.0696 	0.1072 	0.1668 	0.2045 	0.1900 	0.1730 	0.1503 	0.1559 	0.1498 
S,E7000,TOT_KWH,KWH,X_TAX,PPS,EE	: 	: 	: 	: 	: 	: 	: 	: 	: 	: 	: 	: 	: 	: 	: 	: 	: 	: 	: 	: 	: 	: 	: 	: 	: 	: 	: 	: 	: 	0.1556 	0.1731 	0.2718 	0.1601 	0.1592 	0.1455 	0.1484 	0.1405 
S,E7000,TOT_KWH,KWH,X_TAX,PPS,EL	: 	: 	: 	: 	: 	: 	: 	: 	: 	: 	: 	: 	: 	: 	: 	: 	: 	: 	: 	: 	: 	: 	: 	: 	: 	: 	: 	: 	: 	0.1836 	0.2663 	0.4154 	0.1987 	0.1775 	0.1625 	0.2005 	0.2013 
S,E7000,TOT_KWH,KWH,X_TAX,PPS,ES	: 	: 	: 	: 	: 	: 	: 	: 	: 	: 	: 	: 	: 	: 	: 	: 	: 	: 	: 	: 	: 	: 	: 	: 	: 	: 	: 	: 	: 	0.1237 	0.2106 	0.2316 	0.1625 	0.1537 	0.1278 	0.1428 	0.1394 
S,E7000,TOT_KWH,KWH,X_TAX,PPS,EU27_2020	: 	: 	: 	: 	: 	: 	: 	: 	: 	: 	: 	: 	: 	: 	: 	: 	: 	: 	: 	: 	: 	0.0535 	0.0541 	0.0642 	0.0644 	0.0597 	0.0525 	0.0610 	0.0690 	0.1125 	0.1716 	0.2158 	0.1962 	0.1787 	0.1542 	0.1614 	0.1547 
S,E7000,TOT_KWH,KWH,X_TAX,PPS,FI	: 	: 	: 	: 	: 	: 	: 	: 	: 	: 	: 	: 	: 	: 	: 	: 	: 	: 	: 	: 	: 	: 	: 	: 	: 	: 	: 	: 	: 	0.0666 	0.0712 	0.1095 	0.0804 	0.0688 	0.0744 	0.0610 	0.0612 
S,E7000,TOT_KWH,KWH,X_TAX,PPS,FR	: 	: 	: 	: 	: 	: 	: 	: 	: 	: 	: 	: 	: 	: 	: 	: 	: 	: 	: 	: 	: 	: 	: 	: 	: 	: 	: 	: 	: 	0.0819 	0.1144 	0.1141 	0.1907 	0.1775 	0.1437 	0.1345 	0.1228 
S,E7000,TOT_KWH,KWH,X_TAX,PPS,HR	: 	: 	: 	: 	: 	: 	: 	: 	: 	: 	: 	: 	: 	: 	: 	: 	: 	: 	: 	: 	: 	: 	: 	: 	: 	: 	: 	: 	: 	0.1567 	0.2252 	0.3517 	0.3990 	0.3124 	0.2997 	0.3042 	0.2915 
S,E7000,TOT_KWH,KWH,X_TAX,PPS,HU	: 	: 	: 	: 	: 	: 	: 	: 	: 	: 	: 	: 	: 	: 	: 	: 	: 	: 	: 	: 	: 	: 	: 	: 	: 	: 	: 	: 	0.1209 	0.1615 	0.2801 	0.4069 	0.4036 	0.3493 	0.2469 	0.2951 	0.2474 
S,E7000,TOT_KWH,KWH,X_TAX,PPS,IE	: 	: 	: 	: 	: 	: 	: 	: 	: 	: 	: 	: 	: 	: 	: 	: 	: 	: 	: 	: 	: 	: 	: 	: 	: 	: 	: 	0.0963 	: 	0.1464 	0.1813 	0.2361 	0.2358 	0.2091 	0.1910 	0.1927 	0.1953 
S,E7000,TOT_KWH,KWH,X_TAX,PPS,IT	: 	: 	: 	: 	: 	: 	: 	: 	: 	: 	: 	: 	: 	: 	: 	: 	: 	: 	: 	: 	: 	: 	: 	: 	: 	: 	: 	: 	: 	0.1527 	0.2522 	0.3369 	0.2377 	0.1990 	0.1738 	0.1871 	0.1989 
S,E7000,TOT_KWH,KWH,X_TAX,PPS,LT	: 	: 	: 	: 	: 	: 	: 	: 	: 	: 	: 	: 	: 	: 	: 	: 	: 	: 	: 	: 	: 	: 	: 	: 	: 	: 	: 	: 	: 	0.1743 	0.2236 	0.3894 	: 	: 	: 	: 	: 
S,E7000,TOT_KWH,KWH,X_TAX,PPS,LU	: 	: 	: 	: 	: 	: 	: 	: 	: 	: 	: 	: 	: 	: 	: 	: 	: 	: 	: 	: 	: 	: 	: 	: 	: 	: 	: 	: 	: 	0.0763 	0.1090 	0.1335 	0.1579 	0.1397 	0.1173 	0.1198 	0.1146 
S,E7000,TOT_KWH,KWH,X_TAX,PPS,LV	: 	: 	: 	: 	: 	: 	: 	: 	: 	: 	: 	: 	: 	: 	: 	: 	: 	: 	: 	: 	: 	: 	: 	: 	: 	: 	: 	: 	: 	: 	: 	: 	: 	: 	: 	0.1939 	: 
S,E7000,TOT_KWH,KWH,X_TAX,PPS,MK	: 	: 	: 	: 	: 	: 	: 	: 	: 	: 	: 	: 	: 	: 	: 	: 	: 	: 	: 	: 	: 	: 	: 	: 	: 	: 	: 	: 	: 	0.2785 	0.3834 	0.6107 	0.3378 	0.2714 	0.2198 	0.2859 	: 
S,E7000,TOT_KWH,KWH,X_TAX,PPS,NL	: 	: 	: 	: 	: 	: 	: 	: 	: 	: 	: 	: 	: 	: 	: 	: 	: 	: 	: 	: 	: 	0.0535 	0.0541 	0.0642 	0.0644 	0.0597 	0.0626 	0.0671 	0.0696 	0.0858 	0.1261 	0.1495 	0.1857 	0.1669 	0.1402 	0.1396 	0.1209 
S,E7000,TOT_KWH,KWH,X_TAX,PPS,NO	: 	: 	: 	: 	: 	: 	: 	: 	: 	: 	: 	: 	: 	: 	: 	: 	: 	: 	: 	: 	: 	: 	: 	: 	: 	: 	: 	: 	: 	0.0517 	0.0617 	0.0888 	0.0613 	0.0475 	0.0490 	0.0391 	0.0430 
S,E7000,TOT_KWH,KWH,X_TAX,PPS,PL	: 	: 	: 	: 	: 	: 	: 	: 	: 	: 	: 	: 	: 	: 	: 	: 	: 	: 	: 	: 	: 	: 	: 	: 	: 	: 	: 	: 	: 	0.1203 	0.1622 	0.2023 	0.2405 	0.2297 	0.1846 	0.1976 	0.1904 
S,E7000,TOT_KWH,KWH,X_TAX,PPS,PT	: 	: 	: 	: 	: 	: 	: 	: 	: 	: 	: 	: 	: 	: 	: 	: 	: 	: 	: 	: 	: 	: 	: 	: 	: 	: 	: 	: 	: 	0.1225 	0.1862 	0.2071 	0.2066 	0.1653 	0.1357 	0.1429 	0.1433 
S,E7000,TOT_KWH,KWH,X_TAX,PPS,RO	: 	: 	: 	: 	: 	: 	: 	: 	: 	: 	: 	: 	: 	: 	: 	: 	: 	: 	: 	: 	: 	: 	: 	: 	: 	: 	: 	: 	: 	0.2131 	0.3479 	0.5195 	0.2830 	0.2744 	0.2373 	0.2489 	0.2423 
S,E7000,TOT_KWH,KWH,X_TAX,PPS,RS	: 	: 	: 	: 	: 	: 	: 	: 	: 	: 	: 	: 	: 	: 	: 	: 	: 	: 	: 	: 	: 	: 	: 	: 	: 	: 	: 	: 	: 	0.1351 	0.1510 	0.1649 	0.2031 	0.2054 	0.2041 	0.1839 	0.1898 
S,E7000,TOT_KWH,KWH,X_TAX,PPS,SE	: 	: 	: 	: 	: 	: 	: 	: 	: 	: 	: 	: 	: 	: 	: 	: 	: 	: 	: 	: 	: 	: 	: 	: 	: 	: 	0.0417 	0.0460 	0.0496 	0.0728 	0.0825 	0.1172 	0.0856 	0.0716 	0.0736 	0.0665 	0.0712 
S,E7000,TOT_KWH,KWH,X_TAX,PPS,SI	: 	: 	: 	: 	: 	: 	: 	: 	: 	: 	: 	: 	: 	: 	: 	: 	: 	: 	: 	: 	: 	: 	: 	: 	: 	: 	: 	: 	: 	0.1006 	0.1668 	0.2125 	0.2383 	0.2259 	0.1782 	: 	: 
S,E7000,TOT_KWH,KWH,X_TAX,PPS,SK	: 	: 	: 	: 	: 	: 	: 	: 	: 	: 	: 	: 	: 	: 	: 	: 	: 	: 	: 	: 	: 	: 	: 	: 	: 	: 	: 	: 	: 	0.1344 	0.2387 	0.2872 	0.2915 	0.2658 	0.1979 	0.2229 	0.1990 
S,E7000,TOT_KWH,KWH,X_TAX,PPS,TR	: 	: 	: 	: 	: 	: 	: 	: 	: 	: 	: 	: 	: 	: 	: 	: 	: 	: 	: 	: 	: 	: 	: 	: 	: 	: 	: 	: 	: 	0.1932 	0.4381 	0.4687 	0.3591 	0.3535 	0.2460 	0.1722 	0.1787 
S,E7000,TOT_KWH,KWH,X_VAT,EUR,AL	: 	: 	: 	: 	: 	: 	: 	: 	: 	: 	: 	: 	: 	: 	: 	: 	: 	: 	: 	: 	: 	: 	: 	: 	: 	: 	: 	: 	: 	0.1053 	0.1057 	0.1097 	0.1135 	0.1223 	0.1252 	0.1292 	0.1420 
S,E7000,TOT_KWH,KWH,X_VAT,EUR,AT	: 	: 	: 	: 	: 	: 	: 	: 	: 	: 	: 	: 	: 	: 	: 	: 	: 	: 	: 	: 	: 	: 	: 	: 	: 	: 	: 	: 	: 	0.1287 	0.1714 	0.1989 	0.2279 	0.2185 	0.1744 	0.1780 	0.1816 
S,E7000,TOT_KWH,KWH,X_VAT,EUR,BA	: 	: 	: 	: 	: 	: 	: 	: 	: 	: 	: 	: 	: 	: 	: 	: 	: 	: 	: 	: 	: 	: 	: 	: 	: 	: 	: 	: 	: 	0.0773 	0.0821 	0.0941 	0.0954 	0.0959 	0.0993 	0.1007 	0.1127 
S,E7000,TOT_KWH,KWH,X_VAT,EUR,BE	: 	: 	: 	: 	: 	: 	: 	: 	: 	: 	: 	: 	: 	: 	: 	: 	: 	: 	: 	: 	: 	: 	: 	: 	: 	: 	: 	: 	: 	0.1364 	0.1851 	0.2330 	0.2040 	0.1792 	0.1466 	0.1558 	0.1666 
S,E7000,TOT_KWH,KWH,X_VAT,EUR,BG	: 	: 	: 	: 	: 	: 	: 	: 	: 	: 	: 	: 	: 	: 	: 	: 	: 	: 	: 	: 	: 	: 	: 	: 	: 	: 	: 	: 	: 	0.1466 	0.1640 	0.1720 	0.1438 	0.1299 	0.1080 	0.1296 	0.1195 
S,E7000,TOT_KWH,KWH,X_VAT,EUR,CY	: 	: 	: 	: 	: 	: 	: 	: 	: 	: 	: 	: 	: 	: 	: 	: 	: 	: 	: 	: 	: 	: 	: 	: 	: 	: 	: 	: 	: 	0.1934 	0.2427 	0.3135 	0.2870 	0.2778 	0.2375 	: 	: 
S,E7000,TOT_KWH,KWH,X_VAT,EUR,CZ	: 	: 	: 	: 	: 	: 	: 	: 	: 	: 	: 	: 	: 	: 	: 	: 	: 	: 	: 	: 	: 	: 	: 	: 	: 	: 	: 	: 	: 	0.1101 	0.1797 	0.2006 	0.2096 	0.1930 	0.1920 	0.1940 	0.1874 
S,E7000,TOT_KWH,KWH,X_VAT,EUR,DE	: 	: 	: 	: 	: 	: 	: 	: 	: 	: 	: 	: 	: 	: 	: 	: 	: 	: 	: 	: 	: 	: 	: 	: 	: 	: 	: 	: 	: 	0.1665 	0.1978 	0.2074 	0.2085 	0.2035 	0.1998 	0.2045 	0.1959 
S,E7000,TOT_KWH,KWH,X_VAT,EUR,DK	: 	: 	: 	: 	: 	: 	: 	: 	: 	: 	: 	: 	: 	: 	: 	: 	: 	: 	: 	: 	: 	: 	: 	: 	: 	: 	: 	: 	: 	0.1311 	0.1733 	0.2520 	0.1456 	0.1243 	0.1125 	0.1295 	0.1285 
S,E7000,TOT_KWH,KWH,X_VAT,EUR,EA	: 	: 	: 	: 	: 	: 	: 	: 	: 	: 	: 	: 	: 	: 	: 	: 	: 	: 	: 	: 	: 	0.0725 	0.0873 	0.0916 	0.1057 	0.0859 	0.1023 	0.1079 	0.1168 	0.1489 	0.1912 	0.2183 	0.2141 	0.1998 	0.1821 	0.1873 	0.1837 
S,E7000,TOT_KWH,KWH,X_VAT,EUR,EE	: 	: 	: 	: 	: 	: 	: 	: 	: 	: 	: 	: 	: 	: 	: 	: 	: 	: 	: 	: 	: 	: 	: 	: 	: 	: 	: 	: 	: 	0.1396 	0.1540 	0.2351 	0.1552 	0.1552 	0.1426 	0.1482 	0.1385 
S,E7000,TOT_KWH,KWH,X_VAT,EUR,EL	: 	: 	: 	: 	: 	: 	: 	: 	: 	: 	: 	: 	: 	: 	: 	: 	: 	: 	: 	: 	: 	: 	: 	: 	: 	: 	: 	: 	: 	0.1676 	0.1864 	0.2244 	0.1850 	0.1676 	0.1542 	0.1851 	0.1860 
S,E7000,TOT_KWH,KWH,X_VAT,EUR,ES	: 	: 	: 	: 	: 	: 	: 	: 	: 	: 	: 	: 	: 	: 	: 	: 	: 	: 	: 	: 	: 	: 	: 	: 	: 	: 	: 	: 	: 	0.1466 	0.2074 	0.2346 	0.1588 	0.1501 	0.1312 	0.1424 	0.1422 
S,E7000,TOT_KWH,KWH,X_VAT,EUR,EU27_2020	: 	: 	: 	: 	: 	: 	: 	: 	: 	: 	: 	: 	: 	: 	: 	: 	: 	: 	: 	: 	: 	0.0725 	0.0873 	0.0916 	0.1057 	0.0859 	0.0782 	0.0870 	0.0914 	0.1411 	0.1835 	0.2139 	0.2078 	0.1936 	0.1773 	0.1824 	0.1787 
S,E7000,TOT_KWH,KWH,X_VAT,EUR,FI	: 	: 	: 	: 	: 	: 	: 	: 	: 	: 	: 	: 	: 	: 	: 	: 	: 	: 	: 	: 	: 	: 	: 	: 	: 	: 	: 	: 	: 	0.0834 	0.0894 	0.1371 	0.1003 	0.0859 	0.0899 	0.0739 	0.0741 
S,E7000,TOT_KWH,KWH,X_VAT,EUR,FR	: 	: 	: 	: 	: 	: 	: 	: 	: 	: 	: 	: 	: 	: 	: 	: 	: 	: 	: 	: 	: 	: 	: 	: 	: 	: 	: 	: 	: 	0.1068 	0.1320 	0.1281 	0.2099 	0.1967 	0.1692 	0.1616 	0.1552 
S,E7000,TOT_KWH,KWH,X_VAT,EUR,GE	: 	: 	: 	: 	: 	: 	: 	: 	: 	: 	: 	: 	: 	: 	: 	: 	: 	: 	: 	: 	: 	: 	: 	: 	: 	: 	: 	: 	: 	: 	: 	: 	: 	: 	: 	0.0815 	0.0864 
S,E7000,TOT_KWH,KWH,X_VAT,EUR,HR	: 	: 	: 	: 	: 	: 	: 	: 	: 	: 	: 	: 	: 	: 	: 	: 	: 	: 	: 	: 	: 	: 	: 	: 	: 	: 	: 	: 	: 	0.1154 	0.1595 	0.2427 	0.2797 	0.2245 	0.2210 	0.2219 	0.2217 
S,E7000,TOT_KWH,KWH,X_VAT,EUR,HU	: 	: 	: 	: 	: 	: 	: 	: 	: 	: 	: 	: 	: 	: 	: 	: 	: 	: 	: 	: 	: 	: 	: 	: 	: 	: 	: 	: 	0.0890 	0.1078 	0.1801 	0.2572 	0.2760 	0.2394 	0.1950 	0.2114 	0.1907 
S,E7000,TOT_KWH,KWH,X_VAT,EUR,IE	: 	: 	: 	: 	: 	: 	: 	: 	: 	: 	: 	: 	: 	: 	: 	: 	: 	: 	: 	: 	: 	: 	: 	: 	: 	: 	: 	0.1263 	: 	0.1859 	0.2210 	0.2850 	0.2721 	0.2356 	0.2302 	0.2317 	0.2380 
S,E7000,TOT_KWH,KWH,X_VAT,EUR,IT	: 	: 	: 	: 	: 	: 	: 	: 	: 	: 	: 	: 	: 	: 	: 	: 	: 	: 	: 	: 	: 	: 	: 	: 	: 	: 	: 	: 	: 	0.1875 	0.2596 	0.3378 	0.2629 	0.2365 	0.2207 	0.2373 	0.2390 
S,E7000,TOT_KWH,KWH,X_VAT,EUR,LT	: 	: 	: 	: 	: 	: 	: 	: 	: 	: 	: 	: 	: 	: 	: 	: 	: 	: 	: 	: 	: 	: 	: 	: 	: 	: 	: 	: 	: 	0.1314 	0.1590 	0.2699 	: 	: 	: 	: 	: 
S,E7000,TOT_KWH,KWH,X_VAT,EUR,LU	: 	: 	: 	: 	: 	: 	: 	: 	: 	: 	: 	: 	: 	: 	: 	: 	: 	: 	: 	: 	: 	: 	: 	: 	: 	: 	: 	: 	: 	0.1040 	0.1430 	0.1775 	0.1969 	0.1770 	0.1477 	0.1485 	0.1482 
S,E7000,TOT_KWH,KWH,X_VAT,EUR,LV	: 	: 	: 	: 	: 	: 	: 	: 	: 	: 	: 	: 	: 	: 	: 	: 	: 	: 	: 	: 	: 	: 	: 	: 	: 	: 	: 	: 	: 	: 	: 	: 	: 	: 	: 	0.1516 	: 
S,E7000,TOT_KWH,KWH,X_VAT,EUR,MD	: 	: 	: 	: 	: 	: 	: 	: 	: 	: 	: 	: 	: 	: 	: 	: 	: 	: 	: 	: 	: 	: 	: 	: 	: 	: 	: 	: 	: 	: 	0.0401 	: 	: 	: 	: 	: 	: 
S,E7000,TOT_KWH,KWH,X_VAT,EUR,MK	: 	: 	: 	: 	: 	: 	: 	: 	: 	: 	: 	: 	: 	: 	: 	: 	: 	: 	: 	: 	: 	: 	: 	: 	: 	: 	: 	: 	: 	0.1324 	0.1820 	0.2845 	0.1615 	0.1289 	0.1065 	0.1450 	: 
S,E7000,TOT_KWH,KWH,X_VAT,EUR,NL	: 	: 	: 	: 	: 	: 	: 	: 	: 	: 	: 	: 	: 	: 	: 	: 	: 	: 	: 	: 	: 	0.0725 	0.0873 	0.0916 	0.1057 	0.0859 	0.1023 	0.1038 	0.1168 	0.1245 	0.1705 	0.1948 	0.2552 	0.2214 	0.1994 	0.1860 	0.1698 
S,E7000,TOT_KWH,KWH,X_VAT,EUR,NO	: 	: 	: 	: 	: 	: 	: 	: 	: 	: 	: 	: 	: 	: 	: 	: 	: 	: 	: 	: 	: 	: 	: 	: 	: 	: 	: 	: 	: 	0.0784 	0.0942 	0.1292 	0.0781 	0.0601 	0.0649 	0.0514 	0.0576 
S,E7000,TOT_KWH,KWH,X_VAT,EUR,PL	: 	: 	: 	: 	: 	: 	: 	: 	: 	: 	: 	: 	: 	: 	: 	: 	: 	: 	: 	: 	: 	: 	: 	: 	: 	: 	: 	: 	: 	0.1128 	0.1564 	0.1822 	0.2225 	0.2206 	0.2049 	0.2131 	0.2045 
S,E7000,TOT_KWH,KWH,X_VAT,EUR,PT	: 	: 	: 	: 	: 	: 	: 	: 	: 	: 	: 	: 	: 	: 	: 	: 	: 	: 	: 	: 	: 	: 	: 	: 	: 	: 	: 	: 	: 	0.1396 	0.1486 	0.1492 	0.1042 	0.1265 	0.1237 	0.1429 	0.1419 
S,E7000,TOT_KWH,KWH,X_VAT,EUR,RO	: 	: 	: 	: 	: 	: 	: 	: 	: 	: 	: 	: 	: 	: 	: 	: 	: 	: 	: 	: 	: 	: 	: 	: 	: 	: 	: 	: 	: 	0.1268 	0.2112 	0.3072 	0.1704 	0.1660 	0.1502 	0.1562 	0.1572 
S,E7000,TOT_KWH,KWH,X_VAT,EUR,RS	: 	: 	: 	: 	: 	: 	: 	: 	: 	: 	: 	: 	: 	: 	: 	: 	: 	: 	: 	: 	: 	: 	: 	: 	: 	: 	: 	: 	: 	0.0825 	0.0899 	0.1013 	0.1301 	0.1344 	0.1421 	0.1280 	0.1326 
S,E7000,TOT_KWH,KWH,X_VAT,EUR,SE	: 	: 	: 	: 	: 	: 	: 	: 	: 	: 	: 	: 	: 	: 	: 	: 	: 	: 	: 	: 	: 	: 	: 	: 	: 	: 	0.0523 	0.0595 	0.0651 	0.0949 	0.1042 	0.1436 	0.1023 	0.0838 	0.0884 	0.0789 	0.0868 
S,E7000,TOT_KWH,KWH,X_VAT,EUR,SI	: 	: 	: 	: 	: 	: 	: 	: 	: 	: 	: 	: 	: 	: 	: 	: 	: 	: 	: 	: 	: 	: 	: 	: 	: 	: 	: 	: 	: 	0.1037 	0.1521 	0.1921 	0.2160 	0.2041 	0.1670 	: 	: 
S,E7000,TOT_KWH,KWH,X_VAT,EUR,SK	: 	: 	: 	: 	: 	: 	: 	: 	: 	: 	: 	: 	: 	: 	: 	: 	: 	: 	: 	: 	: 	: 	: 	: 	: 	: 	: 	: 	: 	0.1433 	0.2162 	0.2543 	0.2759 	0.2450 	0.1827 	0.2009 	0.1872 
S,E7000,TOT_KWH,KWH,X_VAT,EUR,TR	: 	: 	: 	: 	: 	: 	: 	: 	: 	: 	: 	: 	: 	: 	: 	: 	: 	: 	: 	: 	: 	: 	: 	: 	: 	: 	: 	: 	: 	0.0717 	0.1132 	0.1848 	0.1244 	0.0884 	0.0809 	0.0852 	0.0793 
S,E7000,TOT_KWH,KWH,X_VAT,NAC,AL	: 	: 	: 	: 	: 	: 	: 	: 	: 	: 	: 	: 	: 	: 	: 	: 	: 	: 	: 	: 	: 	: 	: 	: 	: 	: 	: 	: 	: 	12.8100 	12.8100 	12.8100 	12.8100 	12.8100 	12.8100 	12.8100 	14.0000 
S,E7000,TOT_KWH,KWH,X_VAT,NAC,AT	: 	: 	: 	: 	: 	: 	: 	: 	: 	: 	: 	: 	: 	: 	: 	: 	: 	: 	: 	: 	: 	: 	: 	: 	: 	: 	: 	: 	: 	0.1287 	0.1714 	0.1989 	0.2279 	0.2185 	0.1744 	0.1780 	0.1816 
S,E7000,TOT_KWH,KWH,X_VAT,NAC,BA	: 	: 	: 	: 	: 	: 	: 	: 	: 	: 	: 	: 	: 	: 	: 	: 	: 	: 	: 	: 	: 	: 	: 	: 	: 	: 	: 	: 	: 	0.1511 	0.1606 	0.1841 	0.1865 	0.1876 	0.1942 	0.1969 	0.2205 
S,E7000,TOT_KWH,KWH,X_VAT,NAC,BE	: 	: 	: 	: 	: 	: 	: 	: 	: 	: 	: 	: 	: 	: 	: 	: 	: 	: 	: 	: 	: 	: 	: 	: 	: 	: 	: 	: 	: 	0.1364 	0.1851 	0.2330 	0.2040 	0.1792 	0.1466 	0.1558 	0.1666 
S,E7000,TOT_KWH,KWH,X_VAT,NAC,BG	: 	: 	: 	: 	: 	: 	: 	: 	: 	: 	: 	: 	: 	: 	: 	: 	: 	: 	: 	: 	: 	: 	: 	: 	: 	: 	: 	: 	: 	0.2868 	0.3208 	0.3363 	0.2812 	0.2541 	0.2113 	0.2534 	0.2338 
S,E7000,TOT_KWH,KWH,X_VAT,NAC,CY	: 	: 	: 	: 	: 	: 	: 	: 	: 	: 	: 	: 	: 	: 	: 	: 	: 	: 	: 	: 	: 	: 	: 	: 	: 	: 	: 	: 	: 	0.1934 	0.2427 	0.3135 	0.2870 	0.2778 	0.2375 	: 	: 
S,E7000,TOT_KWH,KWH,X_VAT,NAC,CZ	: 	: 	: 	: 	: 	: 	: 	: 	: 	: 	: 	: 	: 	: 	: 	: 	: 	: 	: 	: 	: 	: 	: 	: 	: 	: 	: 	: 	: 	2.8008 	4.4283 	4.9124 	4.9635 	4.6929 	4.8033 	4.8917 	4.6847 
S,E7000,TOT_KWH,KWH,X_VAT,NAC,DE	: 	: 	: 	: 	: 	: 	: 	: 	: 	: 	: 	: 	: 	: 	: 	: 	: 	: 	: 	: 	: 	: 	: 	: 	: 	: 	: 	: 	: 	0.1665 	0.1978 	0.2074 	0.2085 	0.2035 	0.1998 	0.2045 	0.1959 
S,E7000,TOT_KWH,KWH,X_VAT,NAC,DK	: 	: 	: 	: 	: 	: 	: 	: 	: 	: 	: 	: 	: 	: 	: 	: 	: 	: 	: 	: 	: 	: 	: 	: 	: 	: 	: 	: 	: 	0.9748 	1.2894 	1.8749 	1.0845 	0.9269 	0.8393 	0.9659 	0.9585 
S,E7000,TOT_KWH,KWH,X_VAT,NAC,EE	: 	: 	: 	: 	: 	: 	: 	: 	: 	: 	: 	: 	: 	: 	: 	: 	: 	: 	: 	: 	: 	: 	: 	: 	: 	: 	: 	: 	: 	0.1396 	0.1540 	0.2351 	0.1552 	0.1552 	0.1426 	0.1482 	0.1385 
S,E7000,TOT_KWH,KWH,X_VAT,NAC,EL	: 	: 	: 	: 	: 	: 	: 	: 	: 	: 	: 	: 	: 	: 	: 	: 	: 	: 	: 	: 	: 	: 	: 	: 	: 	: 	: 	: 	: 	0.1676 	0.1864 	0.2244 	0.1850 	0.1676 	0.1542 	0.1851 	0.1860 
S,E7000,TOT_KWH,KWH,X_VAT,NAC,ES	: 	: 	: 	: 	: 	: 	: 	: 	: 	: 	: 	: 	: 	: 	: 	: 	: 	: 	: 	: 	: 	: 	: 	: 	: 	: 	: 	: 	: 	0.1466 	0.2074 	0.2346 	0.1588 	0.1501 	0.1312 	0.1424 	0.1422 
S,E7000,TOT_KWH,KWH,X_VAT,NAC,FI	: 	: 	: 	: 	: 	: 	: 	: 	: 	: 	: 	: 	: 	: 	: 	: 	: 	: 	: 	: 	: 	: 	: 	: 	: 	: 	: 	: 	: 	0.0834 	0.0894 	0.1371 	0.1003 	0.0859 	0.0899 	0.0739 	0.0741 
S,E7000,TOT_KWH,KWH,X_VAT,NAC,FR	: 	: 	: 	: 	: 	: 	: 	: 	: 	: 	: 	: 	: 	: 	: 	: 	: 	: 	: 	: 	: 	: 	: 	: 	: 	: 	: 	: 	: 	0.1068 	0.1320 	0.1281 	0.2099 	0.1967 	0.1692 	0.1616 	0.1552 
S,E7000,TOT_KWH,KWH,X_VAT,NAC,GE	: 	: 	: 	: 	: 	: 	: 	: 	: 	: 	: 	: 	: 	: 	: 	: 	: 	: 	: 	: 	: 	: 	: 	: 	: 	: 	: 	: 	: 	: 	: 	: 	: 	: 	: 	0.2414 	0.2620 
S,E7000,TOT_KWH,KWH,X_VAT,NAC,HR	: 	: 	: 	: 	: 	: 	: 	: 	: 	: 	: 	: 	: 	: 	: 	: 	: 	: 	: 	: 	: 	: 	: 	: 	: 	: 	: 	: 	: 	0.8665 	1.2032 	1.8287 	0.2797 	0.2245 	0.2210 	0.2219 	0.2217 
S,E7000,TOT_KWH,KWH,X_VAT,NAC,HU	: 	: 	: 	: 	: 	: 	: 	: 	: 	: 	: 	: 	: 	: 	: 	: 	: 	: 	: 	: 	: 	: 	: 	: 	: 	: 	: 	: 	31.8538 	38.6974 	67.5838 	104.7315 	105.0561 	91.6586 	75.9855 	84.7090 	77.1360 
S,E7000,TOT_KWH,KWH,X_VAT,NAC,IE	: 	: 	: 	: 	: 	: 	: 	: 	: 	: 	: 	: 	: 	: 	: 	: 	: 	: 	: 	: 	: 	: 	: 	: 	: 	: 	: 	0.1263 	: 	0.1859 	0.2210 	0.2850 	0.2721 	0.2356 	0.2302 	0.2317 	0.2380 
S,E7000,TOT_KWH,KWH,X_VAT,NAC,IT	: 	: 	: 	: 	: 	: 	: 	: 	: 	: 	: 	: 	: 	: 	: 	: 	: 	: 	: 	: 	: 	: 	: 	: 	: 	: 	: 	: 	: 	0.1875 	0.2596 	0.3378 	0.2629 	0.2365 	0.2207 	0.2373 	0.2390 
S,E7000,TOT_KWH,KWH,X_VAT,NAC,LT	: 	: 	: 	: 	: 	: 	: 	: 	: 	: 	: 	: 	: 	: 	: 	: 	: 	: 	: 	: 	: 	: 	: 	: 	: 	: 	: 	: 	: 	0.1314 	0.1590 	0.2699 	: 	: 	: 	: 	: 
S,E7000,TOT_KWH,KWH,X_VAT,NAC,LU	: 	: 	: 	: 	: 	: 	: 	: 	: 	: 	: 	: 	: 	: 	: 	: 	: 	: 	: 	: 	: 	: 	: 	: 	: 	: 	: 	: 	: 	0.1040 	0.1430 	0.1775 	0.1969 	0.1770 	0.1477 	0.1485 	0.1482 
S,E7000,TOT_KWH,KWH,X_VAT,NAC,LV	: 	: 	: 	: 	: 	: 	: 	: 	: 	: 	: 	: 	: 	: 	: 	: 	: 	: 	: 	: 	: 	: 	: 	: 	: 	: 	: 	: 	: 	: 	: 	: 	: 	: 	: 	0.1516 	: 
S,E7000,TOT_KWH,KWH,X_VAT,NAC,MD	: 	: 	: 	: 	: 	: 	: 	: 	: 	: 	: 	: 	: 	: 	: 	: 	: 	: 	: 	: 	: 	: 	: 	: 	: 	: 	: 	: 	: 	: 	0.8091 	: 	: 	: 	: 	: 	: 
S,E7000,TOT_KWH,KWH,X_VAT,NAC,MK	: 	: 	: 	: 	: 	: 	: 	: 	: 	: 	: 	: 	: 	: 	: 	: 	: 	: 	: 	: 	: 	: 	: 	: 	: 	: 	: 	: 	: 	8.1557 	11.2268 	17.5189 	9.9479 	7.9270 	6.5529 	8.9185 	: 
S,E7000,TOT_KWH,KWH,X_VAT,NAC,NL	: 	: 	: 	: 	: 	: 	: 	: 	: 	: 	: 	: 	: 	: 	: 	: 	: 	: 	: 	: 	: 	0.0725 	0.0873 	0.0916 	0.1057 	0.0859 	0.1023 	0.1038 	0.1168 	0.1245 	0.1705 	0.1948 	0.2552 	0.2214 	0.1994 	0.1860 	0.1698 
S,E7000,TOT_KWH,KWH,X_VAT,NAC,NO	: 	: 	: 	: 	: 	: 	: 	: 	: 	: 	: 	: 	: 	: 	: 	: 	: 	: 	: 	: 	: 	: 	: 	: 	: 	: 	: 	: 	: 	0.7958 	0.9402 	1.3213 	0.8849 	0.6934 	0.7462 	0.6046 	0.6720 
S,E7000,TOT_KWH,KWH,X_VAT,NAC,PL	: 	: 	: 	: 	: 	: 	: 	: 	: 	: 	: 	: 	: 	: 	: 	: 	: 	: 	: 	: 	: 	: 	: 	: 	: 	: 	: 	: 	: 	0.5179 	0.7249 	0.8628 	1.0284 	0.9838 	0.8845 	0.9152 	0.8655 
S,E7000,TOT_KWH,KWH,X_VAT,NAC,PT	: 	: 	: 	: 	: 	: 	: 	: 	: 	: 	: 	: 	: 	: 	: 	: 	: 	: 	: 	: 	: 	: 	: 	: 	: 	: 	: 	: 	: 	0.1396 	0.1486 	0.1492 	0.1042 	0.1265 	0.1237 	0.1429 	0.1419 
S,E7000,TOT_KWH,KWH,X_VAT,NAC,RO	: 	: 	: 	: 	: 	: 	: 	: 	: 	: 	: 	: 	: 	: 	: 	: 	: 	: 	: 	: 	: 	: 	: 	: 	: 	: 	: 	: 	: 	0.6266 	1.0444 	1.5108 	0.8410 	0.8230 	0.7473 	0.7770 	0.7867 
S,E7000,TOT_KWH,KWH,X_VAT,NAC,RS	: 	: 	: 	: 	: 	: 	: 	: 	: 	: 	: 	: 	: 	: 	: 	: 	: 	: 	: 	: 	: 	: 	: 	: 	: 	: 	: 	: 	: 	9.7017 	10.5769 	11.8877 	15.2564 	15.7572 	16.6440 	14.9764 	15.5361 
S,E7000,TOT_KWH,KWH,X_VAT,NAC,SE	: 	: 	: 	: 	: 	: 	: 	: 	: 	: 	: 	: 	: 	: 	: 	: 	: 	: 	: 	: 	: 	: 	: 	: 	: 	: 	0.5572 	0.6143 	0.6590 	0.9641 	1.0917 	1.5481 	1.1595 	0.9736 	1.0074 	0.9051 	0.9630 
S,E7000,TOT_KWH,KWH,X_VAT,NAC,SI	: 	: 	: 	: 	: 	: 	: 	: 	: 	: 	: 	: 	: 	: 	: 	: 	: 	: 	: 	: 	: 	: 	: 	: 	: 	: 	: 	: 	: 	0.1037 	0.1521 	0.1921 	0.2160 	0.2041 	0.1670 	: 	: 
S,E7000,TOT_KWH,KWH,X_VAT,NAC,SK	: 	: 	: 	: 	: 	: 	: 	: 	: 	: 	: 	: 	: 	: 	: 	: 	: 	: 	: 	: 	: 	: 	: 	: 	: 	: 	: 	: 	: 	0.1433 	0.2162 	0.2543 	0.2759 	0.2450 	0.1827 	0.2009 	0.1872 
S,E7000,TOT_KWH,KWH,X_VAT,NAC,TR	: 	: 	: 	: 	: 	: 	: 	: 	: 	: 	: 	: 	: 	: 	: 	: 	: 	: 	: 	: 	: 	: 	: 	: 	: 	: 	: 	: 	: 	0.8211 	1.8410 	3.4267 	2.6861 	2.6447 	2.7711 	3.1414 	3.2587 
S,E7000,TOT_KWH,KWH,X_VAT,PPS,AL	: 	: 	: 	: 	: 	: 	: 	: 	: 	: 	: 	: 	: 	: 	: 	: 	: 	: 	: 	: 	: 	: 	: 	: 	: 	: 	: 	: 	: 	0.1990 	0.1998 	0.1998 	0.2010 	0.2014 	0.2036 	0.2048 	0.2253 
S,E7000,TOT_KWH,KWH,X_VAT,PPS,AT	: 	: 	: 	: 	: 	: 	: 	: 	: 	: 	: 	: 	: 	: 	: 	: 	: 	: 	: 	: 	: 	: 	: 	: 	: 	: 	: 	: 	: 	0.1114 	0.1484 	0.1743 	0.2030 	0.1946 	0.1540 	0.1571 	0.1582 
S,E7000,TOT_KWH,KWH,X_VAT,PPS,BA	: 	: 	: 	: 	: 	: 	: 	: 	: 	: 	: 	: 	: 	: 	: 	: 	: 	: 	: 	: 	: 	: 	: 	: 	: 	: 	: 	: 	: 	0.1485 	0.1579 	0.1808 	0.1753 	0.1733 	0.1821 	0.1835 	0.1910 
S,E7000,TOT_KWH,KWH,X_VAT,PPS,BE	: 	: 	: 	: 	: 	: 	: 	: 	: 	: 	: 	: 	: 	: 	: 	: 	: 	: 	: 	: 	: 	: 	: 	: 	: 	: 	: 	: 	: 	0.1226 	0.1666 	0.2097 	0.1833 	0.1601 	0.1306 	0.1380 	0.1485 
S,E7000,TOT_KWH,KWH,X_VAT,PPS,BG	: 	: 	: 	: 	: 	: 	: 	: 	: 	: 	: 	: 	: 	: 	: 	: 	: 	: 	: 	: 	: 	: 	: 	: 	: 	: 	: 	: 	: 	0.2657 	0.2972 	0.3101 	0.2385 	0.2155 	0.1789 	0.2146 	0.1948 
S,E7000,TOT_KWH,KWH,X_VAT,PPS,CY	: 	: 	: 	: 	: 	: 	: 	: 	: 	: 	: 	: 	: 	: 	: 	: 	: 	: 	: 	: 	: 	: 	: 	: 	: 	: 	: 	: 	: 	0.2109 	0.2647 	0.3459 	0.3137 	0.3047 	0.2644 	: 	: 
S,E7000,TOT_KWH,KWH,X_VAT,PPS,CZ	: 	: 	: 	: 	: 	: 	: 	: 	: 	: 	: 	: 	: 	: 	: 	: 	: 	: 	: 	: 	: 	: 	: 	: 	: 	: 	: 	: 	: 	0.1447 	0.2288 	0.2556 	0.2498 	0.2368 	0.2394 	0.2409 	0.2308 
S,E7000,TOT_KWH,KWH,X_VAT,PPS,DE	: 	: 	: 	: 	: 	: 	: 	: 	: 	: 	: 	: 	: 	: 	: 	: 	: 	: 	: 	: 	: 	: 	: 	: 	: 	: 	: 	: 	: 	0.1499 	0.1781 	0.1868 	0.1862 	0.1818 	0.1777 	0.1827 	0.1754 
S,E7000,TOT_KWH,KWH,X_VAT,PPS,DK	: 	: 	: 	: 	: 	: 	: 	: 	: 	: 	: 	: 	: 	: 	: 	: 	: 	: 	: 	: 	: 	: 	: 	: 	: 	: 	: 	: 	: 	0.0987 	0.1297 	0.1886 	0.1101 	0.0935 	0.0851 	0.0980 	0.0982 
S,E7000,TOT_KWH,KWH,X_VAT,PPS,EA	: 	: 	: 	: 	: 	: 	: 	: 	: 	: 	: 	: 	: 	: 	: 	: 	: 	: 	: 	: 	: 	0.0637 	0.0762 	0.0800 	0.0896 	0.0728 	0.0878 	0.0918 	0.1006 	0.1442 	0.1858 	0.2131 	0.2054 	0.1918 	0.1745 	0.1812 	0.1780 
S,E7000,TOT_KWH,KWH,X_VAT,PPS,EE	: 	: 	: 	: 	: 	: 	: 	: 	: 	: 	: 	: 	: 	: 	: 	: 	: 	: 	: 	: 	: 	: 	: 	: 	: 	: 	: 	: 	: 	0.1704 	0.1879 	0.2868 	0.1752 	0.1729 	0.1584 	0.1614 	0.1514 
S,E7000,TOT_KWH,KWH,X_VAT,PPS,EL	: 	: 	: 	: 	: 	: 	: 	: 	: 	: 	: 	: 	: 	: 	: 	: 	: 	: 	: 	: 	: 	: 	: 	: 	: 	: 	: 	: 	: 	0.2041 	0.2266 	0.2727 	0.2256 	0.2043 	0.1903 	0.2285 	0.2289 
S,E7000,TOT_KWH,KWH,X_VAT,PPS,ES	: 	: 	: 	: 	: 	: 	: 	: 	: 	: 	: 	: 	: 	: 	: 	: 	: 	: 	: 	: 	: 	: 	: 	: 	: 	: 	: 	: 	: 	0.1567 	0.2216 	0.2485 	0.1703 	0.1610 	0.1434 	0.1586 	0.1585 
S,E7000,TOT_KWH,KWH,X_VAT,PPS,EU27_2020	: 	: 	: 	: 	: 	: 	: 	: 	: 	: 	: 	: 	: 	: 	: 	: 	: 	: 	: 	: 	: 	0.0637 	0.0762 	0.0800 	0.0896 	0.0728 	0.0658 	0.0722 	0.0851 	0.1472 	0.1924 	0.2271 	0.2173 	0.2025 	0.1825 	0.1896 	0.1846 
S,E7000,TOT_KWH,KWH,X_VAT,PPS,FI	: 	: 	: 	: 	: 	: 	: 	: 	: 	: 	: 	: 	: 	: 	: 	: 	: 	: 	: 	: 	: 	: 	: 	: 	: 	: 	: 	: 	: 	0.0671 	0.0717 	0.1100 	0.0809 	0.0693 	0.0749 	0.0615 	0.0617 
S,E7000,TOT_KWH,KWH,X_VAT,PPS,FR	: 	: 	: 	: 	: 	: 	: 	: 	: 	: 	: 	: 	: 	: 	: 	: 	: 	: 	: 	: 	: 	: 	: 	: 	: 	: 	: 	: 	: 	0.0983 	0.1217 	0.1182 	0.1932 	0.1801 	0.1549 	0.1479 	0.1425 
S,E7000,TOT_KWH,KWH,X_VAT,PPS,HR	: 	: 	: 	: 	: 	: 	: 	: 	: 	: 	: 	: 	: 	: 	: 	: 	: 	: 	: 	: 	: 	: 	: 	: 	: 	: 	: 	: 	: 	0.1766 	0.2453 	0.3724 	0.4202 	0.3332 	0.3199 	0.3246 	0.3110 
S,E7000,TOT_KWH,KWH,X_VAT,PPS,HU	: 	: 	: 	: 	: 	: 	: 	: 	: 	: 	: 	: 	: 	: 	: 	: 	: 	: 	: 	: 	: 	: 	: 	: 	: 	: 	: 	: 	0.1365 	0.1668 	0.2673 	0.4142 	0.4155 	0.3625 	0.2793 	0.3165 	0.2752 
S,E7000,TOT_KWH,KWH,X_VAT,PPS,IE	: 	: 	: 	: 	: 	: 	: 	: 	: 	: 	: 	: 	: 	: 	: 	: 	: 	: 	: 	: 	: 	: 	: 	: 	: 	: 	: 	0.1040 	: 	0.1551 	0.1873 	0.2397 	0.2274 	0.1981 	0.1917 	0.1957 	0.2011 
S,E7000,TOT_KWH,KWH,X_VAT,PPS,IT	: 	: 	: 	: 	: 	: 	: 	: 	: 	: 	: 	: 	: 	: 	: 	: 	: 	: 	: 	: 	: 	: 	: 	: 	: 	: 	: 	: 	: 	0.1912 	0.2648 	0.3458 	0.2734 	0.2464 	0.2286 	0.2467 	0.2499 
S,E7000,TOT_KWH,KWH,X_VAT,PPS,LT	: 	: 	: 	: 	: 	: 	: 	: 	: 	: 	: 	: 	: 	: 	: 	: 	: 	: 	: 	: 	: 	: 	: 	: 	: 	: 	: 	: 	: 	0.1889 	0.2286 	0.3909 	: 	: 	: 	: 	: 
S,E7000,TOT_KWH,KWH,X_VAT,PPS,LU	: 	: 	: 	: 	: 	: 	: 	: 	: 	: 	: 	: 	: 	: 	: 	: 	: 	: 	: 	: 	: 	: 	: 	: 	: 	: 	: 	: 	: 	0.0816 	0.1121 	0.1370 	0.1517 	0.1338 	0.1117 	0.1129 	0.1123 
S,E7000,TOT_KWH,KWH,X_VAT,PPS,LV	: 	: 	: 	: 	: 	: 	: 	: 	: 	: 	: 	: 	: 	: 	: 	: 	: 	: 	: 	: 	: 	: 	: 	: 	: 	: 	: 	: 	: 	: 	: 	: 	: 	: 	: 	0.1961 	: 
S,E7000,TOT_KWH,KWH,X_VAT,PPS,MK	: 	: 	: 	: 	: 	: 	: 	: 	: 	: 	: 	: 	: 	: 	: 	: 	: 	: 	: 	: 	: 	: 	: 	: 	: 	: 	: 	: 	: 	0.2785 	0.3834 	0.6107 	0.3378 	0.2714 	0.2198 	0.2859 	: 
S,E7000,TOT_KWH,KWH,X_VAT,PPS,NL	: 	: 	: 	: 	: 	: 	: 	: 	: 	: 	: 	: 	: 	: 	: 	: 	: 	: 	: 	: 	: 	0.0637 	0.0762 	0.0800 	0.0896 	0.0728 	0.0878 	0.0891 	0.1006 	0.1072 	0.1457 	0.1665 	0.2171 	0.1883 	0.1701 	0.1587 	0.1449 
S,E7000,TOT_KWH,KWH,X_VAT,PPS,NO	: 	: 	: 	: 	: 	: 	: 	: 	: 	: 	: 	: 	: 	: 	: 	: 	: 	: 	: 	: 	: 	: 	: 	: 	: 	: 	: 	: 	: 	0.0549 	0.0649 	0.0921 	0.0648 	0.0511 	0.0525 	0.0426 	0.0465 
S,E7000,TOT_KWH,KWH,X_VAT,PPS,PL	: 	: 	: 	: 	: 	: 	: 	: 	: 	: 	: 	: 	: 	: 	: 	: 	: 	: 	: 	: 	: 	: 	: 	: 	: 	: 	: 	: 	: 	0.1882 	0.2498 	0.2973 	0.3571 	0.3416 	0.2883 	0.2983 	0.2795 
S,E7000,TOT_KWH,KWH,X_VAT,PPS,PT	: 	: 	: 	: 	: 	: 	: 	: 	: 	: 	: 	: 	: 	: 	: 	: 	: 	: 	: 	: 	: 	: 	: 	: 	: 	: 	: 	: 	: 	0.1630 	0.1735 	0.1743 	0.1219 	0.1500 	0.1496 	0.1736 	0.1721 
S,E7000,TOT_KWH,KWH,X_VAT,PPS,RO	: 	: 	: 	: 	: 	: 	: 	: 	: 	: 	: 	: 	: 	: 	: 	: 	: 	: 	: 	: 	: 	: 	: 	: 	: 	: 	: 	: 	: 	0.2395 	0.3787 	0.5478 	0.3049 	0.2984 	0.2658 	0.2741 	0.2651 
S,E7000,TOT_KWH,KWH,X_VAT,PPS,RS	: 	: 	: 	: 	: 	: 	: 	: 	: 	: 	: 	: 	: 	: 	: 	: 	: 	: 	: 	: 	: 	: 	: 	: 	: 	: 	: 	: 	: 	0.1515 	0.1652 	0.1860 	0.2262 	0.2301 	0.2317 	0.2098 	0.2160 
S,E7000,TOT_KWH,KWH,X_VAT,PPS,SE	: 	: 	: 	: 	: 	: 	: 	: 	: 	: 	: 	: 	: 	: 	: 	: 	: 	: 	: 	: 	: 	: 	: 	: 	: 	: 	0.0421 	0.0464 	0.0501 	0.0733 	0.0830 	0.1177 	0.0861 	0.0721 	0.0741 	0.0670 	0.0716 
S,E7000,TOT_KWH,KWH,X_VAT,PPS,SI	: 	: 	: 	: 	: 	: 	: 	: 	: 	: 	: 	: 	: 	: 	: 	: 	: 	: 	: 	: 	: 	: 	: 	: 	: 	: 	: 	: 	: 	0.1222 	0.1794 	0.2261 	0.2513 	0.2406 	0.1929 	: 	: 
S,E7000,TOT_KWH,KWH,X_VAT,PPS,SK	: 	: 	: 	: 	: 	: 	: 	: 	: 	: 	: 	: 	: 	: 	: 	: 	: 	: 	: 	: 	: 	: 	: 	: 	: 	: 	: 	: 	: 	0.1771 	0.2671 	0.3160 	0.3330 	0.3090 	0.2256 	0.2511 	0.2335 
S,E7000,TOT_KWH,KWH,X_VAT,PPS,TR	: 	: 	: 	: 	: 	: 	: 	: 	: 	: 	: 	: 	: 	: 	: 	: 	: 	: 	: 	: 	: 	: 	: 	: 	: 	: 	: 	: 	: 	0.1970 	0.4417 	0.4725 	0.3620 	0.3564 	0.2485 	0.1736 	0.1801 
